{
  "updated": "2025-09-26",
  "notes": "Orden norte→sur. IDs en slug sin tildes ni caracteres especiales.",
  "stations_order": [
    {"id":"chimpu-ocllo","name":"Chimpu Ocllo"},
    {"id":"san-felipe","name":"San Felipe"},
    {"id":"san-carlos","name":"San Carlos"},
    {"id":"la-alborada","name":"La Alborada"},
    {"id":"los-incas","name":"Los Incas"},
    {"id":"sangarara","name":"Sangarará"},
    {"id":"jamaica","name":"Jamaica"},
    {"id":"micaela-bastidas","name":"Micaela Bastidas"},
    {"id":"andres-belaunde","name":"Andrés Belaunde"},
    {"id":"los-angeles","name":"Los Ángeles"},
    {"id":"veintidos-de-agosto","name":"Veintidós de Agosto"},
    {"id":"jose-pagador","name":"José Pagador"},
    {"id":"las-vegas","name":"Las Vegas"},
    {"id":"universitaria","name":"Universitaria"},
    {"id":"universidad","name":"Universidad"},
    {"id":"maestro-peruano","name":"Maestro Peruano"},
    {"id":"los-platinos","name":"Los Platinos"},
    {"id":"santa-ligia","name":"Santa Ligia"},
    {"id":"naranjal","name":"Naranjal"},
    {"id":"izaguirre","name":"Izaguirre"},
    {"id":"pacifico","name":"Pacífico"},
    {"id":"independencia","name":"Independencia"},
    {"id":"los-jazmines","name":"Los Jazmines"},
    {"id":"tomas-valle","name":"Tomás Valle"},
    {"id":"el-milagro","name":"El Milagro"},
    {"id":"honorio-delgado","name":"Honorio Delgado"},
    {"id":"uni","name":"UNI"},
    {"id":"parque-del-trabajo","name":"Parque del Trabajo"},
    {"id":"caqueta","name":"Caquetá"},
    {"id":"ramon-castilla","name":"Ramón Castilla"},
    {"id":"dos-de-mayo","name":"Dos de Mayo"},
    {"id":"tacna","name":"Tacna"},
    {"id":"quilca","name":"Quilca"},
    {"id":"jiron-de-la-union","name":"Jirón de la Unión"},
    {"id":"espana","name":"España"},
    {"id":"colmena","name":"Colmena"},
    {"id":"estacion-central","name":"Estación Central"},
    {"id":"estadio-nacional","name":"Estadio Nacional"},
    {"id":"mexico","name":"México"},
    {"id":"canada","name":"Canadá"},
    {"id":"javier-prado","name":"Javier Prado"},
    {"id":"canaval-y-moreyra","name":"Canaval y Moreyra"},
    {"id":"aramburu","name":"Aramburú"},
    {"id":"domingo-orue","name":"Domingo Orué"},
    {"id":"angamos","name":"Angamos"},
    {"id":"ricardo-palma","name":"Ricardo Palma"},
    {"id":"benavides","name":"Benavides"},
    {"id":"28-de-julio","name":"28 de Julio"},
    {"id":"plaza-de-flores","name":"Plaza de Flores"},
    {"id":"balta","name":"Balta"},
    {"id":"bulevar","name":"Bulevar"},
    {"id":"estadio-union","name":"Estadio Unión"},
    {"id":"escuela-militar","name":"Escuela Militar"},
    {"id":"fernando-teran","name":"Fernando Terán"},
    {"id":"rosario-de-villa","name":"Rosario de Villa"},
    {"id":"matellini","name":"Matellini"}
  ]
}
