[{"stopId":793529,"stopName":"Riva Agüero","stopTypeGroup":"bus","stopLat":-12.0596561,"stopLon":-77.0079401,"routeNames":"2404-(Lima-Callao) 4501 4502 4504 4505-(Lima-Ricardo-Palma) 4506 4507 5401 8214 8502 8503 8504 8505 8506 8510 8511 9802-(Lima-Callao) EO44 IM06 IO55 NH108 OM34 OM75-(Callao-Ricardo-Palma)"},{"stopId":815034,"stopName":"Mercado","stopTypeGroup":"bus","stopLat":-12.0595867,"stopLon":-77.0759931,"routeNames":"1502-(Lima-Callao) 4501 4505-(Lima-Ricardo-Palma) 4506 4901-(Lima-Callao) 4902-(Lima-Callao) 4904-(Lima-Callao) 7504 8504 8511 CR05 CR30 CR47 CR48 CR52 CR78 EO44 IM55 IO50 IO66 OM75-(Callao-Ricardo-Palma)"},{"stopId":1037472,"stopName":"Grau","stopTypeGroup":"bus","stopLat":-12.0595682,"stopLon":-77.0313638,"routeNames":"8520"},{"stopId":817692,"stopName":"Plaza Bolognesi","stopTypeGroup":"bus","stopLat":-12.0595054,"stopLon":-77.0417681,"routeNames":"1404 1612 1701 1702 1706 2204 2406 2411 2511-(Lima-Callao) 3505 4204 4502 4504 4507 5401 8201 8214 8306 8503 8523 9405-(Lima-Callao) 9601-(Lima-Callao) 9602-(Lima-Callao) 9801-(Lima-Callao) 9802-(Lima-Callao) IM22 IO19 IO27 IO44b IO47 IO5"},{"stopId":793649,"stopName":"Riva Agüero","stopTypeGroup":"bus","stopLat":-12.0594935,"stopLon":-77.0076612,"routeNames":"4501 4502 4504 4505-(Lima-Ricardo-Palma) 4506 4507 5401 8214 8502 8503 8504 8506 8510 8511 9802-(Lima-Callao) EO44 IM06 IO55 NH108 OM34 OM75-(Callao-Ricardo-Palma)"},{"stopId":867713,"stopName":"Grau","stopTypeGroup":"bus","stopLat":-12.059365,"stopLon":-77.0297545,"routeNames":"1044 1059 1060 1103 1403 1474 1610 1804 2404-(Lima-Callao) 2407 2409 2412 2701-(Lima-Callao) 2703 3405 3511 3805 3809 3810 405 4304 4913-(Lima-Callao) 8308 IM26 IM34b NH25 NH25a NH26b NM09"},{"stopId":734603,"stopName":"Abancay","stopTypeGroup":"bus","stopLat":-12.0592221,"stopLon":-77.0306383,"routeNames":"1051 2406 2411 3502 4405 4501 4502 4504 4505-(Lima-Ricardo-Palma) 4506 4507 4512 4703 5401 8214 8502 8503 8504 8506 8510 8511 9802-(Lima-Callao) CR37 EO44 IM06 IO55 IO63 IO66 NH108 OM75-(Callao-Ricardo-Palma)"},{"stopId":815096,"stopName":"Mercado","stopTypeGroup":"bus","stopLat":-12.0591985,"stopLon":-77.075159,"routeNames":"1502-(Lima-Callao) 4210-(Lima-Callao) 4501 4505-(Lima-Ricardo-Palma) 4506 4901-(Lima-Callao) 4904-(Lima-Callao) 8504 8511 CR05 CR30 CR47 CR48 CR52 CR78 EO44 IM55 IO63 IO66 OM75-(Callao-Ricardo-Palma)"},{"stopId":1071812,"stopName":"Venezuela","stopTypeGroup":"bus","stopLat":-12.059171,"stopLon":-77.0757368,"routeNames":"018p 1031 1103 1201 1278-(Lima-Callao) 1503 1504 1506 1513 1514 1518 1604 1611 1615 1704 1901-(Lima-Callao) 2408 2513 2613 3205 4205 4206 4210-(Lima-Callao) 4513 7103 8104 ICR14 IM04 IM11 IM21 IM24 IM40 IM57 IO44b IO63 SH24a"},{"stopId":737402,"stopName":"Puerta 2 UNMSM","stopTypeGroup":"bus","stopLat":-12.0591303,"stopLon":-77.0793593,"routeNames":"018p 1031 1103 1201 1278-(Lima-Callao) 1503 1504 1506 1513 1514 1518 1604 1611 1615 1704 1901-(Lima-Callao) 2408 2513 2613 3205 4205 4206 4210-(Lima-Callao) 4513 7103 8104 ICR14 IM04 IM11 IM21 IM24 IM40 IM57 IO44b IO63 SH24a"},{"stopId":734619,"stopName":"Abancay","stopTypeGroup":"bus","stopLat":-12.0591212,"stopLon":-77.0306504,"routeNames":"1051 2406 2411 3502 4405 4501 4502 4504 4505-(Lima-Ricardo-Palma) 4506 4507 4512 4703 5401 8214 8502 8503 8504 8506 8510 8511 9802-(Lima-Callao) CR37 EO44 IM06 IO55 IO63 IO66 NH108 OM75-(Callao-Ricardo-Palma)"},{"stopId":950928,"stopName":"Arica","stopTypeGroup":"bus","stopLat":-12.0590875,"stopLon":-77.0459543,"routeNames":"1346-(Lima-Callao) 2303 4210-(Lima-Callao) 9303-(Lima-Callao) IM56"},{"stopId":1196241,"stopName":"Centenario","stopTypeGroup":"bus","stopLat":-12.0590652,"stopLon":-77.0574282,"routeNames":"8515 IO50"},{"stopId":1781292,"stopName":"Abancay (Auxiliar)","stopTypeGroup":"bus","stopLat":-12.0589341,"stopLon":-77.0297329,"routeNames":"4908-(Lima-Callao) 8513"},{"stopId":815043,"stopName":"Municipalidad","stopTypeGroup":"bus","stopLat":-12.0589336,"stopLon":-77.0459765,"routeNames":"1346-(Lima-Callao) 1618 3502 4210-(Lima-Callao) 4501 4505-(Lima-Ricardo-Palma) 4506 4901-(Lima-Callao) 4904-(Lima-Callao) 7204 8504 8505 8508 8511 8515 9303-(Lima-Callao) CR35 EO44 IM06 IM55 IO28b IO30b IO45 IO50 IO63 OM21 OM75-(Callao-"},{"stopId":815084,"stopName":"Municipalidad","stopTypeGroup":"bus","stopLat":-12.0589179,"stopLon":-77.0457512,"routeNames":"1618 3502 4501 4505-(Lima-Ricardo-Palma) 4506 4901-(Lima-Callao) 4904-(Lima-Callao) 7204 8504 8505 8508 8511 8515 EO44 IM06 IM55 IO28b IO30b IO45 IO50 IO63 OM21 OM75-(Callao-Ricardo-Palma)"},{"stopId":734593,"stopName":"Grau","stopTypeGroup":"bus","stopLat":-12.0588025,"stopLon":-77.0299584,"routeNames":"1044 1059 1060 1103 1403 1474 1610 1804 2404-(Lima-Callao) 2407 2409 2412 2701-(Lima-Callao) 2703 3405 3511 3805 3809 3810 404 405 406 4304 4908-(Lima-Callao) 4913-(Lima-Callao) 8308 8520 IM26 IM34b NH13 NH25 NH25a NH26b NM09"},{"stopId":1781293,"stopName":"Andahuaylas (Auxiliar)","stopTypeGroup":"bus","stopLat":-12.0587625,"stopLon":-77.0261381,"routeNames":"4908-(Lima-Callao) 8618"},{"stopId":815035,"stopName":"Palomino","stopTypeGroup":"bus","stopLat":-12.0587474,"stopLon":-77.071951,"routeNames":"1502-(Lima-Callao) 4210-(Lima-Callao) 4501 4505-(Lima-Ricardo-Palma) 4506 4901-(Lima-Callao) 4904-(Lima-Callao) 8504 8511 CR05 CR30 CR47 CR48 CR52 CR78 EO44 IM55 IO63 IO66 OM75-(Callao-Ricardo-Palma)"},{"stopId":734604,"stopName":"Andahuaylas","stopTypeGroup":"bus","stopLat":-12.0586398,"stopLon":-77.0261362,"routeNames":"1051 2406 2411 3502 4405 4501 4502 4504 4505-(Lima-Ricardo-Palma) 4506 4507 4512 4703 5401 8214 8502 8503 8504 8506 8510 8511 9802-(Lima-Callao) CR37 EO44 IM06 IO55 IO63 IO66 NH108 OM75-(Callao-Ricardo-Palma)"},{"stopId":1071782,"stopName":"Junín","stopTypeGroup":"bus","stopLat":-12.0586123,"stopLon":-77.0072782,"routeNames":"1053 1057 1061 2404-(Lima-Callao) 2408 3203-(Lima-Callao) 3205 3404 3502 3611 3702 3813 3814 4503 4513 4611 4614 4902-(Lima-Callao) 8302 IM24 NH112a"},{"stopId":734618,"stopName":"Andahuaylas","stopTypeGroup":"bus","stopLat":-12.0585559,"stopLon":-77.0261335,"routeNames":"1051 2406 2411 3502 4405 4501 4502 4504 4505-(Lima-Ricardo-Palma) 4506 4507 4512 4703 5401 8214 8502 8503 8504 8506 8510 8511 9802-(Lima-Callao) CR37 EO44 IM06 IO55 IO63 IO66 NH108 OM75-(Callao-Ricardo-Palma)"},{"stopId":950929,"stopName":"Jorge Chávez","stopTypeGroup":"bus","stopLat":-12.0585366,"stopLon":-77.0473169,"routeNames":"1346-(Lima-Callao) 1618 2303 3502 4210-(Lima-Callao) 4501 4505-(Lima-Ricardo-Palma) 4506 4901-(Lima-Callao) 4904-(Lima-Callao) 7204 8504 8508 8511 8515 9303-(Lima-Callao) CR35 EO44 IM06 IM55 IM56 IO28b IO30b IO45 IO50 IO63 OM21 OM75-(Call"},{"stopId":815085,"stopName":"Jorge Chávez","stopTypeGroup":"bus","stopLat":-12.0585165,"stopLon":-77.0470601,"routeNames":"1346-(Lima-Callao) 1618 2303 3502 4210-(Lima-Callao) 4501 4505-(Lima-Ricardo-Palma) 4506 4901-(Lima-Callao) 4904-(Lima-Callao) 7204 8504 8505 8508 8511 8515 9303-(Lima-Callao) EO44 IM06 IM55 IM56 IO28b IO30b IO45 IO50 IO63 OM21 OM75-(Call"},{"stopId":1681946,"stopName":"Riva Agüero","stopTypeGroup":"bus","stopLat":-12.0584772,"stopLon":-77.0075458,"routeNames":"3502"},{"stopId":1781291,"stopName":"Andahuaylas (Auxiliar)","stopTypeGroup":"bus","stopLat":-12.0584366,"stopLon":-77.0261374,"routeNames":"4908-(Lima-Callao) 8513"},{"stopId":815094,"stopName":"Palomino","stopTypeGroup":"bus","stopLat":-12.0584011,"stopLon":-77.0719376,"routeNames":"1502-(Lima-Callao) 4210-(Lima-Callao) 4501 4505-(Lima-Ricardo-Palma) 4506 4901-(Lima-Callao) 4904-(Lima-Callao) 8504 8511 CR05 CR30 CR47 CR48 CR52 CR78 EO44 IM55 IO63 IO66 OM75-(Callao-Ricardo-Palma)"},{"stopId":817744,"stopName":"España","stopTypeGroup":"bus","stopLat":-12.0583933,"stopLon":-77.0415951,"routeNames":"1404 1612 1701 1702 1706 2204 2406 2411 2511-(Lima-Callao) 3505 4204 4502 4507 5401 8201 8214 8306 8503 8523 9405-(Lima-Callao) 9601-(Lima-Callao) 9602-(Lima-Callao) 9801-(Lima-Callao) 9802-(Lima-Callao) IM22 IO19 IO27 IO44b IO47 IO55 NH1"},{"stopId":1017551,"stopName":"Grau","stopTypeGroup":"bus","stopLat":-12.0583235,"stopLon":-77.0217461,"routeNames":"1046 1602 2603 2604 2702 3603 3607 3610 3613 CR12 CR43"},{"stopId":1044630,"stopName":"Antenor Orrego","stopTypeGroup":"bus","stopLat":-12.0583087,"stopLon":-77.0583054,"routeNames":"1505 1508 2204 2510 3502 3906-(Lima-Callao) 4503 7505 9306-(Callao-Lima) CR17 CR62 IM47 IO35b IO38b IO52 IPC06"},{"stopId":1781294,"stopName":"Abtao (Auxiliar)","stopTypeGroup":"bus","stopLat":-12.0583042,"stopLon":-77.0226472,"routeNames":"4908-(Lima-Callao) 9605"},{"stopId":734600,"stopName":"Estación Central","stopTypeGroup":"bus","stopLat":-12.0582595,"stopLon":-77.0363635,"routeNames":"406"},{"stopId":1300833,"stopName":"Pronoepsa Portugal","stopTypeGroup":"bus","stopLat":-12.0582175,"stopLon":-77.047154,"routeNames":"8505"},{"stopId":734605,"stopName":"Abtao","stopTypeGroup":"bus","stopLat":-12.0581965,"stopLon":-77.022652,"routeNames":"1051 2406 2411 3502 4405 4501 4502 4504 4505-(Lima-Ricardo-Palma) 4506 4507 4512 4703 5401 8214 8502 8503 8504 8506 8510 8511 9802-(Lima-Callao) CR37 EO44 IM06 IO55 IO63 IO66 NH108 OM34 OM75-(Callao-Ricardo-Palma)"},{"stopId":816465,"stopName":"Grau","stopTypeGroup":"bus","stopLat":-12.0581493,"stopLon":-77.0247173,"routeNames":"9605"},{"stopId":1044573,"stopName":"Antenor Orrego","stopTypeGroup":"bus","stopLat":-12.0581179,"stopLon":-77.0583228,"routeNames":"1505 1508 2204 2510 3502 3906-(Lima-Callao) 4503 7505 9306-(Callao-Lima) CR17 CR62 IM47 IO35b IO38b IO52 IPC06"},{"stopId":734617,"stopName":"Abtao","stopTypeGroup":"bus","stopLat":-12.0581139,"stopLon":-77.0226507,"routeNames":"1051 2406 2411 3502 4405 4501 4502 4504 4505-(Lima-Ricardo-Palma) 4506 4507 4512 4703 5401 8214 8502 8503 8504 8506 8510 8511 9802-(Lima-Callao) CR37 EO44 IM06 IO55 IO63 IO66 NH108 OM75-(Callao-Ricardo-Palma)"},{"stopId":815590,"stopName":"Estación Central","stopTypeGroup":"bus","stopLat":-12.0581074,"stopLon":-77.0361006,"routeNames":"A B C D EX1 EX10 EX11 EX12 EX5 EX6 EX7 EX8 SXN"},{"stopId":1616988,"stopName":"España","stopTypeGroup":"bus","stopLat":-12.0580995,"stopLon":-77.0392281,"routeNames":"406 4504 CR35 IO66"},{"stopId":815591,"stopName":"Estación Central","stopTypeGroup":"bus","stopLat":-12.058089,"stopLon":-77.0357037,"routeNames":"A B C D EX1 EX11 EX5 EX8 EX9 SXN"},{"stopId":732432,"stopName":"España","stopTypeGroup":"bus","stopLat":-12.0580706,"stopLon":-77.0379835,"routeNames":"301 303 305 336"},{"stopId":1017611,"stopName":"Grau","stopTypeGroup":"bus","stopLat":-12.0580372,"stopLon":-77.0242757,"routeNames":"1046 1602 2603 2607 2608 2609 2611 2702 3603 3607 3610 3613 CR12 CR43 OM34"},{"stopId":1781290,"stopName":"Abtao (Auxiliar)","stopTypeGroup":"bus","stopLat":-12.0579938,"stopLon":-77.0226794,"routeNames":"4908-(Lima-Callao) 8513 9605"},{"stopId":950945,"stopName":"Tacora","stopTypeGroup":"bus","stopLat":-12.0579804,"stopLon":-77.0143348,"routeNames":"1047 1346-(Lima-Callao) 2303 3507 3701 3815 5303 9303-(Lima-Callao) 9605 IM56 IO37b-(Callao-Lima) OM42-(Callao-Lima)"},{"stopId":1307157,"stopName":"Grau","stopTypeGroup":"bus","stopLat":-12.0578923,"stopLon":-77.0184624,"routeNames":"1055 1607 1608 1703-(Lima-Callao) 8505"},{"stopId":815036,"stopName":"Elio","stopTypeGroup":"bus","stopLat":-12.0578346,"stopLon":-77.0680404,"routeNames":"1502-(Lima-Callao) 4210-(Lima-Callao) 4501 4505-(Lima-Ricardo-Palma) 4506 8504 8511 CR05 CR30 CR47 CR48 CR52 CR78 EO44 IO63 IO66 OM75-(Callao-Ricardo-Palma)"},{"stopId":734576,"stopName":"Montevideo","stopTypeGroup":"bus","stopLat":-12.0578214,"stopLon":-77.0302346,"routeNames":"404 406 8520 NH13"},{"stopId":1196322,"stopName":"Independencia","stopTypeGroup":"bus","stopLat":-12.0577977,"stopLon":-77.0529043,"routeNames":"8515 IO50"},{"stopId":761234,"stopName":"Lavandería","stopTypeGroup":"bus","stopLat":-12.0577926,"stopLon":-77.0975018,"routeNames":"1491 1501-(Lima-Callao) 2511-(Lima-Callao) 3203-(Lima-Callao) 4902-(Lima-Callao) CR13 CR14 CR15 CR16 CR17 CR19 CR27 CR32 CR34 CR35 CR42 CR49 CR51 CR53 CR62 CR65 CR69 CR71 CR75 CR84 ICR05 IM18 IM26 IM31 IM47 IO03 IO06 IO07 IO09 IO14-(Lima-Ca"},{"stopId":816476,"stopName":"Grau","stopTypeGroup":"bus","stopLat":-12.05779,"stopLon":-77.0172796,"routeNames":"1346-(Lima-Callao) 2303 2404-(Lima-Callao) 2607 2608 2609 2611 2803 3507 3815 3816 4623 5303 8513 9303-(Lima-Callao) 9605 IM56 IO37b-(Callao-Lima) OM42-(Callao-Lima)"},{"stopId":815093,"stopName":"Elio","stopTypeGroup":"bus","stopLat":-12.057647,"stopLon":-77.0681128,"routeNames":"1502-(Lima-Callao) 4210-(Lima-Callao) 4501 4505-(Lima-Ricardo-Palma) 4506 8504 8511 CR05 CR30 CR47 CR48 CR52 CR78 EO44 IO63 IO66 OM75-(Callao-Ricardo-Palma)"},{"stopId":1781295,"stopName":"Huánuco (Auxiliar)","stopTypeGroup":"bus","stopLat":-12.0576378,"stopLon":-77.0175298,"routeNames":"4908-(Lima-Callao) 9605"},{"stopId":732407,"stopName":"España","stopTypeGroup":"bus","stopLat":-12.0576195,"stopLon":-77.0382062,"routeNames":"301 303 305 336"},{"stopId":734606,"stopName":"Huánuco","stopTypeGroup":"bus","stopLat":-12.0575456,"stopLon":-77.0175505,"routeNames":"1051 2406 2411 3502 4405 4501 4502 4504 4505-(Lima-Ricardo-Palma) 4506 4507 4512 4703 5401 8214 8502 8503 8504 8506 8510 8511 9802-(Lima-Callao) CR37 EO44 IM06 IO55 IO63 IO66 NH108 OM34 OM75-(Callao-Ricardo-Palma)"},{"stopId":816479,"stopName":"Paruro","stopTypeGroup":"bus","stopLat":-12.0574831,"stopLon":-77.0255327,"routeNames":"9605"},{"stopId":793652,"stopName":"Huánuco","stopTypeGroup":"bus","stopLat":-12.0574502,"stopLon":-77.017297,"routeNames":"1051 2406 2411 3502 3816 4405 4501 4502 4504 4505-(Lima-Ricardo-Palma) 4506 4507 4512 4703 5401 8214 8502 8503 8504 8506 8510 8511 9802-(Lima-Callao) CR37 EO44 IM06 IO55 IO63 IO66 NH108 OM34 OM75-(Callao-Ricardo-Palma)"},{"stopId":1160782,"stopName":"Miguel Grau","stopTypeGroup":"bus","stopLat":-12.0574141,"stopLon":-77.0195062,"routeNames":"1055 1607 1608 1703-(Lima-Callao) 2604 2803 3816 4623"},{"stopId":793528,"stopName":"Manzanilla","stopTypeGroup":"bus","stopLat":-12.0573584,"stopLon":-77.010676,"routeNames":"2404-(Lima-Callao) 4501 4502 4504 4505-(Lima-Ricardo-Palma) 4506 4507 5401 8214 8502 8503 8504 8505 8506 8510 8511 9802-(Lima-Callao) EO44 IM06 IO55 NH108 OM34 OM75-(Callao-Ricardo-Palma)"},{"stopId":1781289,"stopName":"Huánuco (Auxiliar)","stopTypeGroup":"bus","stopLat":-12.0573508,"stopLon":-77.0173709,"routeNames":"4908-(Lima-Callao)"},{"stopId":1318331,"stopName":"Elio","stopTypeGroup":"bus","stopLat":-12.0573467,"stopLon":-77.0686305,"routeNames":"4901-(Lima-Callao) 4904-(Lima-Callao) IM55"},{"stopId":815086,"stopName":"Aguarico","stopTypeGroup":"bus","stopLat":-12.0572654,"stopLon":-77.05129,"routeNames":"1346-(Lima-Callao) 1618 2303 3502 4210-(Lima-Callao) 4501 4505-(Lima-Ricardo-Palma) 4506 4901-(Lima-Callao) 4904-(Lima-Callao) 7204 8504 8505 8508 8511 8515 9303-(Lima-Callao) EO44 IM06 IM55 IM56 IO28b IO30b IO45 IO50 IO63 OM21 OM75-(Call"},{"stopId":816464,"stopName":"Montevideo","stopTypeGroup":"bus","stopLat":-12.057226,"stopLon":-77.0261711,"routeNames":"9605"},{"stopId":816410,"stopName":"España","stopTypeGroup":"bus","stopLat":-12.0571998,"stopLon":-77.0417976,"routeNames":"B D EX5 EX9 SXN"},{"stopId":2037119,"stopName":"Terminal Cruzero Express - Lima","stopTypeGroup":"bus","stopLat":-12.057149944251126,"stopLon":-77.03190565109254},{"stopId":815037,"stopName":"Canziani","stopTypeGroup":"bus","stopLat":-12.0570791,"stopLon":-77.0640975,"routeNames":"1502-(Lima-Callao) 4210-(Lima-Callao) 4501 4505-(Lima-Ricardo-Palma) 4506 8504 8511 CR05 CR30 CR47 CR48 CR52 CR78 EO44 IO63 IO66 OM75-(Callao-Ricardo-Palma)"},{"stopId":736387,"stopName":"Moncloa y Cobarrubias","stopTypeGroup":"bus","stopLat":-12.0570529,"stopLon":-77.0759153,"routeNames":"018p 1031 1103 1201 1278-(Lima-Callao) 1503 1504 1506 1513 1514 1518 1604 1611 1615 1704 1901-(Lima-Callao) 2408 2513 2613 3205 4205 4206 4210-(Lima-Callao) 4513 7103 8104 ICR14 IM04 IM11 IM21 IM24 IM40 IM57 IO44b IO63 SH24a"},{"stopId":815041,"stopName":"Napo","stopTypeGroup":"bus","stopLat":-12.0570424,"stopLon":-77.0523441,"routeNames":"1346-(Lima-Callao) 1502-(Lima-Callao) 1505 1618 2303 3502 3906-(Lima-Callao) 4210-(Lima-Callao) 4501 4505-(Lima-Ricardo-Palma) 4506 4901-(Lima-Callao) 4904-(Lima-Callao) 7204 8504 8508 8511 8515 9303-(Lima-Callao) 9306-(Callao-Lima)"},{"stopId":737403,"stopName":"Puerta 3 UNMSM","stopTypeGroup":"bus","stopLat":-12.0570162,"stopLon":-77.0799333,"routeNames":"018p 1031 1103 1201 1278-(Lima-Callao) 1503 1504 1506 1513 1514 1518 1604 1611 1615 1704 1901-(Lima-Callao) 2408 2513 2613 3205 4205 4206 4210-(Lima-Callao) 4513 7103 8104 ICR14 IM04 IM11 IM21 IM24 IM40 IM57 IO44b IO63 SH24a"},{"stopId":1326235,"stopName":"Miguel Grau","stopTypeGroup":"bus","stopLat":-12.056906,"stopLon":-77.0144928,"routeNames":"1047 3701"},{"stopId":815092,"stopName":"Canziani","stopTypeGroup":"bus","stopLat":-12.0568273,"stopLon":-77.0636094,"routeNames":"1502-(Lima-Callao) 4210-(Lima-Callao) 4501 4505-(Lima-Ricardo-Palma) 4506 8504 8511 CR05 CR30 CR47 CR48 CR52 CR78 EO44 IO63 IO66 OM75-(Callao-Ricardo-Palma)"},{"stopId":793526,"stopName":"Aviación","stopTypeGroup":"bus","stopLat":-12.0568014,"stopLon":-77.014944,"routeNames":"1051 1346-(Lima-Callao) 2303 2404-(Lima-Callao) 2406 2411 3502 3507 3816 4405 4501 4502 4504 4505-(Lima-Ricardo-Palma) 4506 4507 4512 4703 4908-(Lima-Callao) 5303 5401 8214 8502 8503 8504 8505 8506 8510 8511 9303-(Lima-Callao) 9605 9802-(Li"},{"stopId":966010,"stopName":"Leticia","stopTypeGroup":"bus","stopLat":-12.0567991,"stopLon":-77.0300877,"routeNames":"1044 1059 1060 1103 1403 1474 1610 1804 2404-(Lima-Callao) 2407 2409 2412 2701-(Lima-Callao) 2703 3405 3511 3805 3809 3810 4304 4908-(Lima-Callao) 4913-(Lima-Callao) 8308 IM26 IM34b NH13 NH25 NH25a NH26b NM09"},{"stopId":1043886,"stopName":"Naciones Unidas","stopTypeGroup":"bus","stopLat":-12.0566204,"stopLon":-77.0616798,"routeNames":"1502-(Lima-Callao) 4210-(Lima-Callao) 4501 4505-(Lima-Ricardo-Palma) 4506 8504 8511 CR05 CR30 CR47 CR48 CR52 CR78 EO44 IO63 IO66 OM75-(Callao-Ricardo-Palma)"},{"stopId":966015,"stopName":"Leticia","stopTypeGroup":"bus","stopLat":-12.0565813,"stopLon":-77.0302563,"routeNames":"1044 1059 1060 1103 1403 1474 1610 1804 2404-(Lima-Callao) 2407 2409 2412 2701-(Lima-Callao) 2703 3405 3511 3805 3809 3810 4304 4908-(Lima-Callao) 4913-(Lima-Callao) 8308 IM26 IM34b NH13 NH25 NH25a NH26b NM09"},{"stopId":1043891,"stopName":"Varela","stopTypeGroup":"bus","stopLat":-12.0565702,"stopLon":-77.0461,"routeNames":"1502-(Lima-Callao) 1505 3906-(Lima-Callao) 9306-(Callao-Lima) CR05 CR30 CR47 CR48 CR52 CR78 IO52 IO66"},{"stopId":793651,"stopName":"Aviación","stopTypeGroup":"bus","stopLat":-12.0564613,"stopLon":-77.0147476,"routeNames":"1047 1051 1346-(Lima-Callao) 2303 2406 2411 3502 3507 3701 3815 3816 4405 4501 4502 4504 4505-(Lima-Ricardo-Palma) 4506 4507 4512 4703 4908-(Lima-Callao) 5303 5401 8214 8503 8504 8506 8510 8511 9303-(Lima-Callao) 9802-(Lima-Callao) CR37 EO4"},{"stopId":1308422,"stopName":"Huánuco","stopTypeGroup":"bus","stopLat":-12.0564024,"stopLon":-77.0179528,"routeNames":"1055 1607 1608 1703-(Lima-Callao) 3816"},{"stopId":1196242,"stopName":"Arica","stopTypeGroup":"bus","stopLat":-12.0563903,"stopLon":-77.0550873,"routeNames":"8515 IO50"},{"stopId":815091,"stopName":"Naciones Unidas","stopTypeGroup":"bus","stopLat":-12.0563814,"stopLon":-77.0613027,"routeNames":"1502-(Lima-Callao) 4210-(Lima-Callao) 4501 4505-(Lima-Ricardo-Palma) 4506 8504 8511 CR05 CR30 CR47 CR48 CR52 CR78 EO44 IO63 IO66 OM75-(Callao-Ricardo-Palma)"},{"stopId":793527,"stopName":"Raymondi","stopTypeGroup":"bus","stopLat":-12.0563669,"stopLon":-77.0128754,"routeNames":"2404-(Lima-Callao) 4501 4502 4504 4505-(Lima-Ricardo-Palma) 4506 4507 5401 8214 8502 8503 8504 8505 8506 8510 8511 9802-(Lima-Callao) EO44 IM06 IO55 NH108 OM34 OM75-(Callao-Ricardo-Palma)"},{"stopId":1071837,"stopName":"El Pino","stopTypeGroup":"bus","stopLat":-12.0563612,"stopLon":-77.0053441,"routeNames":"1053 1057 1061 2404-(Lima-Callao) 2408 3203-(Lima-Callao) 3205 3404 3502 3611 3702 3813 3814 4503 4513 4611 4614 4902-(Lima-Callao) 8302 IM24 NH112a"},{"stopId":1043894,"stopName":"Alfonso Ugarte","stopTypeGroup":"bus","stopLat":-12.0562217,"stopLon":-77.0421809,"routeNames":"1502-(Lima-Callao) 1505 3906-(Lima-Callao) 9306-(Callao-Lima) CR05 CR30 CR47 CR48 CR52 CR78 IO52 IO66"},{"stopId":950911,"stopName":"Venezuela","stopTypeGroup":"bus","stopLat":-12.0562187,"stopLon":-77.061629,"routeNames":"1346-(Lima-Callao) 1618 2303 4901-(Lima-Callao) 4904-(Lima-Callao) 7204 9303-(Lima-Callao) IM06 IM55 IM56 IO28b IO30b OM21"},{"stopId":1071780,"stopName":"Cáceres","stopTypeGroup":"bus","stopLat":-12.0561761,"stopLon":-77.0053012,"routeNames":"1053 1057 1061 2404-(Lima-Callao) 2408 3203-(Lima-Callao) 3205 3404 3502 3611 3702 3813 3814 4503 4513 4611 4614 4902-(Lima-Callao) 8302 IM24 NH112a"},{"stopId":1196321,"stopName":"Parque Murillo","stopTypeGroup":"bus","stopLat":-12.05614,"stopLon":-77.0518046,"routeNames":"8515 IO50"},{"stopId":1616989,"stopName":"Bolivia","stopTypeGroup":"bus","stopLat":-12.0561191,"stopLon":-77.0394051,"routeNames":"406 4504 CR35 IO66"},{"stopId":817691,"stopName":"Bolivia","stopTypeGroup":"bus","stopLat":-12.0560929,"stopLon":-77.0420578,"routeNames":"1404 1612 1701 1702 1706 2204 2406 2411 2511-(Lima-Callao) 3505 4204 4502 4504 4507 5401 8201 8214 8306 8503 8523 9405-(Lima-Callao) 9601-(Lima-Callao) 9602-(Lima-Callao) 9801-(Lima-Callao) 9802-(Lima-Callao) IM22 IO19 IO27 IO44b IO47 IO5"},{"stopId":1043895,"stopName":"Washington","stopTypeGroup":"bus","stopLat":-12.0560013,"stopLon":-77.0395794,"routeNames":"1502-(Lima-Callao) CR05 CR30 CR47 CR48 CR52 CR78"},{"stopId":732433,"stopName":"Bolivia","stopTypeGroup":"bus","stopLat":-12.0559853,"stopLon":-77.0381498,"routeNames":"301 303 305 336"},{"stopId":1044631,"stopName":"Venezuela","stopTypeGroup":"bus","stopLat":-12.0558903,"stopLon":-77.057541,"routeNames":"1505 1508 2204 2510 3502 3906-(Lima-Callao) 4503 7505 9306-(Callao-Lima) CR17 CR62 IM47 IO35b IO38b IO52 IPC06"},{"stopId":815039,"stopName":"Tingo María","stopTypeGroup":"bus","stopLat":-12.0558437,"stopLon":-77.057907,"routeNames":"1346-(Lima-Callao) 1502-(Lima-Callao) 1618 2303 4210-(Lima-Callao) 4501 4505-(Lima-Ricardo-Palma) 4506 4901-(Lima-Callao) 4904-(Lima-Callao) 7204 8504 8511 9303-(Lima-Callao) CR05 CR30 CR47 CR48 CR52 CR78 EO44 IM06 IM55 IM56 IO28b IO30b"},{"stopId":1549785,"stopName":"Centro Civico","stopTypeGroup":"bus","stopLat":-12.0558069,"stopLon":-77.0373344,"routeNames":"406"},{"stopId":1160781,"stopName":"Lucanas","stopTypeGroup":"bus","stopLat":-12.0557406,"stopLon":-77.0197422,"routeNames":"1055 1607 1608 1703-(Lima-Callao) 2604 2803 4623"},{"stopId":735418,"stopName":"Bolivia","stopTypeGroup":"bus","stopLat":-12.0557283,"stopLon":-77.0383483,"routeNames":"301 305"},{"stopId":816480,"stopName":"Ayacucho","stopTypeGroup":"bus","stopLat":-12.0556784,"stopLon":-77.0283651,"routeNames":"9605"},{"stopId":816463,"stopName":"Los Artesanos","stopTypeGroup":"bus","stopLat":-12.0556679,"stopLon":-77.0285529,"routeNames":"9605"},{"stopId":1017552,"stopName":"Puno","stopTypeGroup":"bus","stopLat":-12.055627,"stopLon":-77.0220412,"routeNames":"1046 1602 2603 2604 2702 3603 3607 3610 3613 CR12 CR43"},{"stopId":815090,"stopName":"Tingo María","stopTypeGroup":"bus","stopLat":-12.0555051,"stopLon":-77.0571736,"routeNames":"1346-(Lima-Callao) 1502-(Lima-Callao) 1505 1618 2303 3502 3906-(Lima-Callao) 4210-(Lima-Callao) 4501 4505-(Lima-Ricardo-Palma) 4506 4901-(Lima-Callao) 4904-(Lima-Callao) 7204 8504 8508 8511 9303-(Lima-Callao) 9306-(Callao-Lima) CR05"},{"stopId":1160780,"stopName":"Cangallo","stopTypeGroup":"bus","stopLat":-12.0554363,"stopLon":-77.0221562,"routeNames":"1055 1607 1608 1703-(Lima-Callao) 2604 2803 4623"},{"stopId":815089,"stopName":"Pilcomayo","stopTypeGroup":"bus","stopLat":-12.0554214,"stopLon":-77.0537791,"routeNames":"1346-(Lima-Callao) 1502-(Lima-Callao) 1505 1618 2303 3502 3906-(Lima-Callao) 4210-(Lima-Callao) 4501 4505-(Lima-Ricardo-Palma) 4506 4901-(Lima-Callao) 4904-(Lima-Callao) 7204 8504 8508 8511 9303-(Lima-Callao) 9306-(Callao-Lima) CR05"},{"stopId":815087,"stopName":"Venezuela","stopTypeGroup":"bus","stopLat":-12.0553532,"stopLon":-77.0511156,"routeNames":"1346-(Lima-Callao) 1618 2303 3502 4210-(Lima-Callao) 4501 4505-(Lima-Ricardo-Palma) 4506 4901-(Lima-Callao) 4904-(Lima-Callao) 7204 8504 8508 8511 9303-(Lima-Callao) EO44 IM06 IM55 IM56 IO28b IO30b IO45 IO63 OM21 OM75-(Callao-Ricardo-Pa"},{"stopId":734615,"stopName":"Estación Grau","stopTypeGroup":"bus","stopLat":-12.0553462,"stopLon":-77.0135502,"routeNames":"1047 1051 1346-(Lima-Callao) 2303 2406 2411 3502 3507 3701 3816 4405 4512 4703 4908-(Lima-Callao) 5303 9303-(Lima-Callao) CR37 IM56 IO37b-(Callao-Lima) IO63 IO66 OM42-(Callao-Lima)"},{"stopId":1044572,"stopName":"Arica","stopTypeGroup":"bus","stopLat":-12.0553094,"stopLon":-77.057556,"routeNames":"1508 2204 2510 4503 7505 8508 CR17 CR35 CR62 IM47 IO35b IO38b IO45 IPC06"},{"stopId":1043900,"stopName":"Mariano Moreno","stopTypeGroup":"bus","stopLat":-12.0551829,"stopLon":-77.0508609,"routeNames":"1502-(Lima-Callao) 1505 3906-(Lima-Callao) 9306-(Callao-Lima) CR05 CR30 CR47 CR48 CR52 CR78 IO52 IO66"},{"stopId":736386,"stopName":"Arredondo","stopTypeGroup":"bus","stopLat":-12.0551748,"stopLon":-77.0752555,"routeNames":"018p 1031 1103 1201 1278-(Lima-Callao) 1503 1504 1506 1513 1514 1518 1604 1611 1615 1704 1901-(Lima-Callao) 2408 2513 2613 3205 4205 4206 4210-(Lima-Callao) 4513 7103 8104 ICR14 IM04 IM11 IM21 IM24 IM40 IM57 IO44b IO63 SH24a"},{"stopId":793650,"stopName":"Grau","stopTypeGroup":"bus","stopLat":-12.0551195,"stopLon":-77.0131999,"routeNames":"4501 4502 4504 4505-(Lima-Ricardo-Palma) 4506 4507 5401 8214 8502 8503 8504 8506 8510 8511 9802-(Lima-Callao) EO44 IM06 IO55 NH108 OM34 OM75-(Callao-Ricardo-Palma)"},{"stopId":1071838,"stopName":"El Agustino","stopTypeGroup":"bus","stopLat":-12.0550654,"stopLon":-77.0043248,"routeNames":"1053 1057 1061 2404-(Lima-Callao) 2408 3203-(Lima-Callao) 3205 3404 3502 3611 3702 3813 3814 4503 4513 4611 4614 4902-(Lima-Callao) 8302 IM24 NH112a"},{"stopId":1017610,"stopName":"Puno","stopTypeGroup":"bus","stopLat":-12.054984,"stopLon":-77.0235634,"routeNames":"1046 1055 1602 1607 1608 1703-(Lima-Callao) 2603 2604 2607 2608 2609 2611 2702 2803 3603 3607 3610 3613 4623 CR12 CR43 OM34"},{"stopId":1071779,"stopName":"Carmen","stopTypeGroup":"bus","stopLat":-12.0549614,"stopLon":-77.0043763,"routeNames":"1053 1057 1061 2404-(Lima-Callao) 2408 3203-(Lima-Callao) 3205 3404 3502 3611 3702 3813 3814 4503 4513 4611 4614 4902-(Lima-Callao) 8302 IM24 NH112a"},{"stopId":950910,"stopName":"Távara","stopTypeGroup":"bus","stopLat":-12.0548125,"stopLon":-77.0597513,"routeNames":"1346-(Lima-Callao) 1618 2303 4904-(Lima-Callao) 7204 9303-(Lima-Callao) IM06 IM55 IM56 IO28b IO30b OM21"},{"stopId":1323300,"stopName":"Varela","stopTypeGroup":"bus","stopLat":-12.0548102,"stopLon":-77.0464835,"routeNames":"1502-(Lima-Callao) 1505 3906-(Lima-Callao) 9306-(Callao-Lima) CR05 CR30 CR47 CR48 CR52 CR78 IO52 IO66"},{"stopId":738081,"stopName":"Miguel Grau","stopTypeGroup":"metro","stopLat":-12.054742,"stopLon":-77.013275,"routeNames":"Línea-1"},{"stopId":734577,"stopName":"Nicolás de Piérola","stopTypeGroup":"bus","stopLat":-12.0547105,"stopLon":-77.0302507,"routeNames":"1044 1059 1060 1103 1403 1474 1610 1804 2404-(Lima-Callao) 2407 2409 2412 2701-(Lima-Callao) 2703 3405 3511 3805 3809 3810 404 405 406 4304 4908-(Lima-Callao) 4913-(Lima-Callao) 8308 IM26 IM34b NH13 NH25 NH25a NH26b NM09"},{"stopId":1468184,"stopName":"Residencial Mirones","stopTypeGroup":"bus","stopLat":-12.054710461624765,"stopLon":-77.0706555539673,"routeNames":"1346-(Lima-Callao) 2303 9303-(Lima-Callao) IM56"},{"stopId":1318363,"stopName":"Reynaldo Saavedra Pinón","stopTypeGroup":"bus","stopLat":-12.0547026,"stopLon":-77.0691937,"routeNames":"4901-(Lima-Callao) 4904-(Lima-Callao) IM55"},{"stopId":950900,"stopName":"Thorndike","stopTypeGroup":"bus","stopLat":-12.054652022887117,"stopLon":-77.06944043558198,"routeNames":"1346-(Lima-Callao) 2303 9303-(Lima-Callao) IM56"},{"stopId":1744620,"stopName":"Residencial Mirones","stopTypeGroup":"bus","stopLat":-12.054616107404046,"stopLon":-77.0708406423279,"routeNames":"9303-(Lima-Callao)"},{"stopId":817745,"stopName":"Uruguay","stopTypeGroup":"bus","stopLat":-12.0545872,"stopLon":-77.041921,"routeNames":"1404 1505 1612 1701 1702 1706 2204 2406 2411 2511-(Lima-Callao) 3505 3906-(Lima-Callao) 4204 4502 4507 5401 8201 8214 8306 8503 8523 9306-(Callao-Lima) 9405-(Lima-Callao) 9601-(Lima-Callao) 9602-(Lima-Callao) 9801-(Lima-Callao) 9802-(Li"},{"stopId":816481,"stopName":"Abancay","stopTypeGroup":"bus","stopLat":-12.0545715,"stopLon":-77.0300442,"routeNames":"9605"},{"stopId":950901,"stopName":"Thorndike","stopTypeGroup":"bus","stopLat":-12.0545339,"stopLon":-77.0691588,"routeNames":"1346-(Lima-Callao) 2303 4901-(Lima-Callao) 4904-(Lima-Callao) 9303-(Lima-Callao) IM55 IM56"},{"stopId":1043897,"stopName":"Alfonso Ugarte","stopTypeGroup":"bus","stopLat":-12.0544432,"stopLon":-77.0418056,"routeNames":"1502-(Lima-Callao) CR05 CR30 CR47 CR48 CR52 CR78 IO66"},{"stopId":816462,"stopName":"Abancay","stopTypeGroup":"bus","stopLat":-12.0544351,"stopLon":-77.0304036,"routeNames":"9605"},{"stopId":732434,"stopName":"Uruguay","stopTypeGroup":"bus","stopLat":-12.0544193,"stopLon":-77.0382679,"routeNames":"303 336"},{"stopId":1043896,"stopName":"Uruguay","stopTypeGroup":"bus","stopLat":-12.054375,"stopLon":-77.0395687,"routeNames":"1502-(Lima-Callao) 4504 CR05 CR30 CR35 CR47 CR48 CR52 CR78 IO66"},{"stopId":817690,"stopName":"Venezuela","stopTypeGroup":"bus","stopLat":-12.0543721,"stopLon":-77.0422107,"routeNames":"1404 1505 1612 1701 1702 1706 2204 2406 2411 2511-(Lima-Callao) 3505 3906-(Lima-Callao) 4204 4502 4504 4507 5401 8201 8214 8306 8503 8523 9306-(Callao-Lima) 9405-(Lima-Callao) 9601-(Lima-Callao) 9602-(Lima-Callao) 9801-(Lima-Callao) 980"},{"stopId":950902,"stopName":"Unidad Vecinal Mirones","stopTypeGroup":"bus","stopLat":-12.0543634,"stopLon":-77.0667663,"routeNames":"4901-(Lima-Callao) 9303-(Lima-Callao) IM55"},{"stopId":734592,"stopName":"Nicolás de Piérola","stopTypeGroup":"bus","stopLat":-12.0542803,"stopLon":-77.0302105,"routeNames":"1044 1059 1060 1103 1403 1474 1610 1804 2404-(Lima-Callao) 2407 2409 2412 2701-(Lima-Callao) 2703 3405 3511 3805 3809 3810 404 405 406 4304 4908-(Lima-Callao) 4913-(Lima-Callao) 8308 IM26 IM34b NH13 NH25 NH25a NH26b NM09"},{"stopId":950903,"stopName":"Unidad Vecinal Mirones","stopTypeGroup":"bus","stopLat":-12.054182446380684,"stopLon":-77.06672602209017,"routeNames":"4901-(Lima-Callao) IM55"},{"stopId":950909,"stopName":"Coliseo Amauta","stopTypeGroup":"bus","stopLat":-12.0541809,"stopLon":-77.0614596,"routeNames":"1346-(Lima-Callao) 1618 2303 4901-(Lima-Callao) 4904-(Lima-Callao) 7204 9303-(Lima-Callao) IM06 IM55 IM56 IO28b IO30b OM21"},{"stopId":950947,"stopName":"Estación Grau","stopTypeGroup":"bus","stopLat":-12.0541446,"stopLon":-77.0131239,"routeNames":"1047 1051 1346-(Lima-Callao) 2303 3507 3701 3815 3816 4703 5303 9303-(Lima-Callao) IM56 IO37b-(Callao-Lima) IO66 OM42-(Callao-Lima)"},{"stopId":1203041,"stopName":"Estación Grau","stopTypeGroup":"bus","stopLat":-12.0541185,"stopLon":-77.0128422,"routeNames":"2406 2411 3502 4405 4512 4908-(Lima-Callao) CR37 IO63"},{"stopId":1387625,"stopName":"Comisaría Chacra Colorada","stopTypeGroup":"bus","stopLat":-12.0541072,"stopLon":-77.0506302},{"stopId":950908,"stopName":"Coliseo Amauta","stopTypeGroup":"bus","stopLat":-12.0540996,"stopLon":-77.0618673,"routeNames":"1346-(Lima-Callao) 2303 4901-(Lima-Callao) 4904-(Lima-Callao) 9303-(Lima-Callao) IM55 IM56"},{"stopId":1329801,"stopName":"Coliseo Amauta","stopTypeGroup":"bus","stopLat":-12.0539813,"stopLon":-77.061654,"routeNames":"1618 7204 IM06 IO28b IO30b OM21"},{"stopId":737404,"stopName":"Arredondo","stopTypeGroup":"bus","stopLat":-12.0537636,"stopLon":-77.079429,"routeNames":"018p 1031 1103 1201 1278-(Lima-Callao) 1503 1504 1506 1513 1514 1518 1604 1611 1615 1704 1901-(Lima-Callao) 2408 2513 2613 3205 4205 4206 4210-(Lima-Callao) 4513 7103 8104 ICR14 IM04 IM11 IM21 IM24 IM40 IM57 IO44b SH24a"},{"stopId":1044632,"stopName":"Marcará","stopTypeGroup":"bus","stopLat":-12.0533879,"stopLon":-77.0559692,"routeNames":"1508 2204 2510 4503 7505 8508 CR17 CR62 IM47 IO35b IO38b IO45 IPC06"},{"stopId":950906,"stopName":"Manuel Tellería","stopTypeGroup":"bus","stopLat":-12.0533443,"stopLon":-77.0639091,"routeNames":"1346-(Lima-Callao) 2303 4901-(Lima-Callao) 4904-(Lima-Callao) 9303-(Lima-Callao) IM55 IM56"},{"stopId":1055434,"stopName":"Miró Quesada","stopTypeGroup":"bus","stopLat":-12.0532905,"stopLon":-77.018821,"routeNames":"1055 1607 1608 1703-(Lima-Callao) 2607 2608 2609 2611 2803 3815 4623 OM34"},{"stopId":1071839,"stopName":"Catalán","stopTypeGroup":"bus","stopLat":-12.0532483,"stopLon":-77.0038026,"routeNames":"1053 1057 1061 2404-(Lima-Callao) 2408 3203-(Lima-Callao) 3205 3404 3502 3611 3702 3813 3814 4503 4513 4611 4614 4902-(Lima-Callao) 8302 IM24 NH112a"},{"stopId":977569,"stopName":"San José","stopTypeGroup":"bus","stopLat":-12.0532461,"stopLon":-77.0960312,"routeNames":"1346-(Lima-Callao) 4908-(Lima-Callao) CR04 CR45 CR46 IM11 IM20 IM56 IO63"},{"stopId":732405,"stopName":"Villarán","stopTypeGroup":"bus","stopLat":-12.053218,"stopLon":-77.0385736,"routeNames":"303 336"},{"stopId":1044571,"stopName":"Atlántida","stopTypeGroup":"bus","stopLat":-12.0532057,"stopLon":-77.055947,"routeNames":"1508 2204 2510 4503 7505 8508 CR17 CR35 CR62 IM47 IO35b IO38b IO45 IPC06"},{"stopId":1017556,"stopName":"Huánuco","stopTypeGroup":"bus","stopLat":-12.0531701,"stopLon":-77.0189555,"routeNames":"1046 1602 2603 2604 2702 3603 3607 3610 3613 CR12 CR43"},{"stopId":1017554,"stopName":"Miroquesada","stopTypeGroup":"bus","stopLat":-12.0531124,"stopLon":-77.0216108,"routeNames":"1046 1602 2603 2604 2702 3603 3607 3610 3613 CR12 CR43"},{"stopId":1071778,"stopName":"Catalán","stopTypeGroup":"bus","stopLat":-12.0530587,"stopLon":-77.0038399,"routeNames":"1053 1057 1061 2404-(Lima-Callao) 2408 3203-(Lima-Callao) 3205 3404 3502 3611 3702 3813 3814 4503 4513 4611 4614 4902-(Lima-Callao) 8302 IM24 NH112a"},{"stopId":980854,"stopName":"San José","stopTypeGroup":"bus","stopLat":-12.0530351,"stopLon":-77.0955183,"routeNames":"1346-(Lima-Callao) 4908-(Lima-Callao) CR04 CR09 CR45 CR46 IM11 IM20 IM56 IO63"},{"stopId":950994,"stopName":"Colegio Hipólito Unanue","stopTypeGroup":"bus","stopLat":-12.052978507756277,"stopLon":-77.07093234907379,"routeNames":"1346-(Lima-Callao) 2303 9303-(Lima-Callao) IM56"},{"stopId":1744621,"stopName":"Colegio Hipólito Unanue","stopTypeGroup":"bus","stopLat":-12.0528455,"stopLon":-77.0710337,"routeNames":"9303-(Lima-Callao)"},{"stopId":816482,"stopName":"Lampa","stopTypeGroup":"bus","stopLat":-12.0527983,"stopLon":-77.0327801,"routeNames":"9605"},{"stopId":950904,"stopName":"Arica","stopTypeGroup":"bus","stopLat":-12.0527403,"stopLon":-77.0668092,"routeNames":"4901-(Lima-Callao) 9303-(Lima-Callao) IM55"},{"stopId":977570,"stopName":"Plaza Vea (Colonial)","stopTypeGroup":"bus","stopLat":-12.0527189,"stopLon":-77.0930263,"routeNames":"1346-(Lima-Callao) 4908-(Lima-Callao) CR04 CR45 CR46 IM11 IM20 IM56 IO63"},{"stopId":1203024,"stopName":"Riva Agüero","stopTypeGroup":"bus","stopLat":-12.0527132,"stopLon":-77.0039295,"routeNames":"2406 2411 4405 4512 4908-(Lima-Callao) CR37 IO63"},{"stopId":816461,"stopName":"Lampa","stopTypeGroup":"bus","stopLat":-12.0525779,"stopLon":-77.0332763,"routeNames":"9605"},{"stopId":980851,"stopName":"Plaza Vea (Colonial)","stopTypeGroup":"bus","stopLat":-12.0525551,"stopLon":-77.092739,"routeNames":"1346-(Lima-Callao) 4908-(Lima-Callao) 9605 CR04 CR09 CR45 CR46 IM11 IM20 IM56 IO63"},{"stopId":736384,"stopName":"Elvira García y García","stopTypeGroup":"bus","stopLat":-12.0525255,"stopLon":-77.074306,"routeNames":"018p 1031 1103 1201 1278-(Lima-Callao) 1503 1504 1506 1513 1514 1518 1604 1611 1615 1704 1901-(Lima-Callao) 2408 2513 2613 3205 4205 4206 4210-(Lima-Callao) 4513 7103 8104 ICR14 IM04 IM11 IM21 IM24 IM40 IM57 IO44b IO63 SH24a"},{"stopId":815589,"stopName":"Colmena","stopTypeGroup":"bus","stopLat":-12.0524888,"stopLon":-77.0328873,"routeNames":"A C EX10"},{"stopId":950905,"stopName":"Luis Braille","stopTypeGroup":"bus","stopLat":-12.052456969154786,"stopLon":-77.06668850000001,"routeNames":"1346-(Lima-Callao) 4901-(Lima-Callao) IM55"},{"stopId":1009298,"stopName":"Cutervo","stopTypeGroup":"bus","stopLat":-12.0524479,"stopLon":-77.0608555,"routeNames":"1618 7204 IM06 IO28b IO30b OM21"},{"stopId":1390316,"stopName":"Junín","stopTypeGroup":"bus","stopLat":-12.0523943,"stopLon":-77.0141977,"routeNames":"3815"},{"stopId":977571,"stopName":"Denky","stopTypeGroup":"bus","stopLat":-12.0521081,"stopLon":-77.0896012,"routeNames":"1346-(Lima-Callao) 4908-(Lima-Callao) 9605 CR04 CR45 CR46 IM11 IM20 IM56 IO63"},{"stopId":1009319,"stopName":"Cutervo","stopTypeGroup":"bus","stopLat":-12.0520833,"stopLon":-77.0608734,"routeNames":"1618 7204 IM06 IO28b IO30b OM21"},{"stopId":950948,"stopName":"Miró Quesada","stopTypeGroup":"bus","stopLat":-12.0520828,"stopLon":-77.0129952,"routeNames":"1047 1051 1346-(Lima-Callao) 2303 3507 3701 3815 3816 4703 5303 9303-(Lima-Callao) IM56 IO37b-(Callao-Lima) IO66 OM42-(Callao-Lima)"},{"stopId":1203021,"stopName":"Cabana","stopTypeGroup":"bus","stopLat":-12.0520333,"stopLon":-77.0078221,"routeNames":"2406 2411 4405 4512 4908-(Lima-Callao) CR37 IO63"},{"stopId":735417,"stopName":"Ilo","stopTypeGroup":"bus","stopLat":-12.0519982,"stopLon":-77.0387292,"routeNames":"301 305"},{"stopId":980850,"stopName":"Denky","stopTypeGroup":"bus","stopLat":-12.0519801,"stopLon":-77.0894935,"routeNames":"4908-(Lima-Callao) 9605 CR04 CR09 CR45 CR46 IM11 IM20 IM56 IO63"},{"stopId":816408,"stopName":"Quilca","stopTypeGroup":"bus","stopLat":-12.0519143,"stopLon":-77.042267,"routeNames":"B D SXN"},{"stopId":734578,"stopName":"Cuzco","stopTypeGroup":"bus","stopLat":-12.0518933,"stopLon":-77.0287594,"routeNames":"1044 1059 1060 1103 1403 1474 1610 1804 2404-(Lima-Callao) 2407 2409 2412 2701-(Lima-Callao) 2703 3405 3511 3805 3809 3810 404 405 406 4304 4908-(Lima-Callao) 4913-(Lima-Callao) 8308 IM26 IM34b NH13 NH25 NH25a NH26b NM09"},{"stopId":1203018,"stopName":"Ocros","stopTypeGroup":"bus","stopLat":-12.0516848,"stopLon":-77.0106442,"routeNames":"2406 2411 4405 4512 4908-(Lima-Callao) CR37 IO63"},{"stopId":1203033,"stopName":"Cristóbal Colón","stopTypeGroup":"bus","stopLat":-12.0516375,"stopLon":-77.0039051,"routeNames":"2406 2411 4405 4512 4908-(Lima-Callao) CR37 IO63"},{"stopId":734591,"stopName":"Cuzco","stopTypeGroup":"bus","stopLat":-12.0516022,"stopLon":-77.028797,"routeNames":"1044 1059 1060 1103 1403 1474 1610 1804 2404-(Lima-Callao) 2407 2409 2412 2701-(Lima-Callao) 2703 3405 3511 3805 3809 3810 404 405 406 4304 4908-(Lima-Callao) 4913-(Lima-Callao) 8308 IM26 IM34b NH13 NH25 NH25a NH26b NM09"},{"stopId":977572,"stopName":"Amézaga","stopTypeGroup":"bus","stopLat":-12.0515168,"stopLon":-77.0860265,"routeNames":"1346-(Lima-Callao) 4908-(Lima-Callao) 9605 CR04 CR45 CR46 IM11 IM20 IM56 IO63"},{"stopId":1017557,"stopName":"Junín","stopTypeGroup":"bus","stopLat":-12.0514546,"stopLon":-77.0192988,"routeNames":"1046 1055 1602 1607 1608 1703-(Lima-Callao) 2603 2604 2607 2608 2609 2611 2702 2803 3603 3607 3610 3613 4623 CR12 CR43 OM34"},{"stopId":816447,"stopName":"Pariacoto","stopTypeGroup":"bus","stopLat":-12.0514395,"stopLon":-77.0547688,"routeNames":"1508 2204 2510 4503 7505 8508 CR17 CR62 IM47 IO35b IO38b IO45 IPC06"},{"stopId":980848,"stopName":"Amézaga","stopTypeGroup":"bus","stopLat":-12.0513833,"stopLon":-77.0860691,"routeNames":"1346-(Lima-Callao) 4908-(Lima-Callao) 9605 CR04 CR45 CR46 IM11 IM20 IM56 IO63"},{"stopId":816493,"stopName":"INO","stopTypeGroup":"bus","stopLat":-12.0512664,"stopLon":-77.0547742,"routeNames":"1508 2204 2510 4503 7505 8508 CR17 CR35 CR62 IM47 IO35b IO38b IO45 IPC06"},{"stopId":816460,"stopName":"Plaza San Martín","stopTypeGroup":"bus","stopLat":-12.0512034,"stopLon":-77.0353791,"routeNames":"9605"},{"stopId":735462,"stopName":"Quilca","stopTypeGroup":"bus","stopLat":-12.0510959,"stopLon":-77.0386648,"routeNames":"301 305"},{"stopId":817746,"stopName":"Quilca","stopTypeGroup":"bus","stopLat":-12.0509884,"stopLon":-77.0422375,"routeNames":"1404 1505 1612 1701 1702 1706 2204 2406 2411 2511-(Lima-Callao) 3505 3906-(Lima-Callao) 4204 4502 4507 5401 8201 8214 8306 8503 8523 9306-(Callao-Lima) 9405-(Lima-Callao) 9601-(Lima-Callao) 9602-(Lima-Callao) 9801-(Lima-Callao) 9802-(Li"},{"stopId":977573,"stopName":"Alfa","stopTypeGroup":"bus","stopLat":-12.050973,"stopLon":-77.0830139,"routeNames":"1346-(Lima-Callao) 4908-(Lima-Callao) 9605 CR04 CR45 CR46 IM11 IM20 IM56 IO63"},{"stopId":1051451,"stopName":"Plaza San Martín","stopTypeGroup":"bus","stopLat":-12.0509709,"stopLon":-77.0345363,"routeNames":"9605"},{"stopId":1203040,"stopName":"Pativilca","stopTypeGroup":"bus","stopLat":-12.050863,"stopLon":-77.0102266,"routeNames":"2406 2411 4405 4512 4908-(Lima-Callao) CR37 IO63"},{"stopId":1203036,"stopName":"Unión","stopTypeGroup":"bus","stopLat":-12.0508434,"stopLon":-77.005623,"routeNames":"2406 2411 4405 4512 4908-(Lima-Callao) CR37 IO63"},{"stopId":980846,"stopName":"Alfa","stopTypeGroup":"bus","stopLat":-12.0508288,"stopLon":-77.0828061,"routeNames":"1346-(Lima-Callao) 4908-(Lima-Callao) 9605 CR04 CR45 CR46 IM11 IM20 IM56"},{"stopId":737405,"stopName":"Colonial","stopTypeGroup":"bus","stopLat":-12.0508205,"stopLon":-77.0780289,"routeNames":"018p 1031 1103 1201 1278-(Lima-Callao) 1503 1504 1506 1513 1514 1518 1604 1611 1615 1704 1901-(Lima-Callao) 2408 2513 2613 3205 4205 4206 4210-(Lima-Callao) 4513 7103 8104 ICR14 IM04 IM11 IM21 IM24 IM40 IM57 IO44b SH24a"},{"stopId":1009299,"stopName":"Antonio Lishner","stopTypeGroup":"bus","stopLat":-12.0507796,"stopLon":-77.060185,"routeNames":"1618 7204 IM06 IO28b IO30b OM21"},{"stopId":1017609,"stopName":"Plaza Italia","stopTypeGroup":"bus","stopLat":-12.0507556,"stopLon":-77.0225656,"routeNames":"1046 1055 1602 1607 1608 1703-(Lima-Callao) 2603 2604 2607 2608 2609 2611 2702 2803 3603 3607 3610 3613 4623 CR12 CR43 OM34"},{"stopId":1992740,"stopName":"Omega","stopTypeGroup":"bus","stopLat":-12.050707683699372,"stopLon":-77.08649933338167},{"stopId":817689,"stopName":"Hospital Loayza","stopTypeGroup":"bus","stopLat":-12.0506578,"stopLon":-77.0425285,"routeNames":"1404 1505 1612 1701 1702 1706 2204 2406 2411 2511-(Lima-Callao) 3505 3906-(Lima-Callao) 4204 4502 4504 4507 5401 8201 8214 8306 8503 8523 9306-(Callao-Lima) 9405-(Lima-Callao) 9601-(Lima-Callao) 9602-(Lima-Callao) 9801-(Lima-Callao) 980"},{"stopId":1335289,"stopName":"Omega","stopTypeGroup":"bus","stopLat":-12.0505162,"stopLon":-77.0866978,"routeNames":"CR09"},{"stopId":1009318,"stopName":"Antonio Lishner","stopTypeGroup":"bus","stopLat":-12.0504675,"stopLon":-77.0602189,"routeNames":"1618 7204 IM06 IO28b IO30b OM21"},{"stopId":1311139,"stopName":"Zepita","stopTypeGroup":"bus","stopLat":-12.0503378,"stopLon":-77.0398235,"routeNames":"4504 CR35"},{"stopId":977574,"stopName":"Universitaria","stopTypeGroup":"bus","stopLat":-12.0503191,"stopLon":-77.0786912,"routeNames":"1346-(Lima-Callao) 4908-(Lima-Callao) 9605 CR04 CR45 CR46 IM11 IM20 IM56 IO63"},{"stopId":1309607,"stopName":"Chimbote","stopTypeGroup":"bus","stopLat":-12.0502486,"stopLon":-77.0080554,"routeNames":"2406"},{"stopId":1310627,"stopName":"Zorritos","stopTypeGroup":"bus","stopLat":-12.0502119,"stopLon":-77.0466042,"routeNames":"8508 CR35"},{"stopId":1330316,"stopName":"Zorritos","stopTypeGroup":"bus","stopLat":-12.0500021,"stopLon":-77.0472908,"routeNames":"4503 7505"},{"stopId":734579,"stopName":"Ucayali","stopTypeGroup":"bus","stopLat":-12.0498945,"stopLon":-77.0277241,"routeNames":"1044 1059 1060 1103 1403 1474 1610 1804 2404-(Lima-Callao) 2407 2409 2412 2701-(Lima-Callao) 2703 3405 3511 3805 3809 3810 404 405 406 4304 4908-(Lima-Callao) 4913-(Lima-Callao) 8308 IM26 IM34b NH13 NH25 NH25a NH26b NM09"},{"stopId":1051463,"stopName":"Aurelio García y García","stopTypeGroup":"bus","stopLat":-12.049793,"stopLon":-77.0743201,"routeNames":"018p 1031 1103 1278-(Lima-Callao) 1346-(Lima-Callao) 1503 1504 1506 1513 1514 1518 1604 1611 1615 1618 1704 1901-(Lima-Callao) 2303 2408 2513 2613 3205 4205 4206 4210-(Lima-Callao) 4513 7103 8104 9303-(Lima-Callao) 9605 CR04 CR17 CR45 CR46 "},{"stopId":950894,"stopName":"Universitaria","stopTypeGroup":"bus","stopLat":-12.0497365,"stopLon":-77.0772676,"routeNames":"1346-(Lima-Callao) 1618 2303 9303-(Lima-Callao) 9605 CR04 CR17 CR45 CR46 IM20 IM56"},{"stopId":736381,"stopName":"Colonial","stopTypeGroup":"bus","stopLat":-12.0497345,"stopLon":-77.0782515,"routeNames":"018p 1031 1103 1201 1278-(Lima-Callao) 1503 1504 1506 1513 1514 1518 1604 1611 1615 1618 1704 1901-(Lima-Callao) 2303 2408 2513 2613 3205 4205 4206 4210-(Lima-Callao) 4908-(Lima-Callao) 7103 8104 9303-(Lima-Callao) CR17 ICR14 IM04 IM21 IM24"},{"stopId":1049056,"stopName":"Garcilaso","stopTypeGroup":"bus","stopLat":-12.0496922,"stopLon":-77.0967113,"routeNames":"IM08 IM20 OM39"},{"stopId":816449,"stopName":"Cárcamo","stopTypeGroup":"bus","stopLat":-12.0496663,"stopLon":-77.0505738,"routeNames":"1508 2204 2510 4503 7505 8508"},{"stopId":734590,"stopName":"Ucayali","stopTypeGroup":"bus","stopLat":-12.0496243,"stopLon":-77.0277536,"routeNames":"1044 1059 1060 1103 1403 1474 1610 1804 2404-(Lima-Callao) 2407 2409 2412 2701-(Lima-Callao) 2703 3405 3511 3805 3809 3810 404 405 406 4304 4908-(Lima-Callao) 4913-(Lima-Callao) 8308 IM26 IM34b NH13 NH25 NH25a NH26b NM09"},{"stopId":1330317,"stopName":"Cárcamo","stopTypeGroup":"bus","stopLat":-12.0496191,"stopLon":-77.0502734,"routeNames":"4503 7505 8508 CR35"},{"stopId":1051457,"stopName":"Aurelio García y García","stopTypeGroup":"bus","stopLat":-12.0494797,"stopLon":-77.0739004,"routeNames":"1346-(Lima-Callao) 1618 2303 9303-(Lima-Callao) 9605 CR04 CR45 CR46 IM20 IM56"},{"stopId":950896,"stopName":"Colonial","stopTypeGroup":"bus","stopLat":-12.0494156,"stopLon":-77.0713185,"routeNames":"1346-(Lima-Callao) 2303 9303-(Lima-Callao) IM56"},{"stopId":816492,"stopName":"Zorritos","stopTypeGroup":"bus","stopLat":-12.0494145,"stopLon":-77.0505148,"routeNames":"1508 2204 2510"},{"stopId":950952,"stopName":"Desaguadero","stopTypeGroup":"bus","stopLat":-12.049399,"stopLon":-77.0128177,"routeNames":"1047 1051 1346-(Lima-Callao) 2303 3507 3701 3815 3816 4703 5303 9303-(Lima-Callao) IM56 IO37b-(Callao-Lima) IO66 OM42-(Callao-Lima)"},{"stopId":950895,"stopName":"Víctor Sarría","stopTypeGroup":"bus","stopLat":-12.04935002361268,"stopLon":-77.07147942209014,"routeNames":"1346-(Lima-Callao) 1618 2303 9303-(Lima-Callao) 9605 CR04 CR17 CR45 CR46 IM20 IM56"},{"stopId":1944020,"stopName":"Playa Abtao","stopTypeGroup":"bus","stopLat":-12.0492712693242,"stopLon":-77.09114840623444,"routeNames":"9605"},{"stopId":816448,"stopName":"Zorritos","stopTypeGroup":"bus","stopLat":-12.0492545,"stopLon":-77.0537898,"routeNames":"1508 2204 2510 4503 7505 8508 CR17 CR62 IM47 IO35b IO38b IO45 IPC06"},{"stopId":815592,"stopName":"Jirón de la Unión","stopTypeGroup":"bus","stopLat":-12.0492178,"stopLon":-77.0328712,"routeNames":"A C L"},{"stopId":1051456,"stopName":"Leonardo Arrieta","stopTypeGroup":"bus","stopLat":-12.0492098,"stopLon":-77.0712471,"routeNames":"1618 9605 CR04 CR17 CR45 CR46 IM20"},{"stopId":1992741,"stopName":"Omicron","stopTypeGroup":"bus","stopLat":-12.049186280375388,"stopLon":-77.08719134330751},{"stopId":1044570,"stopName":"Tingo Maria","stopTypeGroup":"bus","stopLat":-12.0490429,"stopLon":-77.053597,"routeNames":"1508 2204 2510 4503 7505 8508 CR35"},{"stopId":1992739,"stopName":"Enrique Meiggs","stopTypeGroup":"bus","stopLat":-12.049042008922873,"stopLon":-77.08765268325806},{"stopId":1051462,"stopName":"Luis Braille","stopTypeGroup":"bus","stopLat":-12.0489135,"stopLon":-77.0674751,"routeNames":"1618 9605 CR04 CR17 CR45 CR46 IM20"},{"stopId":1203038,"stopName":"Grau","stopTypeGroup":"bus","stopLat":-12.0488745,"stopLon":-77.008088,"routeNames":"2406 2411 4405 4512 4908-(Lima-Callao) CR37 IO63"},{"stopId":1051452,"stopName":"Tacna","stopTypeGroup":"bus","stopLat":-12.0488596,"stopLon":-77.0388298,"routeNames":"9605"},{"stopId":1408289,"stopName":"Zorritos","stopTypeGroup":"bus","stopLat":-12.04884,"stopLon":-77.0538595,"routeNames":"CR17 CR62 IM47 IO35b IO38b IO45 IPC06"},{"stopId":1309591,"stopName":"Condominio Parque Central","stopTypeGroup":"bus","stopLat":-12.0488269,"stopLon":-77.0481062,"routeNames":"2204 4503 7505 8508"},{"stopId":1479510,"stopName":"Gaspar Hernández","stopTypeGroup":"bus","stopLat":-12.0487705,"stopLon":-77.0570813},{"stopId":1051455,"stopName":"Luis Braille","stopTypeGroup":"bus","stopLat":-12.0486812,"stopLon":-77.067187,"routeNames":"1618 9605 CR04 CR17 CR45 CR46"},{"stopId":816458,"stopName":"Garcilaso","stopTypeGroup":"bus","stopLat":-12.0486708,"stopLon":-77.0392911,"routeNames":"9605"},{"stopId":1051460,"stopName":"Nicolás Dueñas","stopTypeGroup":"bus","stopLat":-12.0486566,"stopLon":-77.065009,"routeNames":"1618 9605 CR04 CR17 CR45 CR46 IM20"},{"stopId":815588,"stopName":"Jirón de la Unión","stopTypeGroup":"bus","stopLat":-12.0486118,"stopLon":-77.0338422,"routeNames":"A C EX10 L"},{"stopId":1009302,"stopName":"Nicolás Dueñas","stopTypeGroup":"bus","stopLat":-12.0485329,"stopLon":-77.0647568,"routeNames":"1618 7204 8201 8214 9605 CR04 CR17 CR45 CR46 CR62 IM06 IM20 IM47 IO28b IO30b IO35b IO38b IO45 IPC06 OM21"},{"stopId":732404,"stopName":"Nicolás de Piérola","stopTypeGroup":"bus","stopLat":-12.0485043,"stopLon":-77.0391181,"routeNames":"303 336 412"},{"stopId":1009314,"stopName":"Colonial","stopTypeGroup":"bus","stopLat":-12.0484252,"stopLon":-77.0649533,"routeNames":"7204 8201 8214 CR62 IM06 IM47 IO28b IO30b IO35b IO38b IO45 IPC06 OM21"},{"stopId":1009316,"stopName":"Manuel Tellería","stopTypeGroup":"bus","stopLat":-12.0483807,"stopLon":-77.0621718,"routeNames":"1618 7204 8201 8214 9605 CR04 CR17 CR45 CR46 CR62 IM06 IM20 IM47 IO28b IO30b IO35b IO38b IO45 IPC06 OM21"},{"stopId":1009301,"stopName":"Galeano y Mendoza","stopTypeGroup":"bus","stopLat":-12.0482851,"stopLon":-77.062253,"routeNames":"1618 7204 8201 8214 9605 CR04 CR17 CR45 CR46 CR62 IM06 IM20 IM47 IO28b IO30b IO35b IO38b IO45 IPC06 OM21"},{"stopId":1009300,"stopName":"Colonial","stopTypeGroup":"bus","stopLat":-12.0482247,"stopLon":-77.0593106,"routeNames":"1618 7204 IM06 IO28b IO30b OM21"},{"stopId":1303570,"stopName":"Ascope","stopTypeGroup":"bus","stopLat":-12.0481134,"stopLon":-77.0453596,"routeNames":"4507 5401 CR35 CR41 CR56 CR61 IM19 IM20 NH108"},{"stopId":1009317,"stopName":"Naciones Unidas","stopTypeGroup":"bus","stopLat":-12.048104,"stopLon":-77.0595537,"routeNames":"1618 7204 8201 8214 9605 CR04 CR17 CR45 CR46 CR62 IM06 IM20 IM47 IO28b IO30b IO35b IO38b IO45 IPC06 OM21"},{"stopId":1019081,"stopName":"Naciones Unidas","stopTypeGroup":"bus","stopLat":-12.0479936,"stopLon":-77.0592336,"routeNames":"8201 8214 9605 CR04 CR17 CR45 CR46 CR62 IM20 IM47 IO35b IO38b IO45 IPC06"},{"stopId":734580,"stopName":"Junín","stopTypeGroup":"bus","stopLat":-12.0478616,"stopLon":-77.0266485,"routeNames":"1044 1059 1060 1103 1403 1474 1610 1804 2404-(Lima-Callao) 2407 2409 2412 2701-(Lima-Callao) 2703 3405 3511 3805 3809 3810 404 405 406 4304 4908-(Lima-Callao) 4913-(Lima-Callao) 8308 IM26 IM34b NH13 NH25 NH25a NH26b NM09"},{"stopId":1017558,"stopName":"Áncash","stopTypeGroup":"bus","stopLat":-12.0478579,"stopLon":-77.0197578,"routeNames":"1046 1055 1602 1607 1608 1703-(Lima-Callao) 2603 2604 2607 2608 2609 2611 2702 2803 3603 3607 3610 3613 4623 CR12 CR43 OM34"},{"stopId":1303557,"stopName":"Jorge Chávez","stopTypeGroup":"bus","stopLat":-12.0478406,"stopLon":-77.0913541,"routeNames":"1130-(Lima-Callao) CR07 CR09 CR10 CR35 CR40 CR41 CR56 CR61 ICR02b IM19 OM09"},{"stopId":1019543,"stopName":"Ecuador","stopTypeGroup":"bus","stopLat":-12.0477675,"stopLon":-77.0561417,"routeNames":"8201 8214 9605 CR04 CR17 CR45 CR46 CR62 IM20 IM47 IO35b IO38b IO45 IPC06"},{"stopId":1019080,"stopName":"Gaspar Hernández","stopTypeGroup":"bus","stopLat":-12.0477422,"stopLon":-77.0569201,"routeNames":"8201 8214 9605 CR04 CR17 CR45 CR46 CR62 IM20 IM47 IO35b IO38b IO45 IPC06"},{"stopId":1303567,"stopName":"Cornelio Borda","stopTypeGroup":"bus","stopLat":-12.0477173,"stopLon":-77.044107,"routeNames":"8508 CR35 CR41 CR56 CR61 IM19 IM20"},{"stopId":1303574,"stopName":"Jorge Chávez","stopTypeGroup":"bus","stopLat":-12.0477042,"stopLon":-77.0909679,"routeNames":"1130-(Lima-Callao) CR07 CR10 CR35 CR40 CR41 CR56 CR61 ICR02b IM19 OM09"},{"stopId":1408290,"stopName":"Óscar Raimundo Benavides","stopTypeGroup":"bus","stopLat":-12.0476334,"stopLon":-77.0538703,"routeNames":"CR17 CR62 IM47 IO35b IO38b IO45 IPC06"},{"stopId":1303551,"stopName":"Alfredo Villa Calderón","stopTypeGroup":"bus","stopLat":-12.0475678,"stopLon":-77.0877171,"routeNames":"1130-(Lima-Callao) CR07 CR09 CR10 CR35 CR40 CR41 CR56 CR61 ICR02b IM19 OM09"},{"stopId":1019544,"stopName":"Tingo María","stopTypeGroup":"bus","stopLat":-12.0475666,"stopLon":-77.0542129,"routeNames":"8201 8214 9605 CR04 CR17 CR45 CR46 CR62 IM20 IM47 IO35b IO38b IO45 IPC06"},{"stopId":1051453,"stopName":"Cañete","stopTypeGroup":"bus","stopLat":-12.0475479,"stopLon":-77.0407963,"routeNames":"9605"},{"stopId":1055422,"stopName":"Áncash","stopTypeGroup":"bus","stopLat":-12.0475168,"stopLon":-77.0217228,"routeNames":"1046 1055 1602 1607 1608 1703-(Lima-Callao) 2603 2604 2607 2608 2609 2611 2702 2803 3603 3607 3610 3613 4623 CR12 CR43 OM34"},{"stopId":816457,"stopName":"Cañete","stopTypeGroup":"bus","stopLat":-12.0474852,"stopLon":-77.0411311,"routeNames":"9605"},{"stopId":732435,"stopName":"Moquegua","stopTypeGroup":"bus","stopLat":-12.0474524,"stopLon":-77.0381767,"routeNames":"303 336 412"},{"stopId":1019079,"stopName":"Tingo María","stopTypeGroup":"bus","stopLat":-12.0474168,"stopLon":-77.0537097,"routeNames":"8201 8214 9605 CR04 CR45 CR46 IM20"},{"stopId":1303552,"stopName":"Alfredo Villa Calderón","stopTypeGroup":"bus","stopLat":-12.047337,"stopLon":-77.0871592,"routeNames":"1130-(Lima-Callao) CR07 CR09 CR10 CR35 CR40 CR41 CR56 CR61 ICR02b IM19 OM09"},{"stopId":816450,"stopName":"Colonial","stopTypeGroup":"bus","stopLat":-12.0473317,"stopLon":-77.0506221,"routeNames":"1508 2510"},{"stopId":1019545,"stopName":"Ramón Cárcamo","stopTypeGroup":"bus","stopLat":-12.0472516,"stopLon":-77.0509431,"routeNames":"8201 8214 9605 CR04 CR45 CR46 IM20"},{"stopId":735416,"stopName":"Moquegua","stopTypeGroup":"bus","stopLat":-12.0472176,"stopLon":-77.038229,"routeNames":"301 305 412"},{"stopId":1303558,"stopName":"Goodyear","stopTypeGroup":"bus","stopLat":-12.0471361,"stopLon":-77.0834034,"routeNames":"1130-(Lima-Callao) CR07 CR09 CR10 CR35 CR40 CR41 CR56 CR61 ICR02b IM19 OM09"},{"stopId":1019078,"stopName":"Ramón Cárcamo","stopTypeGroup":"bus","stopLat":-12.0470818,"stopLon":-77.0504269,"routeNames":"8201 8214 9605 CR04 CR35 CR41 CR45 CR46 CR56 CR61 IM19 IM20 IO55"},{"stopId":1303560,"stopName":"Goodyear","stopTypeGroup":"bus","stopLat":-12.0470117,"stopLon":-77.0834363,"routeNames":"1130-(Lima-Callao) CR07 CR09 CR10 CR35 CR40 CR41 CR56 CR61 ICR02b IM19 OM09"},{"stopId":816491,"stopName":"Colonial","stopTypeGroup":"bus","stopLat":-12.0469802,"stopLon":-77.0507348,"routeNames":"1508 2204 2510 CR35 CR56 IO55"},{"stopId":1309592,"stopName":"Yompián","stopTypeGroup":"bus","stopLat":-12.0469278,"stopLon":-77.0467275,"routeNames":"2204 4503"},{"stopId":1019075,"stopName":"Plaza 2 de Mayo","stopTypeGroup":"bus","stopLat":-12.046922,"stopLon":-77.0425597,"routeNames":"1404 1505 1612 1701 1702 1706 2204 2406 2411 2511-(Lima-Callao) 3505 3906-(Lima-Callao) 4204 4502 4504 8201 8214 8306 8503 8523 9306-(Callao-Lima) 9405-(Lima-Callao) 9601-(Lima-Callao) 9602-(Lima-Callao) 9801-(Lima-Callao) 9802-(Lima-"},{"stopId":1019546,"stopName":"Yompián ","stopTypeGroup":"bus","stopLat":-12.0468412,"stopLon":-77.0470107,"routeNames":"8201 8214 9605 CR04 CR35 CR45 CR46 CR56 IM20 IO55"},{"stopId":1303571,"stopName":"Oscar Raimundo Benavides","stopTypeGroup":"bus","stopLat":-12.0468281,"stopLon":-77.0454669,"routeNames":"4507 5401 7505 CR35 CR41 CR56 CR61 IM19 IM20 NH108"},{"stopId":737406,"stopName":"Argentina","stopTypeGroup":"bus","stopLat":-12.0467074,"stopLon":-77.07672,"routeNames":"018p 1031 1103 1201 1278-(Lima-Callao) 1503 1504 1506 1513 1514 1518 1604 1611 1615 1618 1704 1901-(Lima-Callao) 2303 2408 2513 2613 3205 4205 4206 4210-(Lima-Callao) 4908-(Lima-Callao) 7103 8104 9303-(Lima-Callao) CR17 ICR14 IM04 IM21 IM24"},{"stopId":1019077,"stopName":"Yompián","stopTypeGroup":"bus","stopLat":-12.0466972,"stopLon":-77.0465943,"routeNames":"8201 8214 9605 CR04 CR35 CR41 CR45 CR46 CR56 CR61 IM19 IM20 IO55"},{"stopId":1051454,"stopName":"Plaza 2 de Mayo","stopTypeGroup":"bus","stopLat":-12.0466538,"stopLon":-77.0422522,"routeNames":"9605"},{"stopId":815593,"stopName":"Tacna","stopTypeGroup":"bus","stopLat":-12.0466418,"stopLon":-77.0370904,"routeNames":"A C"},{"stopId":1303554,"stopName":"Universitaria","stopTypeGroup":"bus","stopLat":-12.0465868,"stopLon":-77.0769775,"routeNames":"1130-(Lima-Callao) CR07 CR09 CR10 CR35 CR40 CR41 CR56 CR61 ICR02b IM19 OM09"},{"stopId":1330315,"stopName":"Yompián","stopTypeGroup":"bus","stopLat":-12.0465868,"stopLon":-77.0467973,"routeNames":"4503 7505"},{"stopId":1019547,"stopName":"Plaza 2 de Mayo","stopTypeGroup":"bus","stopLat":-12.0465144,"stopLon":-77.0434624,"routeNames":"4507 5401 8201 8214 9605 CR04 CR45 CR46 CR56 IM20 IO55 NH108"},{"stopId":734589,"stopName":"Áncash","stopTypeGroup":"bus","stopLat":-12.0464867,"stopLon":-77.0261001,"routeNames":"1044 1059 1060 1103 1403 1474 1610 1804 2404-(Lima-Callao) 2407 2409 2412 2701-(Lima-Callao) 2703 3405 3511 3805 3809 3810 404 405 406 4304 4908-(Lima-Callao) 4913-(Lima-Callao) 8308 IM26 IM34b NH13 NH25 NH25a NH26b NM09"},{"stopId":735464,"stopName":"Emancipación","stopTypeGroup":"bus","stopLat":-12.0464451,"stopLon":-77.037482,"routeNames":"301 305"},{"stopId":1009310,"stopName":"Universitaria","stopTypeGroup":"bus","stopLat":-12.0464302,"stopLon":-77.0765006,"routeNames":"1130-(Lima-Callao) CR07 CR09 CR10 CR35 CR40 CR41 CR56 CR61 ICR02b IM19 OM09"},{"stopId":816407,"stopName":"2 de Mayo","stopTypeGroup":"bus","stopLat":-12.04639,"stopLon":-77.0427552,"routeNames":"B D SXN"},{"stopId":736380,"stopName":"Argentina","stopTypeGroup":"bus","stopLat":-12.0463349,"stopLon":-77.0767736,"routeNames":"018p 1031 1103 1201 1278-(Lima-Callao) 1503 1504 1506 1513 1514 1518 1604 1611 1615 1618 1704 1901-(Lima-Callao) 2303 2408 2513 2613 3205 4205 4206 4210-(Lima-Callao) 4908-(Lima-Callao) 7103 8104 9303-(Lima-Callao) CR17 ICR14 IM04 IM21 IM24"},{"stopId":1009311,"stopName":"Leonardo Arrieta","stopTypeGroup":"bus","stopLat":-12.046193,"stopLon":-77.0726378,"routeNames":"1130-(Lima-Callao) CR07 CR09 CR10 CR35 CR40 CR41 CR56 CR61 ICR02b IM19 OM09"},{"stopId":1009309,"stopName":"Leonardo Arrieta","stopTypeGroup":"bus","stopLat":-12.0461627,"stopLon":-77.0733356,"routeNames":"1130-(Lima-Callao) CR07 CR09 CR10 CR35 CR40 CR41 CR56 CR61 ICR02b IM19 OM09"},{"stopId":815587,"stopName":"Tacna","stopTypeGroup":"bus","stopLat":-12.0461093,"stopLon":-77.0379648,"routeNames":"A C EX10"},{"stopId":738074,"stopName":"El Ángel","stopTypeGroup":"metro","stopLat":-12.0460569,"stopLon":-77.0097935,"routeNames":"Línea-1"},{"stopId":1009303,"stopName":"Argentina","stopTypeGroup":"bus","stopLat":-12.0460316,"stopLon":-77.0651225,"routeNames":"7204 8201 8214 CR62 IM06 IM47 IO28b IO30b IO35b IO38b IO45 IPC06 OM21"},{"stopId":1009312,"stopName":"Comercial del Acero","stopTypeGroup":"bus","stopLat":-12.0458624,"stopLon":-77.0687218,"routeNames":"1130-(Lima-Callao) CR07 CR09 CR10 CR35 CR40 CR41 CR56 CR61 ICR02b IM19 OM09"},{"stopId":816455,"stopName":"Plaza 2 de Mayo","stopTypeGroup":"bus","stopLat":-12.0458359,"stopLon":-77.0429959,"routeNames":"1404 1505 1612 1701 1702 1706 2204 2406 2411 2511-(Lima-Callao) 3505 3906-(Lima-Callao) 4204 4502 4504 8306 8503 9306-(Callao-Lima) 9405-(Lima-Callao) 9601-(Lima-Callao) 9602-(Lima-Callao) 9801-(Lima-Callao) 9802-(Lima-Callao) CR09 CR"},{"stopId":1009307,"stopName":"Comercial del Acero","stopTypeGroup":"bus","stopLat":-12.045743,"stopLon":-77.0684218,"routeNames":"1130-(Lima-Callao) CR07 CR09 CR10 CR35 CR40 CR41 CR56 CR61 ICR02b IM19 OM09"},{"stopId":1009313,"stopName":"Nicolás Dueñas","stopTypeGroup":"bus","stopLat":-12.0455791,"stopLon":-77.0658304,"routeNames":"1130-(Lima-Callao) CR07 CR09 CR10 CR35 CR40 CR41 CR56 CR61 ICR02b IM19 OM09"},{"stopId":1303572,"stopName":"Nicolás Dueñas","stopTypeGroup":"bus","stopLat":-12.0453854,"stopLon":-77.0645857,"routeNames":"1130-(Lima-Callao) 1508 CR07 CR09 CR10 CR35 CR40 CR41 CR56 CR61 ICR02b IM19 IM22 IO55 OM09"},{"stopId":1017559,"stopName":"Amazonas","stopTypeGroup":"bus","stopLat":-12.0453344,"stopLon":-77.0195814,"routeNames":"1046 1055 1602 1607 1608 1703-(Lima-Callao) 2603 2604 2607 2608 2609 2611 2702 2803 3603 3607 3610 3613 4623 CR12 CR43 OM34"},{"stopId":732403,"stopName":"Huancavelica","stopTypeGroup":"bus","stopLat":-12.0453119,"stopLon":-77.0369321,"routeNames":"303 336"},{"stopId":1335285,"stopName":"Guillermo Dansey","stopTypeGroup":"bus","stopLat":-12.0452542,"stopLon":-77.0441687,"routeNames":"CR09"},{"stopId":1457525,"stopName":"Cañete","stopTypeGroup":"bus","stopLat":-12.0452201,"stopLon":-77.0392871},{"stopId":1768101,"stopName":"Puente Huánuco","stopTypeGroup":"bus","stopLat":-12.0451655,"stopLon":-77.0197905,"routeNames":"1804 2404-(Lima-Callao) 2407 4908-(Lima-Callao) IM34b"},{"stopId":966012,"stopName":"Amazonas","stopTypeGroup":"bus","stopLat":-12.0451146,"stopLon":-77.025186,"routeNames":"1044 1059 1060 1103 1403 1474 1610 1804 2404-(Lima-Callao) 2407 2409 2412 2701-(Lima-Callao) 2703 3405 3511 3805 3809 3810 4304 4908-(Lima-Callao) 4913-(Lima-Callao) 8308 IM26 IM34b NH13 NH25 NH26b NM09"},{"stopId":1303555,"stopName":"Ricardo Herrera","stopTypeGroup":"bus","stopLat":-12.0450916,"stopLon":-77.0601439,"routeNames":"1130-(Lima-Callao) 1508 CR07 CR09 CR10 CR35 CR40 CR41 CR56 CR61 ICR02b IM19 IM22 IO55 OM09"},{"stopId":1303556,"stopName":"Ricardo Herrera","stopTypeGroup":"bus","stopLat":-12.0449342,"stopLon":-77.0598221,"routeNames":"1130-(Lima-Callao) 1508 CR07 CR09 CR10 CR35 CR40 CR41 CR56 CR61 ICR02b IM19 IM22 IO55 OM09"},{"stopId":1457523,"stopName":"Chancay","stopTypeGroup":"bus","stopLat":-12.0449001,"stopLon":-77.0378092},{"stopId":1019538,"stopName":"Argentina","stopTypeGroup":"bus","stopLat":-12.0448582,"stopLon":-77.0653318,"routeNames":"1508 7204 8201 8214 CR62 IM06 IM22 IM47 IO28b IO30b IO35b IO38b IO45 IO55 IPC06 OM21"},{"stopId":1303562,"stopName":"República de Ecuador","stopTypeGroup":"bus","stopLat":-12.0447243,"stopLon":-77.0563245,"routeNames":"1130-(Lima-Callao) 1508 CR07 CR09 CR10 CR35 CR40 CR41 CR56 CR61 ICR02b IM19 IM22 IO55 OM09"},{"stopId":950953,"stopName":"Plazuela Maravillas","stopTypeGroup":"bus","stopLat":-12.0447056,"stopLon":-77.0123572,"routeNames":"1047 1051 1346-(Lima-Callao) 2303 3507 3701 3815 3816 4703 5303 9303-(Lima-Callao) IM56 IO37b-(Callao-Lima) IO66 OM42-(Callao-Lima)"},{"stopId":1303563,"stopName":"República de Ecuador","stopTypeGroup":"bus","stopLat":-12.0446141,"stopLon":-77.0563298,"routeNames":"1130-(Lima-Callao) 1508 CR07 CR09 CR10 CR35 CR40 CR41 CR56 CR61 ICR02b IM19 IM22 IO55 OM09"},{"stopId":1768100,"stopName":"Puente Balta","stopTypeGroup":"bus","stopLat":-12.0446011,"stopLon":-77.0232,"routeNames":"1804 2404-(Lima-Callao) 2407 4908-(Lima-Callao) IM34b"},{"stopId":732436,"stopName":"Ica","stopTypeGroup":"bus","stopLat":-12.0445984,"stopLon":-77.0361999,"routeNames":"303 336 412"},{"stopId":816451,"stopName":"Argentina","stopTypeGroup":"bus","stopLat":-12.0445355,"stopLon":-77.0508957,"routeNames":"1508 2510 CR35 CR41 CR56 CR61 IM19 IO55"},{"stopId":1301205,"stopName":"Avenida Argentina","stopTypeGroup":"bus","stopLat":-12.0444095,"stopLon":-77.0561957,"routeNames":"9503-(Lima-Callao) 9802-(Lima-Callao) IM12-(Lima-Callao)"},{"stopId":1323496,"stopName":"Ramón Cárcamo","stopTypeGroup":"bus","stopLat":-12.0443492,"stopLon":-77.0510539,"routeNames":"1130-(Lima-Callao) 1508 9503-(Lima-Callao) 9802-(Lima-Callao) CR07 CR09 CR10 CR35 CR40 CR41 CR56 CR61 ICR02b IM12-(Lima-Callao) IM19 IM22 IO55 OM09"},{"stopId":732463,"stopName":"Ica","stopTypeGroup":"bus","stopLat":-12.0443413,"stopLon":-77.0362428,"routeNames":"301 305 412"},{"stopId":950954,"stopName":"Plazuela Maravillas","stopTypeGroup":"bus","stopLat":-12.0443278,"stopLon":-77.0122767,"routeNames":"1047 1051 1346-(Lima-Callao) 2303 3507 3701 3815 3816 4703 5303 9303-(Lima-Callao) IM56 IO37b-(Callao-Lima) IO66 OM42-(Callao-Lima)"},{"stopId":740925,"stopName":"Desamparados","stopTypeGroup":"rail","stopLat":-12.0441944,"stopLon":-77.0283169,"routeNames":"Lima-Huancayo"},{"stopId":1330199,"stopName":"Argentina","stopTypeGroup":"bus","stopLat":-12.0441708,"stopLon":-77.0470279,"routeNames":"2204 4503"},{"stopId":816452,"stopName":"Malvinas","stopTypeGroup":"bus","stopLat":-12.0440895,"stopLon":-77.047205,"routeNames":"1130-(Lima-Callao) 2510 8503 9503-(Lima-Callao) 9802-(Lima-Callao) CR07 CR09 CR10 CR40 CR41 CR61 ICR02b IM12-(Lima-Callao) IM19 IM22 OM09"},{"stopId":1034442,"stopName":"Unión","stopTypeGroup":"bus","stopLat":-12.0440302,"stopLon":-77.0428227,"routeNames":"1404 1505 1612 1701 1702 1706 2204 2406 2411 2511-(Lima-Callao) 3505 3906-(Lima-Callao) 4204 4502 4504 8306 8503 9306-(Callao-Lima) 9405-(Lima-Callao) 9503-(Lima-Callao) 9601-(Lima-Callao) 9602-(Lima-Callao) 9801-(Lima-Callao) 9802-(L"},{"stopId":815586,"stopName":"Ramón Castilla","stopTypeGroup":"bus","stopLat":-12.0439636,"stopLon":-77.041508,"routeNames":"A C EX10"},{"stopId":816490,"stopName":"Ramón Cárcamo","stopTypeGroup":"bus","stopLat":-12.0439111,"stopLon":-77.0508045,"routeNames":"1130-(Lima-Callao) 2204 2510 8503 9503-(Lima-Callao) 9802-(Lima-Callao) CR07 CR09 CR10 CR40 ICR02b IM12-(Lima-Callao) IM22 OM09"},{"stopId":816454,"stopName":"Plaza Unión","stopTypeGroup":"bus","stopLat":-12.0437538,"stopLon":-77.0437127,"routeNames":"1130-(Lima-Callao) 2204 2502 2505 2510 4502 4503 4504 7505 8503 9503-(Lima-Callao) 9802-(Lima-Callao) CR07 CR09 CR10 CR40 CR41 CR61 ICR02b IM12-(Lima-Callao) IM19 IM22 OM09"},{"stopId":950955,"stopName":"Estación El Ángel","stopTypeGroup":"bus","stopLat":-12.043735,"stopLon":-77.0106299,"routeNames":"1047 1051 1346-(Lima-Callao) 2303 3507 3701 3815 3816 4703 5303 9303-(Lima-Callao) IM56 IO37b-(Callao-Lima) IO66 OM42-(Callao-Lima)"},{"stopId":1457524,"stopName":"Angaraes","stopTypeGroup":"bus","stopLat":-12.0436803,"stopLon":-77.0397967},{"stopId":735465,"stopName":"Callao","stopTypeGroup":"bus","stopLat":-12.0436331,"stopLon":-77.0355508,"routeNames":"301 305"},{"stopId":1304190,"stopName":"Argentina","stopTypeGroup":"bus","stopLat":-12.0435701,"stopLon":-77.0497155,"routeNames":"8503"},{"stopId":950956,"stopName":"Estación El Ángel","stopTypeGroup":"bus","stopLat":-12.0435409,"stopLon":-77.0105011,"routeNames":"1047 1051 1346-(Lima-Callao) 2303 3507 3701 3815 3816 4703 5303 9303-(Lima-Callao) IM56 IO37b-(Callao-Lima) IO66 OM42-(Callao-Lima)"},{"stopId":1457526,"stopName":"Plaza Unión","stopTypeGroup":"bus","stopLat":-12.0434836,"stopLon":-77.0420954},{"stopId":816489,"stopName":"Malvinas","stopTypeGroup":"bus","stopLat":-12.0434757,"stopLon":-77.0469797,"routeNames":"1130-(Lima-Callao) 2204 2510 7505 8503 9503-(Lima-Callao) 9802-(Lima-Callao) CR07 CR09 CR10 CR40 ICR02b IM12-(Lima-Callao) IM22 OM09"},{"stopId":1311130,"stopName":"Argentina","stopTypeGroup":"bus","stopLat":-12.0433865,"stopLon":-77.047146,"routeNames":"2502 2505 4502 4503 4504"},{"stopId":737543,"stopName":"Acho","stopTypeGroup":"bus","stopLat":-12.0431373,"stopLon":-77.0223624,"routeNames":"1213 1308 1411 1412 1607 1608 1703-(Lima-Callao) 1801-(Lima-Callao) 1802 1804 2404-(Lima-Callao) 2407 2414 2603 2604 2701-(Lima-Callao) 2803 2804-(Lima-Callao) 2805 4212 4905-(Lima-Callao) 4908-(Lima-Callao) 7101 8102 8105 8107 8108 810"},{"stopId":1468439,"stopName":"Cripta de los Héroes","stopTypeGroup":"bus","stopLat":-12.0430743,"stopLon":-77.0088896,"routeNames":"1047 1051 1346-(Lima-Callao) 2303 3507 3701 3815 3816 4703 5303 9303-(Lima-Callao) IO66 OM42-(Callao-Lima)"},{"stopId":950958,"stopName":"Cripta de los Héroes","stopTypeGroup":"bus","stopLat":-12.0430058,"stopLon":-77.0089066,"routeNames":"1047 1051 1346-(Lima-Callao) 2303 3507 3701 3815 3816 4703 5303 9303-(Lima-Callao) IM56 IO37b-(Callao-Lima) IO66 OM42-(Callao-Lima)"},{"stopId":737705,"stopName":"Acho","stopTypeGroup":"bus","stopLat":-12.0428068,"stopLon":-77.0223677,"routeNames":"1213 1308 1411 1412 1607 1608 1703-(Lima-Callao) 1801-(Lima-Callao) 1802 1804 2404-(Lima-Callao) 2407 2414 2603 2604 2701-(Lima-Callao) 2803 2804-(Lima-Callao) 2805 4212 4905-(Lima-Callao) 4908-(Lima-Callao) 7101 8102 8105 8107 8108 810"},{"stopId":1034435,"stopName":"Unión","stopTypeGroup":"bus","stopLat":-12.0427577,"stopLon":-77.0432451,"routeNames":"1404 1505 1612 1701 1702 1706 2204 2406 2411 2510 2511-(Lima-Callao) 3505 3906-(Lima-Callao) 4204 8306 9306-(Callao-Lima) 9405-(Lima-Callao) 9601-(Lima-Callao) 9602-(Lima-Callao) 9801-(Lima-Callao) CR07 IM12-(Lima-Callao) IO19 IO27 IO"},{"stopId":1017605,"stopName":"Loreto","stopTypeGroup":"bus","stopLat":-12.0425669,"stopLon":-77.028596,"routeNames":"1103 1403 1602 1610 2409 2412 2607 2608 2609 2611 2703 3204 3505 370 3906-(Lima-Callao) 4211 8306 9306-(Callao-Lima) CR12 CR43 IM12-(Lima-Callao) IO52 NH26b OM34 SH112a"},{"stopId":734581,"stopName":"Acho","stopTypeGroup":"bus","stopLat":-12.0425366,"stopLon":-77.0223677,"routeNames":"1044 1059 1060 1474 1602 2607 2608 2609 2611 2702 3204 3405 3505 3511 370 3805 3809 3810 3906-(Lima-Callao) 404 405 406 4211 4304 4623 4913-(Lima-Callao) 8306 8308 9306-(Callao-Lima) CR12 CR43 IM12-(Lima-Callao) IM26 IO52 NH13 NH25 NH25a OM34"},{"stopId":1017607,"stopName":"Terminal Z-Buss","stopTypeGroup":"bus","stopLat":-12.0424829,"stopLon":-77.0254764,"routeNames":"1103 1403 1602 1610 2409 2412 2607 2608 2609 2611 2703 3204 3505 3906-(Lima-Callao) 4211 8306 9306-(Callao-Lima) CR12 CR43 IM12-(Lima-Callao) IO52 NH26b OM34 SH112a"},{"stopId":734588,"stopName":"Acho","stopTypeGroup":"bus","stopLat":-12.0424474,"stopLon":-77.0227325,"routeNames":"1044 1059 1060 1474 3405 3511 3805 3809 3810 404 405 406 4304 4913-(Lima-Callao) 8308 IM26 NH13 NH25 NH25a NM09 TVE46"},{"stopId":1457519,"stopName":"Huancavelica","stopTypeGroup":"bus","stopLat":-12.0424002,"stopLon":-77.0419022},{"stopId":1468441,"stopName":"Cementerio Presbítero Maestro","stopTypeGroup":"bus","stopLat":-12.0423687,"stopLon":-77.006768,"routeNames":"1047 1051 1346-(Lima-Callao) 2303 3507 3701 3815 3816 4703 5303 9303-(Lima-Callao) IO66 OM42-(Callao-Lima)"},{"stopId":950960,"stopName":"Cementerio Presbítero Maestro","stopTypeGroup":"bus","stopLat":-12.0423132,"stopLon":-77.0067823,"routeNames":"1047 1051 1346-(Lima-Callao) 2303 3507 3701 3815 3816 4703 5303 9303-(Lima-Callao) IM56 IO37b-(Callao-Lima) IO66 OM42-(Callao-Lima)"},{"stopId":1301193,"stopName":"Villa Señor de Los MIlagros","stopTypeGroup":"bus","stopLat":-12.04229,"stopLon":-77.0858824,"routeNames":"9303-(Lima-Callao) 9802-(Lima-Callao)"},{"stopId":1304189,"stopName":"Huancavelica","stopTypeGroup":"bus","stopLat":-12.0422323,"stopLon":-77.0485353,"routeNames":"8503"},{"stopId":1301194,"stopName":"Velasco Alvarado","stopTypeGroup":"bus","stopLat":-12.0422271,"stopLon":-77.0831573,"routeNames":"9303-(Lima-Callao) 9802-(Lima-Callao)"},{"stopId":1157572,"stopName":"Pataz","stopTypeGroup":"bus","stopLat":-12.0421028,"stopLon":-77.025546,"routeNames":"3204 3505 4211 4623 8306 9306-(Callao-Lima) OM34 SH112a"},{"stopId":1019086,"stopName":"Las Herrmientas","stopTypeGroup":"bus","stopLat":-12.042057,"stopLon":-77.0655468,"routeNames":"1508 7204 8201 8214 CR62 IM06 IM22 IM47 IO28b IO30b IO35b IO38b IO45 IO55 IPC06 OM21"},{"stopId":737408,"stopName":"Materiales","stopTypeGroup":"bus","stopLat":-12.0420067,"stopLon":-77.0770204,"routeNames":"018p 1031 1103 1201 1278-(Lima-Callao) 1503 1504 1506 1513 1514 1518 1604 1611 1615 1618 1704 1901-(Lima-Callao) 2303 2408 2513 2613 3205 4205 4206 4210-(Lima-Callao) 4908-(Lima-Callao) 7103 8104 9303-(Lima-Callao) CR17 ICR14 IM04 IM21 IM24"},{"stopId":1019535,"stopName":"Las Herramientas","stopTypeGroup":"bus","stopLat":-12.0419062,"stopLon":-77.0656433,"routeNames":"1508 7204 8201 8214 CR62 IM06 IM22 IM47 IO28b IO30b IO35b IO38b IO45 IO55 IPC06 OM21"},{"stopId":1301195,"stopName":"Universitaria","stopTypeGroup":"bus","stopLat":-12.0419018,"stopLon":-77.0773423,"routeNames":"9303-(Lima-Callao) 9802-(Lima-Callao)"},{"stopId":1157573,"stopName":"Chiclayo","stopTypeGroup":"bus","stopLat":-12.0418906,"stopLon":-77.0283649,"routeNames":"2409 3204 3505 4211 8306 9306-(Callao-Lima) OM34 SH112a"},{"stopId":1017560,"stopName":"Acho","stopTypeGroup":"bus","stopLat":-12.0418847,"stopLon":-77.0224478,"routeNames":"1103 1403 1602 1610 2412 2607 2608 2609 2611 2702 2703 3204 3505 370 4211 4623 8306 9306-(Callao-Lima) CR12 CR43 IM12-(Lima-Callao) NH26b OM34 SH112a"},{"stopId":738069,"stopName":"Presbítero Maestro","stopTypeGroup":"metro","stopLat":-12.0418756,"stopLon":-77.0116067,"routeNames":"Línea-1"},{"stopId":1157574,"stopName":"Trujillo","stopTypeGroup":"bus","stopLat":-12.0417876,"stopLon":-77.0293764,"routeNames":"2409 3204 3505 4211 8306 9306-(Callao-Lima) OM34 SH112a"},{"stopId":950961,"stopName":"Plácido Jiménez","stopTypeGroup":"bus","stopLat":-12.0417456,"stopLon":-77.0048784,"routeNames":"1047 1051 1346-(Lima-Callao) 2303 3507 3701 3815 3816 4703 5303 9303-(Lima-Callao) IM56 IO37b-(Callao-Lima) IO66 OM42-(Callao-Lima)"},{"stopId":1517023,"stopName":"Plácido Jiménez","stopTypeGroup":"bus","stopLat":-12.0416421,"stopLon":-77.0046973,"routeNames":"1047 3816 4703 5303 IO66 OM42-(Callao-Lima)"},{"stopId":1301230,"stopName":"Universitaria","stopTypeGroup":"bus","stopLat":-12.0416395,"stopLon":-77.0767951,"routeNames":"9503-(Lima-Callao) 9802-(Lima-Callao)"},{"stopId":736379,"stopName":"Materiales","stopTypeGroup":"bus","stopLat":-12.041587,"stopLon":-77.0771867,"routeNames":"018p 1031 1103 1201 1278-(Lima-Callao) 1503 1504 1506 1513 1514 1518 1604 1611 1615 1618 1704 1901-(Lima-Callao) 2303 2408 2513 2613 3205 4205 4206 4210-(Lima-Callao) 4908-(Lima-Callao) 7103 8104 9503-(Lima-Callao) CR17 ICR14 IM04 IM21 IM24"},{"stopId":950962,"stopName":"Áncash","stopTypeGroup":"bus","stopLat":-12.0415672,"stopLon":-77.0048301,"routeNames":"1051 1346-(Lima-Callao) 2303 3507 3701 3815 9303-(Lima-Callao) IM56"},{"stopId":737706,"stopName":"Trujillo","stopTypeGroup":"bus","stopLat":-12.0413929,"stopLon":-77.0325279,"routeNames":"1213 1308 1411 1412 1607 1608 1703-(Lima-Callao) 1801-(Lima-Callao) 1802 1804 2404-(Lima-Callao) 2407 2414 2603 2604 2701-(Lima-Callao) 2803 2804-(Lima-Callao) 2805 4212 4905-(Lima-Callao) 4908-(Lima-Callao) 7101 8102 8105 8107 8108 810"},{"stopId":1311140,"stopName":"Villamar","stopTypeGroup":"bus","stopLat":-12.0413089,"stopLon":-77.0460248,"routeNames":"2502 2505 4502 4503 4504"},{"stopId":1573275,"stopName":"Pataz","stopTypeGroup":"bus","stopLat":-12.0413037,"stopLon":-77.0257795,"routeNames":"2702"},{"stopId":737542,"stopName":"Trujillo","stopTypeGroup":"bus","stopLat":-12.0409968,"stopLon":-77.0340031,"routeNames":"1213 1308 1411 1412 1607 1608 1703-(Lima-Callao) 1801-(Lima-Callao) 1802 1804 2404-(Lima-Callao) 2407 2414 2603 2604 2701-(Lima-Callao) 2803 2804-(Lima-Callao) 2805 4212 4905-(Lima-Callao) 4908-(Lima-Callao) 7101 8102 8105 8107 8108 810"},{"stopId":1157575,"stopName":"Virú","stopTypeGroup":"bus","stopLat":-12.0408957,"stopLon":-77.0303152,"routeNames":"2409 3204 3505 4211 8306 9306-(Callao-Lima) OM34 SH112a"},{"stopId":1017604,"stopName":"Trujillo","stopTypeGroup":"bus","stopLat":-12.0408678,"stopLon":-77.029395,"routeNames":"2409 2702 3204 3505 3906-(Lima-Callao) 4211 8306 9306-(Callao-Lima) CR12 CR43 IO52 OM34 SH112a"},{"stopId":1301189,"stopName":"28 de Julio","stopTypeGroup":"bus","stopLat":-12.0407161,"stopLon":-77.0872235,"routeNames":"9303-(Lima-Callao) 9802-(Lima-Callao)"},{"stopId":1017603,"stopName":"Plaza Barraganes","stopTypeGroup":"bus","stopLat":-12.0406397,"stopLon":-77.0313899,"routeNames":"1217 2209 2409 2702 3204 3906-(Lima-Callao) 4211 8306 9306-(Callao-Lima) CR12 CR43 IO52 OM23 OM33 OM34 SH112a"},{"stopId":1301190,"stopName":"Daniel Alcides Carrión","stopTypeGroup":"bus","stopLat":-12.0405823,"stopLon":-77.0870841,"routeNames":"9303-(Lima-Callao) 9802-(Lima-Callao)"},{"stopId":1017561,"stopName":"Cajamarca","stopTypeGroup":"bus","stopLat":-12.040471,"stopLon":-77.0225872,"routeNames":"1103 1403 1602 1610 2412 2607 2608 2609 2611 2702 2703 CR12 CR43 IM12-(Lima-Callao) NH26b"},{"stopId":737545,"stopName":"Mercado de Flores","stopTypeGroup":"bus","stopLat":-12.0404092,"stopLon":-77.0167807,"routeNames":"1046 1055 1411 1412 1801-(Lima-Callao) 1802 2414 2804-(Lima-Callao) 2805 3204 3603 3607 3610 3613 4212 4905-(Lima-Callao) 4913-(Lima-Callao) 7101 8102 8105 8107 8108 8109 8110 8111 8112 8209 8211 8212 9305-(Lima-Callao) 9307-(Callao-Lima)"},{"stopId":1197453,"stopName":"Hualgayoc","stopTypeGroup":"bus","stopLat":-12.0404084,"stopLon":-77.0240609,"routeNames":"2702 3906-(Lima-Callao) CR12 CR43 IO52"},{"stopId":1301192,"stopName":"Enrique Meiggs","stopTypeGroup":"bus","stopLat":-12.0403908,"stopLon":-77.0860112,"routeNames":"9303-(Lima-Callao) 9802-(Lima-Callao)"},{"stopId":734582,"stopName":"Mercado de Flores","stopTypeGroup":"bus","stopLat":-12.0403226,"stopLon":-77.0176658,"routeNames":"1044 1059 1060 1308 1474 3405 3505 3511 3805 3809 3810 3906-(Lima-Callao) 404 405 406 4211 4304 4623 8306 8308 9306-(Callao-Lima) IM12-(Lima-Callao) IM26 IO52 NH13 NH25 NH25a SH112a TVE46"},{"stopId":1301191,"stopName":"Pacífico","stopTypeGroup":"bus","stopLat":-12.0402754,"stopLon":-77.0862472,"routeNames":"9303-(Lima-Callao) 9802-(Lima-Callao)"},{"stopId":737704,"stopName":"Mercado de Flores","stopTypeGroup":"bus","stopLat":-12.0402754,"stopLon":-77.0168236,"routeNames":"1046 1055 1411 1412 1801-(Lima-Callao) 1802 2414 2804-(Lima-Callao) 2805 3204 3603 3607 3610 3613 4212 4905-(Lima-Callao) 4913-(Lima-Callao) 7101 8102 8105 8107 8108 8109 8110 8111 8112 8209 8211 8212 9305-(Lima-Callao) 9307-(Callao-Lima)"},{"stopId":734587,"stopName":"Mercado de Flores","stopTypeGroup":"bus","stopLat":-12.0401469,"stopLon":-77.0175773,"routeNames":"1044 1059 1060 1308 1474 3405 3505 3511 3805 3809 3810 3906-(Lima-Callao) 404 405 406 4211 4304 4623 8306 8308 9306-(Callao-Lima) IM12-(Lima-Callao) IM26 IO52 NH13 NH25 NH25a SH112a TVE46"},{"stopId":1310576,"stopName":"Ayabaca","stopTypeGroup":"bus","stopLat":-12.0401285,"stopLon":-77.0312029,"routeNames":"2209"},{"stopId":1201627,"stopName":"Pizarro","stopTypeGroup":"bus","stopLat":-12.0400675,"stopLon":-77.0302329,"routeNames":"1217 2409 3204 3505 4211 8306 9306-(Callao-Lima) OM23 OM33 OM34 SH112a"},{"stopId":1032138,"stopName":"Cajamarca","stopTypeGroup":"bus","stopLat":-12.040043,"stopLon":-77.0283253,"routeNames":"1103 1403 1602 1610 2412 2607 2608 2609 2611 2703 370 IM12-(Lima-Callao) NH26b"},{"stopId":1017562,"stopName":"Trujillo","stopTypeGroup":"bus","stopLat":-12.0400218,"stopLon":-77.0290508,"routeNames":"2702 3906-(Lima-Callao) CR12 CR43 IO52"},{"stopId":1304194,"stopName":"Pasaje D","stopTypeGroup":"bus","stopLat":-12.0397088,"stopLon":-77.0474839,"routeNames":"2502 2505 4502 4503 4504 8503"},{"stopId":1017602,"stopName":"Tacna","stopTypeGroup":"bus","stopLat":-12.0396511,"stopLon":-77.0331606,"routeNames":"1217 2209 2409 2702 3204 3505 3906-(Lima-Callao) 4211 8306 9306-(Callao-Lima) CR12 CR43 IO52 OM23 OM33 OM34 SH112a"},{"stopId":735415,"stopName":"Virú","stopTypeGroup":"bus","stopLat":-12.0396432,"stopLon":-77.0329463,"routeNames":"301 305 336"},{"stopId":1301204,"stopName":"República de Ecuador","stopTypeGroup":"bus","stopLat":-12.0395619,"stopLon":-77.0567429,"routeNames":"9503-(Lima-Callao) 9802-(Lima-Callao) IM12-(Lima-Callao)"},{"stopId":1301183,"stopName":"La Libertad","stopTypeGroup":"bus","stopLat":-12.0393625,"stopLon":-77.0956349,"routeNames":"9303-(Lima-Callao) 9503-(Lima-Callao) 9802-(Lima-Callao) IM12-(Lima-Callao)"},{"stopId":1301203,"stopName":"Fernando Wiesse","stopTypeGroup":"bus","stopLat":-12.0392156,"stopLon":-77.0591891,"routeNames":"9503-(Lima-Callao) 9802-(Lima-Callao) IM12-(Lima-Callao)"},{"stopId":1301184,"stopName":"La Libertad","stopTypeGroup":"bus","stopLat":-12.0391789,"stopLon":-77.095415,"routeNames":"9303-(Lima-Callao) 9503-(Lima-Callao) 9802-(Lima-Callao) IM12-(Lima-Callao)"},{"stopId":1205920,"stopName":"Madera","stopTypeGroup":"bus","stopLat":-12.0391284,"stopLon":-77.0228933,"routeNames":"1103 1403 1602 1610 2412 2607 2609 2611 2703 IM12-(Lima-Callao) NH26b"},{"stopId":1304185,"stopName":"Nuevo Mercado de Caquetá","stopTypeGroup":"bus","stopLat":-12.0391212,"stopLon":-77.0461321,"routeNames":"4502 4503"},{"stopId":1542930,"stopName":"Conde de la Vega","stopTypeGroup":"bus","stopLat":-12.0391055,"stopLon":-77.0488733,"routeNames":"8503"},{"stopId":1204434,"stopName":"Grifo","stopTypeGroup":"bus","stopLat":-12.0390575,"stopLon":-77.016033,"routeNames":"1044 1059 1060 1308 1474 3405 3505 3511 3805 3809 3810 3906-(Lima-Callao) 4211 4304 4623 8306 8308 9306-(Callao-Lima) IM12-(Lima-Callao) IM26 IO52 NH13 NH25 NH25a SH112a TVE46"},{"stopId":1301185,"stopName":"Jorge Chávez","stopTypeGroup":"bus","stopLat":-12.0389848,"stopLon":-77.0936286,"routeNames":"9303-(Lima-Callao) 9503-(Lima-Callao) 9802-(Lima-Callao) IM12-(Lima-Callao)"},{"stopId":1205887,"stopName":"Chiclayo","stopTypeGroup":"bus","stopLat":-12.0389802,"stopLon":-77.0280132,"routeNames":"1103 2607 2608 2609 2611 2703 IM12-(Lima-Callao)"},{"stopId":1017563,"stopName":"Tacna","stopTypeGroup":"bus","stopLat":-12.0389326,"stopLon":-77.0320567,"routeNames":"1217 2209 2409 2702 3204 3505 3906-(Lima-Callao) 4211 8306 9306-(Callao-Lima) CR12 CR43 IO52 OM23 OM33 OM34 SH112a"},{"stopId":732437,"stopName":"Francisco Pizarro","stopTypeGroup":"bus","stopLat":-12.0389297,"stopLon":-77.0322919,"routeNames":"301 303 305 336 412"},{"stopId":1204452,"stopName":"Grifo","stopTypeGroup":"bus","stopLat":-12.0388941,"stopLon":-77.0159645,"routeNames":"1044 1059 1060 1308 1474 3405 3505 3511 3805 3809 3810 3906-(Lima-Callao) 4211 4304 4623 8306 8308 9306-(Callao-Lima) IM12-(Lima-Callao) IM26 IO52 NH13 NH25 NH25a SH112a TVE46"},{"stopId":1301186,"stopName":"Jorge Chávez","stopTypeGroup":"bus","stopLat":-12.0387644,"stopLon":-77.0933497,"routeNames":"9303-(Lima-Callao) 9503-(Lima-Callao) 9802-(Lima-Callao) IM12-(Lima-Callao)"},{"stopId":1301202,"stopName":"José Galdeano y Mendoza","stopTypeGroup":"bus","stopLat":-12.0386805,"stopLon":-77.0630407,"routeNames":"9503-(Lima-Callao) 9802-(Lima-Callao) IM12-(Lima-Callao)"},{"stopId":732396,"stopName":"Francisco Pizarro","stopTypeGroup":"bus","stopLat":-12.038628,"stopLon":-77.0322704,"routeNames":"303 412"},{"stopId":1304186,"stopName":"Pacasmayo","stopTypeGroup":"bus","stopLat":-12.0385572,"stopLon":-77.0476395,"routeNames":"2502 2505 4504 8503"},{"stopId":1019087,"stopName":"Enrique Meiggs","stopTypeGroup":"bus","stopLat":-12.0385491,"stopLon":-77.0658983,"routeNames":"1508 7204 8201 8214 9503-(Lima-Callao) 9802-(Lima-Callao) CR62 IM06 IM22 IM47 IO28b IO30b IO35b IO38b IO45 IO55 IPC06 OM21"},{"stopId":1301231,"stopName":"Víctor Andrés Belaúnde","stopTypeGroup":"bus","stopLat":-12.0384601,"stopLon":-77.0906353,"routeNames":"9303-(Lima-Callao) 9503-(Lima-Callao) 9802-(Lima-Callao) IM12-(Lima-Callao)"},{"stopId":1301201,"stopName":"Nicolás Dueñas","stopTypeGroup":"bus","stopLat":-12.0382608,"stopLon":-77.0658195,"routeNames":"9503-(Lima-Callao) 9802-(Lima-Callao) IM12-(Lima-Callao)"},{"stopId":1301232,"stopName":"Víctor Andrés Belaúnde","stopTypeGroup":"bus","stopLat":-12.0381768,"stopLon":-77.0903349,"routeNames":"9303-(Lima-Callao) 9503-(Lima-Callao) 9802-(Lima-Callao) IM12-(Lima-Callao)"},{"stopId":1205886,"stopName":"Yutay","stopTypeGroup":"bus","stopLat":-12.0381539,"stopLon":-77.0290083,"routeNames":"1103 2607 2608 2609 2611 2703 370 IM12-(Lima-Callao)"},{"stopId":1323495,"stopName":"Enrique Meiggs","stopTypeGroup":"bus","stopLat":-12.0381401,"stopLon":-77.0660448,"routeNames":"1508 7204 8201 8214 CR62 IM06 IM22 IM47 IO28b IO30b IO35b IO38b IO45 IO55 IPC06 OM21"},{"stopId":1301187,"stopName":"Daniel Alcides Carrión","stopTypeGroup":"bus","stopLat":-12.0380509,"stopLon":-77.088629,"routeNames":"9303-(Lima-Callao) 9503-(Lima-Callao) 9802-(Lima-Callao) IM12-(Lima-Callao)"},{"stopId":1032091,"stopName":"Atahualpa","stopTypeGroup":"bus","stopLat":-12.0379801,"stopLon":-77.0266999,"routeNames":"1103 1403 1602 1610 2412 2607 2608 2609 2611 2703 370 IM12-(Lima-Callao) NH26b"},{"stopId":1997569,"stopName":"Parque A","stopTypeGroup":"bus","stopLat":-12.037930251060644,"stopLon":-77.00488507747652,"routeNames":"1051"},{"stopId":950964,"stopName":"Ferrocarril","stopTypeGroup":"bus","stopLat":-12.0378761,"stopLon":-77.0057696,"routeNames":"1051 1346-(Lima-Callao) 2303 3507 3701 3815 9303-(Lima-Callao) IM56"},{"stopId":1318286,"stopName":"Daniel Alcides Carrión","stopTypeGroup":"bus","stopLat":-12.0377781,"stopLon":-77.0881408,"routeNames":"9503-(Lima-Callao) IM12-(Lima-Callao)"},{"stopId":1032137,"stopName":"Chiclayo","stopTypeGroup":"bus","stopLat":-12.0376191,"stopLon":-77.0271076,"routeNames":"1403 1602 1610 2412 NH26b"},{"stopId":817688,"stopName":"Caquetá","stopTypeGroup":"bus","stopLat":-12.037542,"stopLon":-77.0442116,"routeNames":"1404 1505 1612 1701 1702 1706 2204 2406 2511-(Lima-Callao) 4204 9405-(Lima-Callao) 9601-(Lima-Callao) 9602-(Lima-Callao) 9801-(Lima-Callao) IO44b IO47"},{"stopId":1204435,"stopName":"Puente","stopTypeGroup":"bus","stopLat":-12.0375361,"stopLon":-77.0138437,"routeNames":"1044 1059 1060 1308 1474 3405 3505 3511 3805 3809 3810 3906-(Lima-Callao) 4211 4304 4623 8306 8308 9306-(Callao-Lima) IM12-(Lima-Callao) IM26 IO52 NH13 NH25 NH25a SH112a TVE46"},{"stopId":1304187,"stopName":"Máncora","stopTypeGroup":"bus","stopLat":-12.0374843,"stopLon":-77.0497853,"routeNames":"2502 2505"},{"stopId":1204451,"stopName":"Puente","stopTypeGroup":"bus","stopLat":-12.0374408,"stopLon":-77.0138497,"routeNames":"1044 1059 1060 1308 1474 3405 3505 3511 3805 3809 3810 3906-(Lima-Callao) 4211 4304 4623 8306 8308 9306-(Callao-Lima) IM12-(Lima-Callao) IM26 IO52 NH13 NH25 NH25a SH112a TVE46"},{"stopId":1456642,"stopName":"General San Román","stopTypeGroup":"bus","stopLat":-12.0372849,"stopLon":-77.0390511},{"stopId":1321044,"stopName":"Negritos","stopTypeGroup":"bus","stopLat":-12.0372535,"stopLon":-77.0521402,"routeNames":"2502 2505"},{"stopId":1017601,"stopName":"El Águila","stopTypeGroup":"bus","stopLat":-12.037241,"stopLon":-77.0364579,"routeNames":"1217 2209 2409 2702 3505 3906-(Lima-Callao) 8306 9306-(Callao-Lima) CR12 CR43 IO52 OM23 OM33 OM34 SH112a"},{"stopId":737410,"stopName":"Panadería","stopTypeGroup":"bus","stopLat":-12.0370751,"stopLon":-77.0774871,"routeNames":"018p 1031 1103 1201 1278-(Lima-Callao) 1503 1504 1506 1513 1514 1518 1604 1611 1615 1618 1704 1901-(Lima-Callao) 2303 2408 2513 2613 3205 4205 4206 4210-(Lima-Callao) 4908-(Lima-Callao) 7103 8104 9503-(Lima-Callao) CR17 ICR14 IM04 IM21 IM24"},{"stopId":736378,"stopName":"Panadería","stopTypeGroup":"bus","stopLat":-12.0370541,"stopLon":-77.0776051,"routeNames":"018p 1031 1103 1201 1278-(Lima-Callao) 1503 1504 1506 1513 1514 1518 1604 1611 1615 1618 1704 1901-(Lima-Callao) 2303 2408 2513 2613 3205 4205 4206 4210-(Lima-Callao) 4908-(Lima-Callao) 7103 8104 9503-(Lima-Callao) CR17 ICR14 IM04 IM21 IM24"},{"stopId":1318287,"stopName":"Túpac Amaru","stopTypeGroup":"bus","stopLat":-12.0369911,"stopLon":-77.0831251,"routeNames":"9503-(Lima-Callao)"},{"stopId":735466,"stopName":"Chira","stopTypeGroup":"bus","stopLat":-12.036936,"stopLon":-77.0309427,"routeNames":"301 305"},{"stopId":1321043,"stopName":"Ferreñafe","stopTypeGroup":"bus","stopLat":-12.0369124,"stopLon":-77.0553535,"routeNames":"2502 2505"},{"stopId":1017565,"stopName":"Polinclínico","stopTypeGroup":"bus","stopLat":-12.0369039,"stopLon":-77.034748,"routeNames":"1217 2209 2409 2702 3505 3906-(Lima-Callao) 8306 9306-(Callao-Lima) CR12 CR43 IO52 OM23 OM33 OM34 SH112a"},{"stopId":1205885,"stopName":"Madera","stopTypeGroup":"bus","stopLat":-12.0367441,"stopLon":-77.0287609,"routeNames":"1103 2607 2608 2609 2611 2703 IM12-(Lima-Callao)"},{"stopId":1318288,"stopName":"Túpac Amaru","stopTypeGroup":"bus","stopLat":-12.0367183,"stopLon":-77.0828247,"routeNames":"9503-(Lima-Callao)"},{"stopId":737540,"stopName":"Caquetá","stopTypeGroup":"bus","stopLat":-12.0367131,"stopLon":-77.043643,"routeNames":"1213 1308 1411 1412 1607 1608 1703-(Lima-Callao) 1801-(Lima-Callao) 1802 1804 2404-(Lima-Callao) 2407 2414 2603 2604 2701-(Lima-Callao) 2803 2804-(Lima-Callao) 2805 4212 4905-(Lima-Callao) 4908-(Lima-Callao) 7101 8102 8105 8107 8108 810"},{"stopId":1321042,"stopName":"Reque","stopTypeGroup":"bus","stopLat":-12.0367052,"stopLon":-77.0579499,"routeNames":"2502 2505"},{"stopId":950965,"stopName":"Magnolias","stopTypeGroup":"bus","stopLat":-12.0365487,"stopLon":-77.0068479,"routeNames":"1346-(Lima-Callao) 2303 3507 3815 9303-(Lima-Callao) IM56"},{"stopId":815585,"stopName":"Caquetá","stopTypeGroup":"bus","stopLat":-12.0365426,"stopLon":-77.0436457,"routeNames":"A B D EX10 EX5 EX9"},{"stopId":735414,"stopName":"Chira","stopTypeGroup":"bus","stopLat":-12.0364166,"stopLon":-77.0308435,"routeNames":"301 305"},{"stopId":737707,"stopName":"Caquetá","stopTypeGroup":"bus","stopLat":-12.0363353,"stopLon":-77.043651,"routeNames":"1213 1308 1404 1411 1412 1505 1607 1612 1701 1702 1703-(Lima-Callao) 1706 1801-(Lima-Callao) 1802 1804 2204 2404-(Lima-Callao) 2406 2407 2414 2511-(Lima-Callao) 2603 2604 2701-(Lima-Callao) 2804-(Lima-Callao) 2805 4204 4212 4905-(Lima-C"},{"stopId":1019531,"stopName":"Juan Crespo y Castillo","stopTypeGroup":"bus","stopLat":-12.0362459,"stopLon":-77.0661517,"routeNames":"1508 7204 8201 8214 CR62 IM06 IM22 IM47 IO28b IO30b IO35b IO38b IO45 IO55 IPC06 OM21"},{"stopId":1303853,"stopName":"22 de Agosto","stopTypeGroup":"bus","stopLat":-12.0361727,"stopLon":-77.0258814,"routeNames":"1103 1403 1602 1610 2412 2607 2608 2609 2611 2703 IM12-(Lima-Callao) NH26b"},{"stopId":950966,"stopName":"Plácido Jiménez","stopTypeGroup":"bus","stopLat":-12.0360713,"stopLon":-77.0067406,"routeNames":"1051 1346-(Lima-Callao) 2303 3507 3701 3815 9303-(Lima-Callao) IM56"},{"stopId":1335062,"stopName":"Puente Bella Unión","stopTypeGroup":"bus","stopLat":-12.0360573,"stopLon":-77.0779216},{"stopId":1204436,"stopName":"Tres Compuertas","stopTypeGroup":"bus","stopLat":-12.0360262,"stopLon":-77.0129383,"routeNames":"1044 1055 1059 1060 1308 1474 3405 3505 3511 3805 3809 3810 3906-(Lima-Callao) 4211 4304 4623 8306 8308 9306-(Callao-Lima) IM12-(Lima-Callao) IM26 IO52 NH13 NH25 NH25a SH112a TVE46"},{"stopId":1204450,"stopName":"Tres Compuertas","stopTypeGroup":"bus","stopLat":-12.0360012,"stopLon":-77.0130242,"routeNames":"1044 1059 1060 1308 1474 3405 3505 3511 3805 3809 3810 3906-(Lima-Callao) 4211 4304 4623 8306 8308 9306-(Callao-Lima) IM12-(Lima-Callao) IM26 IO52 NH13 NH25 NH25a SH112a TVE46"},{"stopId":1032136,"stopName":"22 de Agosto","stopTypeGroup":"bus","stopLat":-12.0359485,"stopLon":-77.0261527,"routeNames":"1403 1602 1610 2412 NH26b"},{"stopId":1017600,"stopName":"San Román","stopTypeGroup":"bus","stopLat":-12.0359017,"stopLon":-77.0379822,"routeNames":"1217 2209 2409 2702 3505 3906-(Lima-Callao) 8306 9306-(Callao-Lima) CR12 CR43 IO52 OM23 OM33 OM34 SH112a"},{"stopId":1456645,"stopName":"General Vidal","stopTypeGroup":"bus","stopLat":-12.0358972,"stopLon":-77.0406067},{"stopId":1321041,"stopName":"Mateo Vara","stopTypeGroup":"bus","stopLat":-12.0357871,"stopLon":-77.0621261,"routeNames":"2502 2505"},{"stopId":1019088,"stopName":"Morales Duárez","stopTypeGroup":"bus","stopLat":-12.0357141,"stopLon":-77.0659519,"routeNames":"1508 7204 8201 8214 CR62 IM06 IM22 IM47 IO28b IO30b IO35b IO38b IO45 IO55 IPC06 OM21"},{"stopId":1195038,"stopName":"Saturno","stopTypeGroup":"bus","stopLat":-12.0356612,"stopLon":-77.0973571,"routeNames":"3203-(Lima-Callao) CR57 CR58 ICR10 IM47 IO35b UCL01-(Lima-Callao) UCL03-(Lima-Callao)"},{"stopId":1321053,"stopName":"Puente Bella Unión","stopTypeGroup":"bus","stopLat":-12.0356428,"stopLon":-77.0774657},{"stopId":1195001,"stopName":"Grifo","stopTypeGroup":"bus","stopLat":-12.035442,"stopLon":-77.0973087,"routeNames":"3203-(Lima-Callao) 9305-(Lima-Callao) CR57 CR58 ICR10 IM47 IO35b UCL01-(Lima-Callao) UCL03-(Lima-Callao)"},{"stopId":1030073,"stopName":"El Pedregal","stopTypeGroup":"bus","stopLat":-12.0352685,"stopLon":-77.0548829,"routeNames":"1703-(Lima-Callao) 2701-(Lima-Callao) 4905-(Lima-Callao) 4908-(Lima-Callao) 9305-(Lima-Callao) CR24 CR25 CR44-(Lima-Callao) CR57 CR58 ICR10 IO04 IO32b IO68"},{"stopId":1017567,"stopName":"Javier Tomás Vidal","stopTypeGroup":"bus","stopLat":-12.0351649,"stopLon":-77.03702,"routeNames":"1217 2209 2409 2702 3505 3906-(Lima-Callao) 8306 9306-(Callao-Lima) CR12 CR43 IO52 OM23 OM33 OM34 SH112a"},{"stopId":1321049,"stopName":"Las Mercedes","stopTypeGroup":"bus","stopLat":-12.0351549,"stopLon":-77.0734584},{"stopId":1030072,"stopName":"Pacllon","stopTypeGroup":"bus","stopLat":-12.0351314,"stopLon":-77.0563941,"routeNames":"1703-(Lima-Callao) 2701-(Lima-Callao) 4905-(Lima-Callao) 4908-(Lima-Callao) 9305-(Lima-Callao) CR24 CR25 CR44-(Lima-Callao) CR57 CR58 ICR10 IO04 IO32b IO68"},{"stopId":1041095,"stopName":"Metalurgia Peruana","stopTypeGroup":"bus","stopLat":-12.0350827,"stopLon":-77.010112,"routeNames":"1046 1411 1412 1801-(Lima-Callao) 1802 2414 2804-(Lima-Callao) 2805 3204 3603 3607 3610 3613 4212 4905-(Lima-Callao) 4913-(Lima-Callao) 7101 8102 8105 8107 8108 8109 8110 8111 8112 8209 8211 8212 9305-(Lima-Callao) 9307-(Callao-Lima) 9401"},{"stopId":735469,"stopName":"Guardia Republicana","stopTypeGroup":"bus","stopLat":-12.0350473,"stopLon":-77.0297894,"routeNames":"301 305"},{"stopId":1321050,"stopName":"Nicolás Rodrigo","stopTypeGroup":"bus","stopLat":-12.0350447,"stopLon":-77.0692796},{"stopId":1205884,"stopName":"22 de Agosto","stopTypeGroup":"bus","stopLat":-12.0349619,"stopLon":-77.0279134,"routeNames":"1103 2607 2608 2609 2611 2703 370 IM12-(Lima-Callao)"},{"stopId":1044637,"stopName":"Caquetá","stopTypeGroup":"bus","stopLat":-12.0348927,"stopLon":-77.0436744,"routeNames":"1608 2411 2510 2803 3505 3906-(Lima-Callao) 8209 8306 9306-(Callao-Lima) 9307-(Callao-Lima) CR07 IM12-(Lima-Callao) IO19 IO27 IO52"},{"stopId":1044569,"stopName":"Caquetá","stopTypeGroup":"bus","stopLat":-12.0348644,"stopLon":-77.0439053,"routeNames":"2411 2510 3505 3906-(Lima-Callao) 8306 9306-(Callao-Lima) CR07 IM12-(Lima-Callao) IO19 IO27 IO52"},{"stopId":1041098,"stopName":"Metalurgia Peruana","stopTypeGroup":"bus","stopLat":-12.0348491,"stopLon":-77.0100928,"routeNames":"1046 1055 1411 1412 1801-(Lima-Callao) 1802 2414 2804-(Lima-Callao) 2805 3204 3603 3607 3610 3613 4212 4905-(Lima-Callao) 4913-(Lima-Callao) 7101 8102 8105 8107 8108 8109 8110 8111 8112 8209 8211 8212 9305-(Lima-Callao) 9307-(Callao-Lima)"},{"stopId":950967,"stopName":"Cantuta","stopTypeGroup":"bus","stopLat":-12.0347731,"stopLon":-77.0033939,"routeNames":"1346-(Lima-Callao) 2303 3507 3815 9303-(Lima-Callao) IM56"},{"stopId":735413,"stopName":"Guardia Republicana","stopTypeGroup":"bus","stopLat":-12.0347037,"stopLon":-77.0297948,"routeNames":"301 305"},{"stopId":1339387,"stopName":"Inca","stopTypeGroup":"bus","stopLat":-12.0346197,"stopLon":-77.0420444},{"stopId":950968,"stopName":"La Cantuta","stopTypeGroup":"bus","stopLat":-12.0346052,"stopLon":-77.0034583,"routeNames":"1051 1346-(Lima-Callao) 2303 3507 3701 3815 9303-(Lima-Callao) IM56"},{"stopId":1017599,"stopName":"Vidal","stopTypeGroup":"bus","stopLat":-12.0345318,"stopLon":-77.0395491,"routeNames":"1217 2209 2409 2702 3505 3906-(Lima-Callao) 8306 9306-(Callao-Lima) CR12 CR43 IO52 OM23 OM33 OM34 SH112a"}]