[{"stopId":1312625,"stopName":"Pico Tutupaca","stopTypeGroup":"bus","stopLat":-12.1975269,"stopLon":-76.9802141,"routeNames":"7705 8722"},{"stopId":1304111,"stopName":"Estación Parque Industrial","stopTypeGroup":"bus","stopLat":-12.1974798,"stopLon":-76.9389242,"routeNames":"7801 7807 OM36"},{"stopId":1325405,"stopName":"Villa del Mar","stopTypeGroup":"bus","stopLat":-12.1974483,"stopLon":-76.9693297,"routeNames":"2804-(Lima-Callao) 8723"},{"stopId":1303849,"stopName":"Caminos del Inca","stopTypeGroup":"bus","stopLat":-12.1974326,"stopLon":-76.9994885,"routeNames":"2703 7101"},{"stopId":1316384,"stopName":"Calle 9","stopTypeGroup":"bus","stopLat":-12.1973696,"stopLon":-76.9613099,"routeNames":"8605 8723 IO50 OM33"},{"stopId":814978,"stopName":"Villa del Mar","stopTypeGroup":"bus","stopLat":-12.1973604,"stopLon":-76.9693163,"routeNames":"2804-(Lima-Callao) 8723"},{"stopId":823644,"stopName":"Los Horizontes","stopTypeGroup":"bus","stopLat":-12.1973592,"stopLon":-76.9992149,"routeNames":"7101 8308"},{"stopId":793617,"stopName":"9 de Diciembre","stopTypeGroup":"bus","stopLat":-12.1973394,"stopLon":-76.9731733,"routeNames":"1058 8406 8504 8505 8508 8510 8511 8618"},{"stopId":1304109,"stopName":"Unión","stopTypeGroup":"bus","stopLat":-12.1973382,"stopLon":-76.9379747,"routeNames":"7801 7807 OM36"},{"stopId":823641,"stopName":"Los Horizontes","stopTypeGroup":"bus","stopLat":-12.1972858,"stopLon":-76.9994724,"routeNames":"2703 8308"},{"stopId":1390363,"stopName":"9 de Diciembre","stopTypeGroup":"bus","stopLat":-12.1972569,"stopLon":-76.9729453,"routeNames":"2804-(Lima-Callao)"},{"stopId":793541,"stopName":"9 de Diciembre","stopTypeGroup":"bus","stopLat":-12.197224,"stopLon":-76.9733289,"routeNames":"1058 8406 8504 8505 8508 8510 8511 8618"},{"stopId":1330527,"stopName":"Cordillera Oriental","stopTypeGroup":"bus","stopLat":-12.1972019,"stopLon":-76.9914687,"routeNames":"7799"},{"stopId":1332449,"stopName":"Mercado Unión","stopTypeGroup":"bus","stopLat":-12.197076,"stopLon":-76.9245422,"routeNames":"8704"},{"stopId":1311115,"stopName":"Pacto Andino","stopTypeGroup":"bus","stopLat":-12.196903,"stopLon":-76.9499159,"routeNames":"7801 8720"},{"stopId":1308993,"stopName":"San Pedro","stopTypeGroup":"bus","stopLat":-12.1968768,"stopLon":-76.9817376,"routeNames":"1055 7701"},{"stopId":1312631,"stopName":"Estadio Túpac Amaru","stopTypeGroup":"bus","stopLat":-12.1968453,"stopLon":-76.9801176,"routeNames":"7705"},{"stopId":1304110,"stopName":"Solidaridad","stopTypeGroup":"bus","stopLat":-12.1967667,"stopLon":-76.9372827,"routeNames":"7801 7807 OM36"},{"stopId":737593,"stopName":"Los Ángeles","stopTypeGroup":"bus","stopLat":-12.196494,"stopLon":-76.943602,"routeNames":"1061 1802 2805 3813 3814 8109 8212 8611 8612 8619 SH24"},{"stopId":1304239,"stopName":"Cordillera La Viuda","stopTypeGroup":"bus","stopLat":-12.1962476,"stopLon":-76.9845915,"routeNames":"1055 7701 7706 7708 8724"},{"stopId":1468577,"stopName":"Triángulo","stopTypeGroup":"bus","stopLat":-12.1961689,"stopLon":-76.920374,"routeNames":"7802 8105 8507 8892"},{"stopId":828186,"stopName":"Curva del Diablo","stopTypeGroup":"bus","stopLat":-12.1961637,"stopLon":-76.9535919,"routeNames":"7801 7802 7803 7807 7811 8201 8302 8306 8520 8613 8621 8718 9801-(Lima-Callao) IM22 OM19 OM21 OM36 OM37"},{"stopId":1311120,"stopName":"Lima","stopTypeGroup":"bus","stopLat":-12.1961637,"stopLon":-76.9218278,"routeNames":"7802"},{"stopId":760673,"stopName":"Curva del Diablo","stopTypeGroup":"bus","stopLat":-12.1961584,"stopLon":-76.9538105,"routeNames":"2804-(Lima-Callao) 8109 8212 8611 8612 8613 8619 SH24"},{"stopId":1317169,"stopName":"Colegio Antúnez de Mayolo","stopTypeGroup":"bus","stopLat":-12.1959592,"stopLon":-76.9611061,"routeNames":"3805"},{"stopId":738118,"stopName":"Parque Industrial","stopTypeGroup":"metro","stopLat":-12.1958386,"stopLon":-76.9402814,"routeNames":"Línea-1"},{"stopId":737648,"stopName":"Pacto Andino","stopTypeGroup":"bus","stopLat":-12.1957704,"stopLon":-76.9472337,"routeNames":"1061 1802 2805 3813 3814 8109 8212 8611 8612 8619 8720 SH24"},{"stopId":760634,"stopName":"Curva del Diablo","stopTypeGroup":"bus","stopLat":-12.1957652,"stopLon":-76.9537085,"routeNames":"8109 8212 8302 8611 8612 8619 8718 SH24"},{"stopId":1332416,"stopName":"Santa Rosa","stopTypeGroup":"bus","stopLat":-12.1957442,"stopLon":-76.9222033,"routeNames":"8703 8704"},{"stopId":1300776,"stopName":"Mariscal José La Mar","stopTypeGroup":"bus","stopLat":-12.1957232,"stopLon":-76.9297671,"routeNames":"7803 8507 8614 8703 8704 IM06"},{"stopId":1308936,"stopName":"Simón Bolívar","stopTypeGroup":"bus","stopLat":-12.1957128,"stopLon":-76.9793022,"routeNames":"7601 IO03"},{"stopId":814974,"stopName":"Curva del Diablo","stopTypeGroup":"bus","stopLat":-12.1956799,"stopLon":-76.9539392,"routeNames":"2804-(Lima-Callao) 7801 7802 7803 7807 7811 8201 8306 8520 8621 9801-(Lima-Callao) IM22 OM19 OM21 OM36 OM37"},{"stopId":1308935,"stopName":"Simón Bolívar","stopTypeGroup":"bus","stopLat":-12.1956393,"stopLon":-76.979624,"routeNames":"7601 IO03"},{"stopId":739354,"stopName":"Modelo","stopTypeGroup":"bus","stopLat":-12.1956393,"stopLon":-76.9589871,"routeNames":"1801-(Lima-Callao) 8107 8108 8109 8111 8112 8212 8214 8503 8513 8611 8612 8613 8619 8723 IO06 SH24"},{"stopId":1316390,"stopName":"Calle 6","stopTypeGroup":"bus","stopLat":-12.1956289,"stopLon":-76.9636917,"routeNames":"3805 8605 8617 IO50 OM33"},{"stopId":739294,"stopName":"Modelo","stopTypeGroup":"bus","stopLat":-12.195524,"stopLon":-76.959368,"routeNames":"1801-(Lima-Callao) 3805 8107 8108 8109 8111 8112 8212 8214 8503 8513 8605 8611 8612 8613 8619 IO06 IO50 OM33 SH24"},{"stopId":1308985,"stopName":"Ecológica","stopTypeGroup":"bus","stopLat":-12.1954296,"stopLon":-76.9983137,"routeNames":"1055 7505 7701 7706"},{"stopId":1304223,"stopName":"El Sol","stopTypeGroup":"bus","stopLat":-12.1954244,"stopLon":-76.9345307,"routeNames":"1110 1804 8104 8211 8515 8716 8717 8722 8724 8728 8729 IO28b NH25 NH27p"},{"stopId":1312624,"stopName":"Leoncio Prado","stopTypeGroup":"bus","stopLat":-12.1954086,"stopLon":-76.9824296,"routeNames":"7705 8722"},{"stopId":1317168,"stopName":"Pastor Sevilla","stopTypeGroup":"bus","stopLat":-12.1953982,"stopLon":-76.958912,"routeNames":"3805"},{"stopId":1312632,"stopName":"Leoncio Prado","stopTypeGroup":"bus","stopLat":-12.1951674,"stopLon":-76.9817805,"routeNames":"7705"},{"stopId":1304237,"stopName":"San Martín","stopTypeGroup":"bus","stopLat":-12.195094,"stopLon":-76.9833684,"routeNames":"7706 7708 8724"},{"stopId":1330526,"stopName":"Delicias de Villa","stopTypeGroup":"bus","stopLat":-12.1949367,"stopLon":-76.9921446,"routeNames":"7799"},{"stopId":1304224,"stopName":"El Sol","stopTypeGroup":"bus","stopLat":-12.1948738,"stopLon":-76.9350457,"routeNames":"1110 1804 8104 8211 8515 8716 8717 8722 8724 8728 8729 IO28b NH25 NH27p"},{"stopId":1317174,"stopName":"Alfa","stopTypeGroup":"bus","stopLat":-12.1948057,"stopLon":-76.957764,"routeNames":"3805"},{"stopId":760674,"stopName":"Los Álamos","stopTypeGroup":"bus","stopLat":-12.1947689,"stopLon":-76.9514179,"routeNames":"7801 8109 8212 8302 8611 8612 8619 8718 SH24"},{"stopId":1330525,"stopName":"Nevado Carhuaz","stopTypeGroup":"bus","stopLat":-12.1947585,"stopLon":-76.9896662,"routeNames":"7799"},{"stopId":1330528,"stopName":"Nevado Huandoy","stopTypeGroup":"bus","stopLat":-12.1946851,"stopLon":-76.9945264,"routeNames":"7799"},{"stopId":1317170,"stopName":"Calle 8","stopTypeGroup":"bus","stopLat":-12.1946641,"stopLon":-76.962297,"routeNames":"3805"},{"stopId":1317167,"stopName":"Alfa","stopTypeGroup":"bus","stopLat":-12.1946588,"stopLon":-76.957646,"routeNames":"3805"},{"stopId":1317171,"stopName":"Calle 3","stopTypeGroup":"bus","stopLat":-12.1944491,"stopLon":-76.9630426,"routeNames":"3805"},{"stopId":1606434,"stopName":"Los Algarrobos","stopTypeGroup":"bus","stopLat":-12.1943836,"stopLon":-76.965529},{"stopId":760633,"stopName":"Los Álamos","stopTypeGroup":"bus","stopLat":-12.194297,"stopLon":-76.951198,"routeNames":"8109 8212 8302 8611 8612 8619 8718 8720 SH24"},{"stopId":964933,"stopName":"Ayacucho","stopTypeGroup":"bus","stopLat":-12.194118,"stopLon":-76.919887,"routeNames":"8105 8892"},{"stopId":737592,"stopName":"Pacto Andino","stopTypeGroup":"bus","stopLat":-12.194103,"stopLon":-76.9450316,"routeNames":"1061 1802 2805 3813 3814 8109 8212 8611 8612 8619 SH24"},{"stopId":793497,"stopName":"Confraternidad","stopTypeGroup":"bus","stopLat":-12.1939615,"stopLon":-77.0025623,"routeNames":"1055 2703 7505 7701 7706 8308 AS04"},{"stopId":1300775,"stopName":"Jirón José Olaya","stopTypeGroup":"bus","stopLat":-12.1939195,"stopLon":-76.9289088,"routeNames":"7803 8507 8614 IM06"},{"stopId":793498,"stopName":"Confraternidad","stopTypeGroup":"bus","stopLat":-12.1939012,"stopLon":-77.0027688,"routeNames":"1055 2703 7505 7701 7706 8308 AS04"},{"stopId":1332070,"stopName":"Castilla","stopTypeGroup":"bus","stopLat":-12.1937622,"stopLon":-76.9272834,"routeNames":"8614 8703 8704"},{"stopId":1304240,"stopName":"Atalaya","stopTypeGroup":"bus","stopLat":-12.1937142,"stopLon":-76.9875882,"routeNames":"7708 8724"},{"stopId":1330499,"stopName":"San Juan","stopTypeGroup":"bus","stopLat":-12.193542,"stopLon":-76.9818583,"routeNames":"7705 7706 7708 8722 8724"},{"stopId":1308934,"stopName":"Túpac Amaru","stopTypeGroup":"bus","stopLat":-12.1935105,"stopLon":-76.9816089,"routeNames":"7601 IO03"},{"stopId":1317175,"stopName":"Micaela Bastidas","stopTypeGroup":"bus","stopLat":-12.1934476,"stopLon":-76.955409,"routeNames":"3805"},{"stopId":814980,"stopName":"Modelo","stopTypeGroup":"bus","stopLat":-12.193441,"stopLon":-76.9551931,"routeNames":"2804-(Lima-Callao) 7801 7802 7803 7807 7811 8201 8306 8520 8621 9801-(Lima-Callao) IM22 OM19 OM21 OM36 OM37"},{"stopId":1308933,"stopName":"Túpac Amaru","stopTypeGroup":"bus","stopLat":-12.1934162,"stopLon":-76.9819629,"routeNames":"1703-(Lima-Callao) 7601 7607 IO03 IO89"},{"stopId":1330530,"stopName":"Nevado Raura","stopTypeGroup":"bus","stopLat":-12.1933218,"stopLon":-76.9959641,"routeNames":"7799"},{"stopId":760675,"stopName":"Revolución","stopTypeGroup":"bus","stopLat":-12.1933113,"stopLon":-76.9489235,"routeNames":"8109 8212 8302 8611 8612 8619 8718 SH24"},{"stopId":737649,"stopName":"1 de Mayo","stopTypeGroup":"bus","stopLat":-12.1933008,"stopLon":-76.9487089,"routeNames":"1061 1802 2805 3813 3814 8109 8212 8611 8612 8619 8720 SH24"},{"stopId":1330468,"stopName":"San Juan","stopTypeGroup":"bus","stopLat":-12.1932929,"stopLon":-76.9816732,"routeNames":"1703-(Lima-Callao) 7607 7705 7706 7708 8722 8724 IO89"},{"stopId":1304222,"stopName":"Senati","stopTypeGroup":"bus","stopLat":-12.1932693,"stopLon":-76.9358236,"routeNames":"1110 1804 8104 8211 8515 8716 8717 8722 8724 8728 8729 IO28b NH25 NH27p"},{"stopId":814973,"stopName":"Modelo","stopTypeGroup":"bus","stopLat":-12.1932372,"stopLon":-76.9554104,"routeNames":"2804-(Lima-Callao) 7801 7802 7803 7807 7811 8201 8306 8520 8621 9801-(Lima-Callao) IM22 OM19 OM21 OM36 OM37"},{"stopId":1317166,"stopName":"Micaela Bastidas","stopTypeGroup":"bus","stopLat":-12.1932326,"stopLon":-76.9551784,"routeNames":"3805"},{"stopId":739292,"stopName":"Algarrobos","stopTypeGroup":"bus","stopLat":-12.1931278,"stopLon":-76.964888,"routeNames":"1801-(Lima-Callao) 8107 8108 8109 8111 8112 8212 8214 8503 8513 8611 8612 8613 8619 SH24"},{"stopId":739356,"stopName":"Algarrobos","stopTypeGroup":"bus","stopLat":-12.1929652,"stopLon":-76.9647217,"routeNames":"1801-(Lima-Callao) 8107 8108 8109 8111 8112 8212 8214 8503 8513 8611 8612 8613 8619 SH24"},{"stopId":965385,"stopName":"Senati","stopTypeGroup":"bus","stopLat":-12.1929227,"stopLon":-76.9362337,"routeNames":"1110 1804 8104 8105 8211 8507 8515 8614 8703 8704 8716 8717 8722 8724 8728 8729 IM06 IO28b NH25 NH27p"},{"stopId":1311096,"stopName":"Revolución","stopTypeGroup":"bus","stopLat":-12.1928866,"stopLon":-76.9487572,"routeNames":"8302 8718 8720"},{"stopId":739291,"stopName":"San Francisco","stopTypeGroup":"bus","stopLat":-12.1928551,"stopLon":-76.9696462,"routeNames":"1801-(Lima-Callao) 8107 8108 8109 8111 8112 8212 8214 8503 8513 8611 8612 8613 8619 SH24"},{"stopId":739355,"stopName":"Óvalo Cocharcas","stopTypeGroup":"bus","stopLat":-12.1928132,"stopLon":-76.9606984,"routeNames":"1801-(Lima-Callao) 8107 8108 8109 8111 8112 8212 8214 8503 8513 8611 8612 8613 8619 IO06 SH24"},{"stopId":739357,"stopName":"San Francisco","stopTypeGroup":"bus","stopLat":-12.1927974,"stopLon":-76.9693351,"routeNames":"1801-(Lima-Callao) 8107 8108 8109 8111 8112 8212 8214 8503 8513 8611 8612 8613 8619 SH24"},{"stopId":739293,"stopName":"Óvalo Cocharcas","stopTypeGroup":"bus","stopLat":-12.1927083,"stopLon":-76.9614333,"routeNames":"1801-(Lima-Callao) 3805 8107 8108 8109 8111 8112 8212 8214 8503 8513 8605 8611 8612 8613 8617 8619 IO50 OM33 SH24"},{"stopId":1300860,"stopName":"Óvalo Cocharcas","stopTypeGroup":"bus","stopLat":-12.1925195,"stopLon":-76.9607091,"routeNames":"3701"},{"stopId":984502,"stopName":"Micaela Bastidas","stopTypeGroup":"bus","stopLat":-12.192472,"stopLon":-76.980842,"routeNames":"1703-(Lima-Callao) 7607 7705 7706 7708 8722 8724 AS07 IO89"},{"stopId":984496,"stopName":"Santa Rosa","stopTypeGroup":"bus","stopLat":-12.1923956,"stopLon":-76.9829365,"routeNames":"1703-(Lima-Callao) 7601 7607 AS07 IO03 IO89"},{"stopId":964972,"stopName":"Senati","stopTypeGroup":"bus","stopLat":-12.1923833,"stopLon":-76.9360542,"routeNames":"8105 8507 8614 8703 8704 IM06"},{"stopId":1300857,"stopName":"Óvalo Cocharcas","stopTypeGroup":"bus","stopLat":-12.1923727,"stopLon":-76.9610792,"routeNames":"3701 8605 8617 IO06 IO50 OM33"},{"stopId":964937,"stopName":"La Concordia","stopTypeGroup":"bus","stopLat":-12.1923608,"stopLon":-76.9209814,"routeNames":"8105 8892"},{"stopId":1300774,"stopName":"Jirón Arica","stopTypeGroup":"bus","stopLat":-12.1922783,"stopLon":-76.9260603,"routeNames":"7803 8507 8614 IM06"},{"stopId":984498,"stopName":"Mártir Olaya","stopTypeGroup":"bus","stopLat":-12.1922479,"stopLon":-76.9805269,"routeNames":"1703-(Lima-Callao) 7607 7705 7706 7708 8722 8724 AS07 IO89"},{"stopId":1332071,"stopName":"Lima","stopTypeGroup":"bus","stopLat":-12.1922207,"stopLon":-76.9246066,"routeNames":"8614 8703 8704"},{"stopId":984503,"stopName":"Unanue","stopTypeGroup":"bus","stopLat":-12.192127,"stopLon":-76.9830733,"routeNames":"1703-(Lima-Callao) 7601 7607 AS07 IO03 IO89"},{"stopId":1317176,"stopName":"Álamos","stopTypeGroup":"bus","stopLat":-12.1920371,"stopLon":-76.9529629,"routeNames":"3805"},{"stopId":737650,"stopName":"Central","stopTypeGroup":"bus","stopLat":-12.1919218,"stopLon":-76.9465095,"routeNames":"1061 1802 2805 3813 3814 8109 8212 8302 8611 8612 8619 8718 8720 SH24"},{"stopId":1317165,"stopName":"Los Álamos","stopTypeGroup":"bus","stopLat":-12.1918169,"stopLon":-76.9527429,"routeNames":"3805"},{"stopId":1316717,"stopName":"Las Dalias","stopTypeGroup":"bus","stopLat":-12.1917068,"stopLon":-76.9597757,"routeNames":"8605 8617 IO50"},{"stopId":737591,"stopName":"Central","stopTypeGroup":"bus","stopLat":-12.1915128,"stopLon":-76.9463915,"routeNames":"1061 1802 2805 3813 3814 8302 8718 8720"},{"stopId":793540,"stopName":"Parque Zonal","stopTypeGroup":"bus","stopLat":-12.1914825,"stopLon":-76.9728944,"routeNames":"1058 8406 8504 8505 8508 8510 8511 8618 Lima-Ica-(Perú-Bus)"},{"stopId":793618,"stopName":"Parque Zonal","stopTypeGroup":"bus","stopLat":-12.1914366,"stopLon":-76.9725645,"routeNames":"1058 8406 8504 8505 8508 8510 8511 8618 Lima-Ica-(Perú-Bus)"},{"stopId":814981,"stopName":"Pumacahua","stopTypeGroup":"bus","stopLat":-12.1913089,"stopLon":-76.9564618,"routeNames":"2804-(Lima-Callao) 3701 7801 7802 7803 7807 7811 8201 8306 8520 8621 9801-(Lima-Callao) IM22 OM19 OM21 OM36 OM37"},{"stopId":1304243,"stopName":"San Mateo","stopTypeGroup":"bus","stopLat":-12.1912454,"stopLon":-76.9906104,"routeNames":"7708 8724"},{"stopId":1332415,"stopName":"Mariscala","stopTypeGroup":"bus","stopLat":-12.191172,"stopLon":-76.9233835,"routeNames":"8703 8704"},{"stopId":1330529,"stopName":"Nevado Conquis","stopTypeGroup":"bus","stopLat":-12.1911431,"stopLon":-76.9982198,"routeNames":"7799"},{"stopId":814972,"stopName":"Pumacahua","stopTypeGroup":"bus","stopLat":-12.1911201,"stopLon":-76.9566979,"routeNames":"2804-(Lima-Callao) 7801 7802 7803 7807 7811 8201 8306 8520 8621 9801-(Lima-Callao) IM22 OM19 OM21 OM36 OM37"},{"stopId":965386,"stopName":"Hipólito Unanue","stopTypeGroup":"bus","stopLat":-12.191031,"stopLon":-76.9316768,"routeNames":"8105 8507 8614 8703 8704 IM06"},{"stopId":964970,"stopName":"Bartolomé Herrera","stopTypeGroup":"bus","stopLat":-12.190804,"stopLon":-76.9315082,"routeNames":"8105 8507 8614 8703 8704 IM06"},{"stopId":1317177,"stopName":"Revolución","stopTypeGroup":"bus","stopLat":-12.1906162,"stopLon":-76.9505328,"routeNames":"3805"},{"stopId":737652,"stopName":"Separadora Industrial","stopTypeGroup":"bus","stopLat":-12.1904903,"stopLon":-76.9440526,"routeNames":"1061 1802 2805 3813 3814 8302 8718 8720"},{"stopId":1308416,"stopName":"Velasco Alvarado","stopTypeGroup":"bus","stopLat":-12.1904641,"stopLon":-76.9848168,"routeNames":"1703-(Lima-Callao) 7601 7607 AS07 IO03 IO89"},{"stopId":984494,"stopName":"Velasco Alvarado","stopTypeGroup":"bus","stopLat":-12.1904391,"stopLon":-76.9850535,"routeNames":"1703-(Lima-Callao) 7601 7607 AS07 IO03 IO89"},{"stopId":1317163,"stopName":"Revolución","stopTypeGroup":"bus","stopLat":-12.1904326,"stopLon":-76.9503236,"routeNames":"3805"},{"stopId":1300856,"stopName":"Calle 7","stopTypeGroup":"bus","stopLat":-12.1904117,"stopLon":-76.9621575,"routeNames":"3701 IO06 OM33"},{"stopId":1617466,"stopName":"Prolongación Huaylas","stopTypeGroup":"bus","stopLat":-12.1903828,"stopLon":-77.0063898,"routeNames":"1054 3705 7101 7103 7614"},{"stopId":1300855,"stopName":"Calle 7","stopTypeGroup":"bus","stopLat":-12.1903225,"stopLon":-76.9623077,"routeNames":"3701 8605 8617 IO06 IO50 OM33"},{"stopId":869965,"stopName":"Alameda Sur","stopTypeGroup":"bus","stopLat":-12.1902753,"stopLon":-77.0061511,"routeNames":"1055 1376 2703 7403 7505 7606 7701 7702 7703 7706 7805 8308 AS02"},{"stopId":869957,"stopName":"Alameda Sur","stopTypeGroup":"bus","stopLat":-12.190181,"stopLon":-77.0064461,"routeNames":"1054 1055 1376 2703 3705 7101 7103 7403 7505 7606 7614 7701 7702 7703 7706 7805 8308 AS02"},{"stopId":1468576,"stopName":"Mormones","stopTypeGroup":"bus","stopLat":-12.1900525,"stopLon":-76.9224393,"routeNames":"7803 8105 8507 8614 8892 IM06"},{"stopId":737590,"stopName":"1ro de Mayo","stopTypeGroup":"bus","stopLat":-12.1899555,"stopLon":-76.9441062,"routeNames":"1061 1802 2805 3813 3814 8302 8718 8720"},{"stopId":1316720,"stopName":"Calle 7","stopTypeGroup":"bus","stopLat":-12.1896514,"stopLon":-76.9608164,"routeNames":"8605 8617 IO50"},{"stopId":984499,"stopName":"Mártires","stopTypeGroup":"bus","stopLat":-12.1893804,"stopLon":-76.9800826,"routeNames":"7607 7705 7706 7708 8722 8724 AS07 IO89"},{"stopId":1317178,"stopName":"Central","stopTypeGroup":"bus","stopLat":-12.1892843,"stopLon":-76.9481349,"routeNames":"3805"},{"stopId":965387,"stopName":"Billinghurst","stopTypeGroup":"bus","stopLat":-12.1892566,"stopLon":-76.9282078,"routeNames":"8105 8507 8614 8703 8704 IM06"},{"stopId":964963,"stopName":"Billinghurst","stopTypeGroup":"bus","stopLat":-12.1891237,"stopLon":-76.9280952,"routeNames":"8105 8507 8614 8703 8704 IM06"},{"stopId":814982,"stopName":"Comercial","stopTypeGroup":"bus","stopLat":-12.1891034,"stopLon":-76.9577385,"routeNames":"2804-(Lima-Callao) 7801 7802 7803 7807 7811 8201 8306 8520 8621 9801-(Lima-Callao) IM22 OM19 OM21 OM36 OM37"},{"stopId":1317161,"stopName":"Central","stopTypeGroup":"bus","stopLat":-12.1889907,"stopLon":-76.9478774,"routeNames":"3805"},{"stopId":814971,"stopName":"Comercial","stopTypeGroup":"bus","stopLat":-12.188948,"stopLon":-76.9579457,"routeNames":"2804-(Lima-Callao) 7801 7802 7803 7807 7811 8201 8306 8520 8621 9801-(Lima-Callao) IM22 OM19 OM21 OM36 OM37"},{"stopId":1330514,"stopName":"Hipólito Unanue","stopTypeGroup":"bus","stopLat":-12.1888911,"stopLon":-76.9925952,"routeNames":"7708"},{"stopId":1332414,"stopName":"Institución Educativa N° 520","stopTypeGroup":"bus","stopLat":-12.1888019,"stopLon":-76.9247782,"routeNames":"8703 8704"},{"stopId":1330531,"stopName":"General Córdova","stopTypeGroup":"bus","stopLat":-12.188739,"stopLon":-76.9980669,"routeNames":"7799"},{"stopId":965390,"stopName":"Flor de Amancaes","stopTypeGroup":"bus","stopLat":-12.1886624,"stopLon":-76.9225309,"routeNames":"8105 8507 8614 8892 IM06"},{"stopId":964957,"stopName":"Flor de Amancaes","stopTypeGroup":"bus","stopLat":-12.1886541,"stopLon":-76.9224759,"routeNames":"8105 8507 8614 8892 IM06"},{"stopId":965388,"stopName":"Mercado Central","stopTypeGroup":"bus","stopLat":-12.1882828,"stopLon":-76.9262664,"routeNames":"8105 8507 8614 8703 8704 IM06"},{"stopId":1330640,"stopName":"Apurímac","stopTypeGroup":"bus","stopLat":-12.1882828,"stopLon":-76.9195265,"routeNames":"7803"},{"stopId":984492,"stopName":"Calle 3","stopTypeGroup":"bus","stopLat":-12.1880435,"stopLon":-76.9880824,"routeNames":"1703-(Lima-Callao) 7601 7607 AS07 IO03 IO89"},{"stopId":964962,"stopName":"Mercado Central","stopTypeGroup":"bus","stopLat":-12.1880278,"stopLon":-76.9260912,"routeNames":"8105 8507 8614 8703 8704 IM06"},{"stopId":1317179,"stopName":"Separadora Industrial","stopTypeGroup":"bus","stopLat":-12.1878266,"stopLon":-76.9456458,"routeNames":"3805"},{"stopId":1304244,"stopName":"Vista Alegre","stopTypeGroup":"bus","stopLat":-12.1877952,"stopLon":-76.9917315,"routeNames":"8724"},{"stopId":1330512,"stopName":"Los Pinos","stopTypeGroup":"bus","stopLat":-12.1877532,"stopLon":-76.9901115,"routeNames":"7708"},{"stopId":737653,"stopName":"Modelo","stopTypeGroup":"bus","stopLat":-12.1877218,"stopLon":-76.9452274,"routeNames":"1061 1802 2805 3813 3814 8302 8718 8720"},{"stopId":984504,"stopName":"Vista Alegre","stopTypeGroup":"bus","stopLat":-12.187661,"stopLon":-76.9885883,"routeNames":"1703-(Lima-Callao) 7601 7607 AS07 IO03"},{"stopId":1053002,"stopName":"Puente de la Mecánica","stopTypeGroup":"bus","stopLat":-12.1876586,"stopLon":-76.9737707,"routeNames":"1058 1801-(Lima-Callao) 8107 8108 8109 8111 8112 8212 8214 8406 8503 8504 8505 8508 8510 8511 8513 8611 8612 8618 8619 SH24"},{"stopId":1330513,"stopName":"Mercado Vista Alegre","stopTypeGroup":"bus","stopLat":-12.1875645,"stopLon":-76.9934964,"routeNames":"7708"},{"stopId":1048647,"stopName":"Puente de la Mecánica","stopTypeGroup":"bus","stopLat":-12.1875287,"stopLon":-76.9739727,"routeNames":"1058 1801-(Lima-Callao) 8107 8108 8109 8111 8112 8212 8214 8406 8503 8504 8505 8508 8510 8511 8513 8611 8612 8618 8619 SH24"},{"stopId":1330532,"stopName":"Vista Alegre","stopTypeGroup":"bus","stopLat":-12.1874806,"stopLon":-76.9985497,"routeNames":"7799"},{"stopId":737589,"stopName":"Modelo","stopTypeGroup":"bus","stopLat":-12.1874229,"stopLon":-76.9456404,"routeNames":"1061 1802 2805 3805 3813 3814 8302 8718 8720"},{"stopId":1331492,"stopName":"Entrada Acceso 5 Bosque Intihuatana","stopTypeGroup":"bus","stopLat":-12.1871292,"stopLon":-76.972779,"routeNames":"8613 8723"},{"stopId":1300853,"stopName":"Los Geranios","stopTypeGroup":"bus","stopLat":-12.1870611,"stopLon":-76.964432,"routeNames":"3701 8605 8617 IO06 IO50 OM33"},{"stopId":1311128,"stopName":"Entrada Anexo 5 Bosque Intihuatana","stopTypeGroup":"bus","stopLat":-12.1870558,"stopLon":-76.9730151,"routeNames":"8613 8723"},{"stopId":964945,"stopName":"27 de Diciembre","stopTypeGroup":"bus","stopLat":-12.1870022,"stopLon":-76.9231958,"routeNames":"8105 8507 8614 8892 IM06"},{"stopId":965389,"stopName":"Los Incas","stopTypeGroup":"bus","stopLat":-12.1869748,"stopLon":-76.9233833,"routeNames":"8105 8507 8614 IM06"},{"stopId":1300854,"stopName":"Los Geranios","stopTypeGroup":"bus","stopLat":-12.1868723,"stopLon":-76.9641316,"routeNames":"3701 IO06 OM33"},{"stopId":1316721,"stopName":"Geranios","stopTypeGroup":"bus","stopLat":-12.1868723,"stopLon":-76.9624257,"routeNames":"8605 8617 IO50"},{"stopId":1330489,"stopName":"Mercado José María Arguedas","stopTypeGroup":"bus","stopLat":-12.186833,"stopLon":-76.9549584,"routeNames":"7612"},{"stopId":1312573,"stopName":"27 de Diciembre","stopTypeGroup":"bus","stopLat":-12.1865892,"stopLon":-76.9235015,"routeNames":"7803 8892"},{"stopId":1330642,"stopName":"27 de Diciembre","stopTypeGroup":"bus","stopLat":-12.1864948,"stopLon":-76.9221121,"routeNames":"7803"},{"stopId":984500,"stopName":"Unión","stopTypeGroup":"bus","stopLat":-12.1863806,"stopLon":-76.9798371,"routeNames":"7607 7705 7706 7708 8722 8724 AS07"},{"stopId":736461,"stopName":"Los Libertadores","stopTypeGroup":"bus","stopLat":-12.1863689,"stopLon":-76.9399649,"routeNames":"1110 1804 8104 8105 8211 8507 8515 8614 8703 8704 8716 8717 8722 8724 8728 8729 IM06 IO28b NH25 NH27p"},{"stopId":737322,"stopName":"Contumazá","stopTypeGroup":"bus","stopLat":-12.186348,"stopLon":-76.9397503,"routeNames":"1110 1804 8104 8105 8211 8507 8515 8614 8703 8704 8716 8717 8722 8724 8728 8729 IM06 IO28b NH25 NH27p"},{"stopId":1330641,"stopName":"Antonio Raimondi","stopTypeGroup":"bus","stopLat":-12.1860019,"stopLon":-76.9207817,"routeNames":"7803"},{"stopId":1304245,"stopName":"Los Naranjos","stopTypeGroup":"bus","stopLat":-12.1859495,"stopLon":-76.9920158,"routeNames":"8724"},{"stopId":737654,"stopName":"Puente Pumacahua","stopTypeGroup":"bus","stopLat":-12.18553,"stopLon":-76.946488,"routeNames":"1061 1802 2805 3805 3813 3814 8302 8718 8720"},{"stopId":1316723,"stopName":"Calle 6","stopTypeGroup":"bus","stopLat":-12.1853936,"stopLon":-76.9621146,"routeNames":"8605 8617 IO50"},{"stopId":1330533,"stopName":"Mercado Comerciantes de Villa","stopTypeGroup":"bus","stopLat":-12.185336,"stopLon":-76.9980884,"routeNames":"7799"},{"stopId":737596,"stopName":"Puente Pumacahua","stopTypeGroup":"bus","stopLat":-12.1853202,"stopLon":-76.9467509,"routeNames":"1061 1802 2805 3805 3813 3814 8302 8718 8720"},{"stopId":814983,"stopName":"Paradero 108","stopTypeGroup":"bus","stopLat":-12.1852618,"stopLon":-76.9600211,"routeNames":"2804-(Lima-Callao) 7801 7802 7803 7807 7811 8201 8306 8520 8621 9801-(Lima-Callao) IM22 OM19 OM21 OM36 OM37"},{"stopId":1330488,"stopName":"Calle 6","stopTypeGroup":"bus","stopLat":-12.1851944,"stopLon":-76.9554305,"routeNames":"7504 7612"},{"stopId":1301581,"stopName":"Óvalo La Curva","stopTypeGroup":"bus","stopLat":-12.1851472,"stopLon":-77.0075297,"routeNames":"1053 1054 1055 1376 2703 3702 3705 7101 7103 7403 7501 7505 7606 7610 7614 7701 7702 7703 7709 8308 8712"},{"stopId":984501,"stopName":"Paradero E","stopTypeGroup":"bus","stopLat":-12.1851161,"stopLon":-76.9757149,"routeNames":"7607 7705 7706 7708 8722 8724 AS07"},{"stopId":1330659,"stopName":"Francisco Machuca","stopTypeGroup":"bus","stopLat":-12.1851,"stopLon":-76.9493258,"routeNames":"7804"},{"stopId":814970,"stopName":"Paradero 108","stopTypeGroup":"bus","stopLat":-12.1849583,"stopLon":-76.9603577,"routeNames":"2804-(Lima-Callao) 7801 7802 7803 7807 7811 8201 8306 8520 8621 9801-(Lima-Callao) IM22 OM19 OM21 OM36 OM37"},{"stopId":1300852,"stopName":"Santa Rita","stopTypeGroup":"bus","stopLat":-12.1849322,"stopLon":-76.9648504,"routeNames":"3701 IO06 OM33"},{"stopId":1304246,"stopName":"Los Álamos","stopTypeGroup":"bus","stopLat":-12.1848588,"stopLon":-76.9909,"routeNames":"8724"},{"stopId":823623,"stopName":"Óvalo La Curva","stopTypeGroup":"bus","stopLat":-12.1847736,"stopLon":-77.0071636,"routeNames":"1054 3705 7101 7505 7607 7614 7702 7703 7709 7805 8525 8613 8708 8712 8716 8717 8728 AS07 AS08"},{"stopId":984505,"stopName":"Los Naranjos","stopTypeGroup":"bus","stopLat":-12.1847628,"stopLon":-76.9906484,"routeNames":"1703-(Lima-Callao) 7601 7607 7708 AS07 IO03 IO89"},{"stopId":1300851,"stopName":"Santa Rita","stopTypeGroup":"bus","stopLat":-12.184691,"stopLon":-76.9653225,"routeNames":"3701 8605 8617 IO06 IO50 OM33"},{"stopId":984490,"stopName":"Los Naranjos","stopTypeGroup":"bus","stopLat":-12.1846902,"stopLon":-76.9907961,"routeNames":"1703-(Lima-Callao) 7601 7607 7708 8724 AS07 IO03 IO89"},{"stopId":1316725,"stopName":"Parque Sta. Úrsula","stopTypeGroup":"bus","stopLat":-12.1844393,"stopLon":-76.9639599,"routeNames":"8605 8617 IO50"},{"stopId":1330663,"stopName":"Los Rosales","stopTypeGroup":"bus","stopLat":-12.1843292,"stopLon":-76.9510236,"routeNames":"7804"},{"stopId":823649,"stopName":"Calango","stopTypeGroup":"bus","stopLat":-12.1840919,"stopLon":-77.0030598,"routeNames":"1054 3705 7101 7505 7607 7614 7702 7703 7709 7799 7805 8525 8613 8708 8712 8716 8717 8728 AS08"},{"stopId":1330534,"stopName":"Guardia Peruana","stopTypeGroup":"bus","stopLat":-12.1840198,"stopLon":-76.9976592,"routeNames":"7799"},{"stopId":1330660,"stopName":"Mariano Melgar","stopTypeGroup":"bus","stopLat":-12.1839674,"stopLon":-76.9490522,"routeNames":"7804"},{"stopId":1330477,"stopName":"América","stopTypeGroup":"bus","stopLat":-12.1839359,"stopLon":-76.9756705,"routeNames":"7607 7705 7706 7708 8722 8724"},{"stopId":1330643,"stopName":"Túpac Yupanqui","stopTypeGroup":"bus","stopLat":-12.1839018,"stopLon":-76.9233057,"routeNames":"7803"},{"stopId":739290,"stopName":"América","stopTypeGroup":"bus","stopLat":-12.1838979,"stopLon":-76.9751126,"routeNames":"1058 1801-(Lima-Callao) 8107 8108 8109 8111 8112 8212 8214 8406 8503 8504 8505 8508 8510 8511 8513 8611 8612 8618 8619 SH24"},{"stopId":823595,"stopName":"Calango","stopTypeGroup":"bus","stopLat":-12.1838835,"stopLon":-77.0027071,"routeNames":"1054 3705 7101 7505 7607 7614 7702 7703 7709 7805 8525 8613 8708 8712 8716 8717 8728 AS08"},{"stopId":1330467,"stopName":"América","stopTypeGroup":"bus","stopLat":-12.183852,"stopLon":-76.9754183,"routeNames":"7607 7705 7706 7708 8722 8724"},{"stopId":739358,"stopName":"América","stopTypeGroup":"bus","stopLat":-12.183772035888333,"stopLon":-76.97500657301637,"routeNames":"1058 1801-(Lima-Callao) 8107 8108 8109 8111 8112 8212 8214 8406 8503 8504 8505 8508 8510 8511 8513 8611 8612 8618 8619 SH24"},{"stopId":1312575,"stopName":"Mayta Cápac","stopTypeGroup":"bus","stopLat":-12.1837367,"stopLon":-76.9246548,"routeNames":"8892"},{"stopId":1312574,"stopName":"Mayta Cápac","stopTypeGroup":"bus","stopLat":-12.1836266,"stopLon":-76.9248426,"routeNames":"7803 8892"},{"stopId":1300850,"stopName":"Santa María","stopTypeGroup":"bus","stopLat":-12.1834116,"stopLon":-76.9654191,"routeNames":"3701 IO06 OM33"},{"stopId":1304334,"stopName":"Calle 2","stopTypeGroup":"bus","stopLat":-12.1833801,"stopLon":-76.9541323,"routeNames":"7504 7709 7804"},{"stopId":1300849,"stopName":"Santa María","stopTypeGroup":"bus","stopLat":-12.1831913,"stopLon":-76.9659019,"routeNames":"3701 8605 8617 IO06 IO50 OM33"},{"stopId":1308942,"stopName":"Mercado Santa Úrsula","stopTypeGroup":"bus","stopLat":-12.1830235,"stopLon":-76.9645849,"routeNames":"8605 8617 IO50"},{"stopId":737655,"stopName":"Pachacútec","stopTypeGroup":"bus","stopLat":-12.1828505,"stopLon":-76.9425237,"routeNames":"1061 1802 2805 3805 3813 3814 8302 8718 8720"},{"stopId":823650,"stopName":"Guardia Peruana","stopTypeGroup":"bus","stopLat":-12.1828439,"stopLon":-76.9996655,"routeNames":"1054 3705 7101 7505 7607 7614 7702 7703 7709 7805 8525 8613 8708 8712 8716 8717 8728 AS07 AS08"},{"stopId":1304333,"stopName":"Las Torres","stopTypeGroup":"bus","stopLat":-12.1828038,"stopLon":-76.9558187,"routeNames":"7504 7612 7709 7804"},{"stopId":737323,"stopName":"Pumacahua","stopTypeGroup":"bus","stopLat":-12.1827928,"stopLon":-76.941998,"routeNames":"1110 1804 8104 8105 8211 8507 8515 8614 8703 8704 8716 8717 8722 8724 8728 8729 IM06 IO28b NH25 NH27p"},{"stopId":1330535,"stopName":"Guardia Civil","stopTypeGroup":"bus","stopLat":-12.1827247,"stopLon":-76.9994268,"routeNames":"7799 IO89"},{"stopId":1328524,"stopName":"Guardia Civil","stopTypeGroup":"bus","stopLat":-12.1825621,"stopLon":-76.9998801,"routeNames":"4703 IO89"},{"stopId":1341536,"stopName":"Entrada Urbanización Cocharcas","stopTypeGroup":"bus","stopLat":-12.1825621,"stopLon":-76.9948053,"routeNames":"IO89"},{"stopId":736460,"stopName":"Pumacahua","stopTypeGroup":"bus","stopLat":-12.1824328,"stopLon":-76.9424409,"routeNames":"1061 1110 1802 1804 2805 3805 3813 3814 8104 8105 8211 8302 8507 8515 8614 8703 8704 8716 8717 8718 8720 8722 8724 8728 8729 IM06 IO28b NH25 NH27p"},{"stopId":738113,"stopName":"Pumacahua","stopTypeGroup":"metro","stopLat":-12.18241,"stopLon":-76.9469547,"routeNames":"Línea-1"},{"stopId":823594,"stopName":"Guardia Peruana","stopTypeGroup":"bus","stopLat":-12.1823655,"stopLon":-76.9994777,"routeNames":"1054 3705 4703 7101 7505 7607 7614 7702 7703 7709 7805 8525 8613 8708 8712 8716 8717 8728 AS07 AS08"},{"stopId":1330661,"stopName":"María Santos Samudio","stopTypeGroup":"bus","stopLat":-12.1822894,"stopLon":-76.948607,"routeNames":"7804"},{"stopId":814984,"stopName":"Colegio Inmaculada","stopTypeGroup":"bus","stopLat":-12.1817689,"stopLon":-76.9620462,"routeNames":"2804-(Lima-Callao) 7801 7802 7803 7807 7811 8201 8306 8520 8621 9801-(Lima-Callao) IM22 OM19 OM21 OM36 OM37"},{"stopId":984486,"stopName":"Paradero B","stopTypeGroup":"bus","stopLat":-12.1816043,"stopLon":-76.9919841,"routeNames":"1703-(Lima-Callao) 7601 7607 7708 8724 AS07 IO03 IO89"},{"stopId":984506,"stopName":"Paradero C","stopTypeGroup":"bus","stopLat":-12.1815883,"stopLon":-76.9921038,"routeNames":"1703-(Lima-Callao) 7601 7607 7708 8724 AS07 IO03 IO89"},{"stopId":1304421,"stopName":"4 de Diciembre","stopTypeGroup":"bus","stopLat":-12.1815134,"stopLon":-76.9512033,"routeNames":"7709"},{"stopId":1330645,"stopName":"Yanahuara","stopTypeGroup":"bus","stopLat":-12.1814505,"stopLon":-76.9244403,"routeNames":"7803"},{"stopId":814969,"stopName":"Colegio Inmaculada","stopTypeGroup":"bus","stopLat":-12.1813992,"stopLon":-76.9624043,"routeNames":"2804-(Lima-Callao) 7801 7802 7803 7807 7811 8201 8306 8520 8621 9801-(Lima-Callao) IM22 OM19 OM21 OM36 OM37"},{"stopId":1330662,"stopName":"José Olaya","stopTypeGroup":"bus","stopLat":-12.1812407,"stopLon":-76.9504631,"routeNames":"7804"},{"stopId":1328523,"stopName":"Terminal Santo Cristo (Chorrillos)","stopTypeGroup":"bus","stopLat":-12.1812197,"stopLon":-77.0006901,"routeNames":"4703"},{"stopId":1312580,"stopName":"Mercado Virgen Inmaculada","stopTypeGroup":"bus","stopLat":-12.1812197,"stopLon":-76.9258296,"routeNames":"8892"},{"stopId":1312581,"stopName":"Mercado Virgen Inmaculada","stopTypeGroup":"bus","stopLat":-12.1810886,"stopLon":-76.9260174,"routeNames":"7803 8892"},{"stopId":1304332,"stopName":"Andrés Avelino Cáceres","stopTypeGroup":"bus","stopLat":-12.1810569,"stopLon":-76.956144,"routeNames":"7504 7612 7709 7804"},{"stopId":1331493,"stopName":"Subestación Eléctrica San Juan","stopTypeGroup":"bus","stopLat":-12.1809523,"stopLon":-76.9743884,"routeNames":"8613 8723"},{"stopId":1339576,"stopName":"Guardia Peruana","stopTypeGroup":"bus","stopLat":-12.1808002,"stopLon":-77.0021331,"routeNames":"IO07"},{"stopId":1330536,"stopName":"Los Faisanes","stopTypeGroup":"bus","stopLat":-12.1806849,"stopLon":-77.0019642,"routeNames":"7799 IO89"},{"stopId":1311127,"stopName":"Subestación Eléctrica San Juan","stopTypeGroup":"bus","stopLat":-12.1806329,"stopLon":-76.9747223,"routeNames":"8613 8723"},{"stopId":737324,"stopName":"26 de Noviembre","stopTypeGroup":"bus","stopLat":-12.1806115,"stopLon":-76.9433123,"routeNames":"1061 1110 1802 1804 2805 3805 3813 3814 8104 8105 8211 8302 8507 8515 8614 8703 8704 8716 8717 8718 8720 8722 8724 8728 8729 IM06 IO28b NH25 NH27p"},{"stopId":1339575,"stopName":"Guardia Peruana","stopTypeGroup":"bus","stopLat":-12.1805276,"stopLon":-77.0019615,"routeNames":"IO07 IO89"},{"stopId":1330646,"stopName":"Los Incas","stopTypeGroup":"bus","stopLat":-12.1805014,"stopLon":-76.9259959,"routeNames":"7803"},{"stopId":823651,"stopName":"Los Meteoros","stopTypeGroup":"bus","stopLat":-12.1803545,"stopLon":-76.9980508,"routeNames":"1054 3705 4703 7101 7505 7607 7614 7702 7703 7709 7805 8525 8613 8708 8712 8716 8717 8728 IO89"},{"stopId":1304274,"stopName":"Avenida César Vallejo","stopTypeGroup":"bus","stopLat":-12.1802654,"stopLon":-76.9768345,"routeNames":"7607 7705 7706 7708 8722 8724"},{"stopId":1308943,"stopName":"Las Torres","stopTypeGroup":"bus","stopLat":-12.1802444,"stopLon":-76.9655693,"routeNames":"8605 8617 IO50"},{"stopId":736459,"stopName":"Pachacútec","stopTypeGroup":"bus","stopLat":-12.1801762,"stopLon":-76.9432962,"routeNames":"1060 1376 1417 3810 7403 7804 8104 8105 8110 8302 8404 8506 8626 8701 8702 8711 8714 8715 8803 NH25 NH27p"},{"stopId":1304236,"stopName":"Avenida César Vallejo","stopTypeGroup":"bus","stopLat":-12.1800871,"stopLon":-76.9765878,"routeNames":"7607 7705 7706 7708 8722 8724"},{"stopId":737587,"stopName":"26 de Noviembre","stopTypeGroup":"bus","stopLat":-12.1800871,"stopLon":-76.9438756,"routeNames":"1060 1061 1110 1376 1417 1802 1804 2805 3805 3810 3813 3814 7403 7804 8110 8211 8404 8506 8507 8515 8614 8626 8701 8702 8703 8704 8711 8714 8715 8716 8717 8718 8720 8722 8724 8728 8729 8803 IM06 IO28b"},{"stopId":739289,"stopName":"César Vallejo","stopTypeGroup":"bus","stopLat":-12.1800084,"stopLon":-76.9763947,"routeNames":"1058 1801-(Lima-Callao) 8107 8108 8109 8111 8112 8212 8214 8406 8503 8504 8505 8508 8510 8511 8513 8611 8612 8618 8619 SH24"},{"stopId":739359,"stopName":"César Vallejo","stopTypeGroup":"bus","stopLat":-12.1799508,"stopLon":-76.9761693,"routeNames":"1058 1801-(Lima-Callao) 8107 8108 8109 8111 8112 8212 8214 8406 8503 8504 8505 8508 8510 8511 8513 8611 8612 8618 8619 SH24"},{"stopId":823593,"stopName":"Los Meteoros","stopTypeGroup":"bus","stopLat":-12.1796047,"stopLon":-76.9976082,"routeNames":"1054 3705 4703 7101 7505 7607 7614 7702 7703 7709 7805 8525 8613 8708 8712 8716 8717 8728 AS07 AS08"},{"stopId":1330465,"stopName":"Jazmines","stopTypeGroup":"bus","stopLat":-12.1794552,"stopLon":-76.9795248,"routeNames":"7607"},{"stopId":1312582,"stopName":"Los Sauces","stopTypeGroup":"bus","stopLat":-12.1791301,"stopLon":-76.9269669,"routeNames":"7803 8892"},{"stopId":1304420,"stopName":"Los Claveles","stopTypeGroup":"bus","stopLat":-12.1790489,"stopLon":-76.9514501,"routeNames":"7709"},{"stopId":1330490,"stopName":"Héroes del Pacífico","stopTypeGroup":"bus","stopLat":-12.1789788,"stopLon":-76.958551,"routeNames":"7612 7804"},{"stopId":1330491,"stopName":"Héroes del Pacífico","stopTypeGroup":"bus","stopLat":-12.1789571,"stopLon":-76.9584319,"routeNames":"7612 7804"},{"stopId":1300848,"stopName":"Andrés Avelino Cáceres","stopTypeGroup":"bus","stopLat":-12.1788601,"stopLon":-76.9658911,"routeNames":"3701 8605 8617 IO06 IO50"},{"stopId":1339574,"stopName":"Perseo","stopTypeGroup":"bus","stopLat":-12.1788496,"stopLon":-77.0005104,"routeNames":"IO07 IO89"},{"stopId":1330466,"stopName":"Primavera","stopTypeGroup":"bus","stopLat":-12.1788286,"stopLon":-76.98192,"routeNames":"7607"},{"stopId":1304331,"stopName":"República de Alemania","stopTypeGroup":"bus","stopLat":-12.1787867,"stopLon":-76.9581664,"routeNames":"7504 7709"},{"stopId":1330537,"stopName":"Los Gorriones","stopTypeGroup":"bus","stopLat":-12.1784721,"stopLon":-77.0047081,"routeNames":"7799"},{"stopId":1330664,"stopName":"Santa María de los Andes","stopTypeGroup":"bus","stopLat":-12.1784721,"stopLon":-76.951139,"routeNames":"7804"},{"stopId":1304439,"stopName":"Balboa","stopTypeGroup":"bus","stopLat":-12.1784616,"stopLon":-76.9495189,"routeNames":"7709"},{"stopId":823652,"stopName":"El Sol","stopTypeGroup":"bus","stopLat":-12.1783711,"stopLon":-76.9963945,"routeNames":"1054 3705 4703 7101 7505 7607 7614 7702 7703 7709 7805 8525 8613 8708 8712 8716 8717 8728 AS07 AS08 IO89"},{"stopId":1304247,"stopName":"Guardia Civil","stopTypeGroup":"bus","stopLat":-12.1782885,"stopLon":-76.9961786,"routeNames":"1703-(Lima-Callao) 7601 7607 7708 8724 IO03"},{"stopId":814985,"stopName":"Arco de Alemana","stopTypeGroup":"bus","stopLat":-12.1782216,"stopLon":-76.962533,"routeNames":"2804-(Lima-Callao) 7801 7802 7803 7807 7811 8201 8306 8520 8621 9801-(Lima-Callao) IM22 OM19 OM21 OM36 OM37"},{"stopId":1304248,"stopName":"Guardia Civil","stopTypeGroup":"bus","stopLat":-12.1781469,"stopLon":-76.996479,"routeNames":"7601 7708 8724 IO03"},{"stopId":1300847,"stopName":"Andrés Avelino Cáceres","stopTypeGroup":"bus","stopLat":-12.1781155,"stopLon":-76.9662023,"routeNames":"3701 8605 8617 IO06 IO50 OM33"},{"stopId":823592,"stopName":"El Sol","stopTypeGroup":"bus","stopLat":-12.1780788,"stopLon":-76.9962698,"routeNames":"1054 1703-(Lima-Callao) 3705 4703 7101 7505 7614 7702 7703 7709 7805 8525 8613 8708 8712 8716 8717 8728"},{"stopId":736458,"stopName":"Hospital","stopTypeGroup":"bus","stopLat":-12.1780421,"stopLon":-76.9404745,"routeNames":"1060 1376 1417 3810 7403 7804 8104 8105 8110 8302 8404 8506 8626 8701 8702 8711 8714 8715 8803 NH25 NH27p"},{"stopId":1330492,"stopName":"Arco de Alemana","stopTypeGroup":"bus","stopLat":-12.1780001,"stopLon":-76.9624901,"routeNames":"7612 7804"},{"stopId":814968,"stopName":"Arco de Alemana","stopTypeGroup":"bus","stopLat":-12.1779105,"stopLon":-76.9626193,"routeNames":"2804-(Lima-Callao) 7612 7801 7802 7803 7804 7807 7811 8201 8306 8520 8621 9801-(Lima-Callao) IM22 OM19 OM21 OM36 OM37"},{"stopId":737325,"stopName":"Hospital","stopTypeGroup":"bus","stopLat":-12.1778271,"stopLon":-76.9397879,"routeNames":"1060 1376 1417 3810 7403 7804 8104 8105 8110 8302 8404 8506 8626 8701 8702 8711 8714 8715 8803 NH25 NH27p"},{"stopId":1304419,"stopName":"Los Jazmines","stopTypeGroup":"bus","stopLat":-12.1776435,"stopLon":-76.951611,"routeNames":"7709"},{"stopId":1330665,"stopName":"Mercedes Cabello","stopTypeGroup":"bus","stopLat":-12.1773499,"stopLon":-76.9511229,"routeNames":"7804"},{"stopId":1312583,"stopName":"Elías Aguirre","stopTypeGroup":"bus","stopLat":-12.1772188,"stopLon":-76.9265941,"routeNames":"8892"},{"stopId":1304438,"stopName":"Leoncio Prado","stopTypeGroup":"bus","stopLat":-12.1771401,"stopLon":-76.9498622,"routeNames":"7709"},{"stopId":1330671,"stopName":"María Parado de Bellido","stopTypeGroup":"bus","stopLat":-12.1767521,"stopLon":-76.9464129,"routeNames":"7804"},{"stopId":1304415,"stopName":"José Pardo","stopTypeGroup":"bus","stopLat":-12.1766839,"stopLon":-76.9465739,"routeNames":"7709"},{"stopId":737659,"stopName":"José Pardo","stopTypeGroup":"bus","stopLat":-12.1766472,"stopLon":-76.9456136,"routeNames":"1060 1061 1110 1376 1417 1802 1804 2805 3805 3810 3813 3814 7403 7804 8110 8211 8404 8506 8507 8515 8614 8626 8701 8702 8703 8704 8711 8714 8715 8716 8717 8718 8720 8722 8724 8728 8729 8803 IM06 IO28b"},{"stopId":1302376,"stopName":"Guardia Peruana","stopTypeGroup":"bus","stopLat":-12.1766368,"stopLon":-77.0069504,"routeNames":"1376 2702 2703 7403 7707 7708 8706 8707 8724 8726 8727"},{"stopId":2023499,"stopName":"El Sol","stopTypeGroup":"bus","stopLat":-12.176581693156715,"stopLon":-76.99858188629152},{"stopId":1330538,"stopName":"Ariosto Matelini","stopTypeGroup":"bus","stopLat":-12.1765791,"stopLon":-77.0066929,"routeNames":"7799"},{"stopId":1304249,"stopName":"Los Faisanes","stopTypeGroup":"bus","stopLat":-12.1764899,"stopLon":-76.9983995,"routeNames":"7601 7708 8724 IO03"},{"stopId":1304418,"stopName":"Mercado Modelo Inca Pachacútec","stopTypeGroup":"bus","stopLat":-12.176469,"stopLon":-76.9508386,"routeNames":"7709"},{"stopId":1331494,"stopName":"Calango","stopTypeGroup":"bus","stopLat":-12.1764585,"stopLon":-76.9755578,"routeNames":"8613 8723"},{"stopId":1304250,"stopName":"Los Faisanes","stopTypeGroup":"bus","stopLat":-12.176427,"stopLon":-76.9986033,"routeNames":"7601 7708 8724 IO03"},{"stopId":737586,"stopName":"José Pardo","stopTypeGroup":"bus","stopLat":-12.1764165,"stopLon":-76.9460374,"routeNames":"1060 1061 1110 1376 1417 1802 1804 2805 3805 3810 3813 3814 7403 7804 8110 8211 8404 8506 8507 8515 8614 8626 8701 8702 8703 8704 8711 8714 8715 8716 8717 8718 8720 8722 8724 8728 8729 8803 IM06 IO28b"},{"stopId":1302377,"stopName":"Guardia Peruana","stopTypeGroup":"bus","stopLat":-12.1763116,"stopLon":-77.0068002,"routeNames":"1376 2702 2703 7403 7707 7708 8706 8707 8724 8726 8727"},{"stopId":1303813,"stopName":"El Sol","stopTypeGroup":"bus","stopLat":-12.1763116,"stopLon":-76.9984049,"routeNames":"2703 IO07 IO89"},{"stopId":1311126,"stopName":"Calango","stopTypeGroup":"bus","stopLat":-12.1760835,"stopLon":-76.9759159,"routeNames":"8613 8723"},{"stopId":1304417,"stopName":"La Unión","stopTypeGroup":"bus","stopLat":-12.1760652,"stopLon":-76.9490495,"routeNames":"7709 7804"},{"stopId":1300846,"stopName":"José Olaya","stopTypeGroup":"bus","stopLat":-12.1759886,"stopLon":-76.9666698,"routeNames":"3701 8605 8617 IO06 IO50 OM33"},{"stopId":1330667,"stopName":"Huaca Inca Pachacutec","stopTypeGroup":"bus","stopLat":-12.175942,"stopLon":-76.9493124,"routeNames":"7804"},{"stopId":1300845,"stopName":"José Olaya","stopTypeGroup":"bus","stopLat":-12.1758042,"stopLon":-76.9668055,"routeNames":"3701 8605 8617 IO06 IO50 OM33"},{"stopId":1304330,"stopName":"Héroes del Pacífico","stopTypeGroup":"bus","stopLat":-12.1757768,"stopLon":-76.9577587,"routeNames":"7504"},{"stopId":1304275,"stopName":"Unamarca","stopTypeGroup":"bus","stopLat":-12.1754307,"stopLon":-76.9783473,"routeNames":"7705 7706 7708 8722 8724"},{"stopId":1304235,"stopName":"Unamarca","stopTypeGroup":"bus","stopLat":-12.1753783,"stopLon":-76.9781005,"routeNames":"7705 7706 7708 8722 8724"},{"stopId":1304329,"stopName":"Mateo Pumacahua","stopTypeGroup":"bus","stopLat":-12.1753468,"stopLon":-76.9587886,"routeNames":"7504"},{"stopId":739288,"stopName":"Unamarca","stopTypeGroup":"bus","stopLat":-12.1753363,"stopLon":-76.9778484,"routeNames":"1058 1801-(Lima-Callao) 8107 8108 8109 8111 8112 8212 8214 8406 8503 8504 8505 8508 8510 8511 8513 8611 8612 8618 8619 Lima-Ica-(Perú-Bus) SH24"},{"stopId":739360,"stopName":"Unamarca","stopTypeGroup":"bus","stopLat":-12.1753101,"stopLon":-76.9776821,"routeNames":"1058 1801-(Lima-Callao) 8107 8108 8109 8111 8112 8212 8214 8406 8503 8504 8505 8508 8510 8511 8513 8611 8612 8618 8619 Lima-Ica-(Perú-Bus) SH24"},{"stopId":1304416,"stopName":"Huayna Cápac","stopTypeGroup":"bus","stopLat":-12.1752314,"stopLon":-76.9473892,"routeNames":"7709 7804"},{"stopId":1330666,"stopName":"Wiracocha","stopTypeGroup":"bus","stopLat":-12.1744344,"stopLon":-76.9509351,"routeNames":"7804"},{"stopId":823654,"stopName":"Grifo San Ignacio","stopTypeGroup":"bus","stopLat":-12.1744134,"stopLon":-76.9890815,"routeNames":"1054 3705 7101 7702 7703 7709 7805 8525 8613 8708 8712 8716 8717 8728"},{"stopId":1302379,"stopName":"Jirón Andrómeda","stopTypeGroup":"bus","stopLat":-12.1744082,"stopLon":-77.0018381,"routeNames":"1376 2702 2703 7403 7708 8706 8707 8724 8726 8727 IO03"},{"stopId":1302380,"stopName":"Jirón Andrómeda","stopTypeGroup":"bus","stopLat":-12.1743977,"stopLon":-77.0016396,"routeNames":"2703 7601 7708 8724 IO03"},{"stopId":964987,"stopName":"Piérola","stopTypeGroup":"bus","stopLat":-12.1743866,"stopLon":-76.9435121,"routeNames":"1061 3813 3814"},{"stopId":823653,"stopName":"Alipio Ponce","stopTypeGroup":"bus","stopLat":-12.1743452,"stopLon":-76.9929224,"routeNames":"1054 1703-(Lima-Callao) 3705 4703 7101 7505 7614 7702 7703 7709 7805 8525 8613 8708 8712 8716 8717 8728 AS08"},{"stopId":1532583,"stopName":"El Sol","stopTypeGroup":"bus","stopLat":-12.1742771,"stopLon":-77.0017093,"routeNames":"1376 2702 7403 7601 8706 8707 8726 8727"},{"stopId":736457,"stopName":"28 de Julio","stopTypeGroup":"bus","stopLat":-12.1742535,"stopLon":-76.9435188,"routeNames":"8104 8105 8302 NH25 NH27p"},{"stopId":823590,"stopName":"Guardia Civil","stopTypeGroup":"bus","stopLat":-12.1742456,"stopLon":-76.9927508,"routeNames":"1054 3705 7101 7702 7703 7709 7805 8525 8613 8708 8712 8716 8717 8728"},{"stopId":737326,"stopName":"Progreso","stopTypeGroup":"bus","stopLat":-12.1742456,"stopLon":-76.9431674,"routeNames":"8104 8105 8302 NH25 NH27p"},{"stopId":823589,"stopName":"Grifo San Ignacio","stopTypeGroup":"bus","stopLat":-12.1741879,"stopLon":-76.9889528,"routeNames":"1054 3705 7101 7702 7703 7709 7805 8525 8613 8708 8712 8716 8717 8728"},{"stopId":823591,"stopName":"Centro de Instrucción PNP","stopTypeGroup":"bus","stopLat":-12.1738943,"stopLon":-76.9927615,"routeNames":"1703-(Lima-Callao) 4703 7505 7614 AS08"},{"stopId":1699915,"stopName":"Matucana","stopTypeGroup":"bus","stopLat":-12.1738643,"stopLon":-76.9171542,"routeNames":"1060 3810"},{"stopId":1304422,"stopName":"Andrés Avelino Cáceres","stopTypeGroup":"bus","stopLat":-12.1738471,"stopLon":-76.9571471,"routeNames":"7709"},{"stopId":1302378,"stopName":"Parque las Gaviotas","stopTypeGroup":"bus","stopLat":-12.1736111,"stopLon":-77.00459,"routeNames":"1376 2702 2703 7403 7707 7708 8706 8707 8724 8726 8727"},{"stopId":1302381,"stopName":"Parque Las Gaviotas","stopTypeGroup":"bus","stopLat":-12.173501,"stopLon":-77.0046598,"routeNames":"1376 2702 2703 7403 7707 7708 8706 8707 8724 8726 8727"},{"stopId":814986,"stopName":"Paradero 14","stopTypeGroup":"bus","stopLat":-12.1730295,"stopLon":-76.9622615,"routeNames":"2804-(Lima-Callao) 7504 7612 7801 7802 7803 7804 7807 7811 8201 8306 8520 8621 9801-(Lima-Callao) IM22 OM19 OM21 OM36 OM37"},{"stopId":1304328,"stopName":"Miguel Iglesias","stopTypeGroup":"bus","stopLat":-12.172877,"stopLon":-76.9625062,"routeNames":"7504"},{"stopId":814967,"stopName":"Paradero 14","stopTypeGroup":"bus","stopLat":-12.1727141,"stopLon":-76.962313,"routeNames":"2804-(Lima-Callao) 7612 7801 7802 7803 7804 7807 7811 8201 8306 8520 8621 9801-(Lima-Callao) IM22 OM19 OM21 OM36 OM37"},{"stopId":817102,"stopName":"Ramiro Merino","stopTypeGroup":"bus","stopLat":-12.1726882,"stopLon":-76.9327337,"routeNames":"1060 1376 1417 3810 7403 7804 8110 8404 8506 8626 8701 8702 8711 8714 8715 8803"},{"stopId":1303810,"stopName":"Distribuidora EDUSA S.R.L.","stopTypeGroup":"bus","stopLat":-12.172683,"stopLon":-76.9959533,"routeNames":"2703 IO07 IO89"},{"stopId":1300844,"stopName":"Juan Velasco Alvarado","stopTypeGroup":"bus","stopLat":-12.1726725,"stopLon":-76.9675326,"routeNames":"3701 8605 8617 IO06 IO50 OM33"},{"stopId":737660,"stopName":"Bellido","stopTypeGroup":"bus","stopLat":-12.1725676,"stopLon":-76.9482636,"routeNames":"1060 1110 1376 1417 1802 1804 2805 3805 3810 7403 8110 8211 8404 8506 8507 8515 8614 8626 8701 8702 8703 8704 8711 8714 8715 8716 8717 8718 8720 8722 8724 8728 8729 8803 IM06 IO28b"},{"stopId":737584,"stopName":"Bellido","stopTypeGroup":"bus","stopLat":-12.1725309,"stopLon":-76.9485641,"routeNames":"1060 1110 1376 1417 1802 1804 2805 3805 3810 7403 8110 8211 8404 8506 8507 8515 8614 8626 8701 8702 8703 8704 8711 8714 8715 8716 8717 8718 8720 8722 8724 8728 8729 8803 IM06 IO28b"},{"stopId":817164,"stopName":"Lima","stopTypeGroup":"bus","stopLat":-12.1724902,"stopLon":-76.9165023,"routeNames":"1060 3810 8110 8404 8506 8626 8701 8702 8711 8714 8715 8803"},{"stopId":1302382,"stopName":"Electra","stopTypeGroup":"bus","stopLat":-12.1724889,"stopLon":-76.9995421,"routeNames":"1376 2702 7403 7601 8706 8707 8726 8727"},{"stopId":1304327,"stopName":"Canevaro","stopTypeGroup":"bus","stopLat":-12.1724425,"stopLon":-76.9674722,"routeNames":"7504"},{"stopId":817170,"stopName":"Ramiro Merino","stopTypeGroup":"bus","stopLat":-12.1724417,"stopLon":-76.9325995,"routeNames":"1060 1376 1417 3810 7403 7804 8110 8404 8506 8626 8701 8702 8711 8714 8715 8803"},{"stopId":1304428,"stopName":"Cementerio Santa Rosa","stopTypeGroup":"bus","stopLat":-12.1723893,"stopLon":-76.983524,"routeNames":"1054 3705 7101 7702 7703 7709 7805 8525 8613 8708 8712 8716 8717 8728"},{"stopId":817165,"stopName":"Lima","stopTypeGroup":"bus","stopLat":-12.1723882,"stopLon":-76.9166834,"routeNames":"1060 3810 8110 8404 8506 8626 8701 8702 8711 8714 8715 8803"}]