[{"stopId":828145,"stopName":"José Olaya","stopTypeGroup":"bus","stopLat":-12.2262706,"stopLon":-76.9355755,"routeNames":"8201 8621 8718 9801-(Lima-Callao) OM19 OM21 OM37"},{"stopId":1009293,"stopName":"Mariátegui","stopTypeGroup":"bus","stopLat":-12.2262429,"stopLon":-76.9405599,"routeNames":"1801-(Lima-Callao) 8107 8111"},{"stopId":1326558,"stopName":"Revolución","stopTypeGroup":"bus","stopLat":-12.2260595,"stopLon":-76.9292682,"routeNames":"1061 3813 3814"},{"stopId":1301619,"stopName":"Talara","stopTypeGroup":"bus","stopLat":-12.2260543,"stopLon":-76.9290107,"routeNames":"2805 8212 8611 8612 8613 8619 SH24"},{"stopId":1312686,"stopName":"Separadora Industrial","stopTypeGroup":"bus","stopLat":-12.2259127,"stopLon":-76.9227397,"routeNames":"8306"},{"stopId":760622,"stopName":"Camino Real","stopTypeGroup":"bus","stopLat":-12.2259049,"stopLon":-76.9028163,"routeNames":"1110 1801-(Lima-Callao) 1804 8109 8111 8201 8212 8506 8612 8626 8717 8724 8729 8803"},{"stopId":1330945,"stopName":"Talara","stopTypeGroup":"bus","stopLat":-12.2258656,"stopLon":-76.9292361,"routeNames":"8306"},{"stopId":793613,"stopName":"Peaje de Villa ","stopTypeGroup":"bus","stopLat":-12.2258353,"stopLon":-76.9712153,"routeNames":"1058 8308 8406 8504 8505 8508 8510 8511 8618 Lima-Ica-(Perú-Bus)"},{"stopId":739306,"stopName":"Mariátegui","stopTypeGroup":"bus","stopLat":-12.2258289,"stopLon":-76.9413328,"routeNames":"1801-(Lima-Callao) 8107 8108 8111 8112 8214 8503 8513 8723 8892 IO06"},{"stopId":793545,"stopName":"Peaje de Villa","stopTypeGroup":"bus","stopLat":-12.2257159,"stopLon":-76.971572,"routeNames":"1058 8308 8406 8504 8505 8508 8510 8511 8618 Lima-Ica-(Perú-Bus)"},{"stopId":737631,"stopName":"200 Millas","stopTypeGroup":"bus","stopLat":-12.225703,"stopLon":-76.9221067,"routeNames":"1802 8109 8214 8306 8503 8720 IO06"},{"stopId":1308778,"stopName":"3 de Octubre","stopTypeGroup":"bus","stopLat":-12.2256925,"stopLon":-76.9462037,"routeNames":"8107 8112 8302 IM22"},{"stopId":1192602,"stopName":"Pastor Sevilla","stopTypeGroup":"bus","stopLat":-12.2256076,"stopLon":-76.9406513,"routeNames":"8214 8503 IO06"},{"stopId":1308779,"stopName":"3 de Octubre","stopTypeGroup":"bus","stopLat":-12.2254514,"stopLon":-76.9466543,"routeNames":"8107 8112 8302 IM22"},{"stopId":737618,"stopName":"200 Millas","stopTypeGroup":"bus","stopLat":-12.225378,"stopLon":-76.9229382,"routeNames":"1802 8109 8214 8503 8720 IO06"},{"stopId":1313715,"stopName":"Circunvalación","stopTypeGroup":"bus","stopLat":-12.2252469,"stopLon":-76.9610417,"routeNames":"8520"},{"stopId":1308319,"stopName":"Sáenz Peña","stopTypeGroup":"bus","stopLat":-12.2251473,"stopLon":-76.8964219,"routeNames":"8803"},{"stopId":1313712,"stopName":"Entrada AA.HH Lomo de Corvina","stopTypeGroup":"bus","stopLat":-12.224893,"stopLon":-76.9566134,"routeNames":"8520"},{"stopId":1313711,"stopName":"Entrada AA.HH Lomo de Corvina","stopTypeGroup":"bus","stopLat":-12.2248222,"stopLon":-76.956659,"routeNames":"8520"},{"stopId":760679,"stopName":"Jorge Chávez","stopTypeGroup":"bus","stopLat":-12.2247738,"stopLon":-76.9083309,"routeNames":"1110 1801-(Lima-Callao) 1804 8109 8110 8111 8201 8211 8212 8503 8612 8701 8702 8711 8714 8715 8716 8717 8722 8724 8728 8729 IO06 IO28b OM19 OM21 OM37"},{"stopId":1326554,"stopName":"José Olaya","stopTypeGroup":"bus","stopLat":-12.2247488,"stopLon":-76.9332325,"routeNames":"1061 3813 3814"},{"stopId":1121077,"stopName":"Bombeo","stopTypeGroup":"bus","stopLat":-12.224686,"stopLon":-76.9001655,"routeNames":"8404"},{"stopId":1315891,"stopName":"Talara","stopTypeGroup":"bus","stopLat":-12.2246335,"stopLon":-76.9265968,"routeNames":"8802"},{"stopId":760628,"stopName":"Jorge Chávez","stopTypeGroup":"bus","stopLat":-12.2244631,"stopLon":-76.9083926,"routeNames":"1110 1801-(Lima-Callao) 1804 8109 8110 8111 8201 8211 8212 8503 8612 8701 8702 8711 8714 8715 8716 8717 8722 8724 8728 8729 IO06 IO28b OM19 OM21 OM37"},{"stopId":1301611,"stopName":"Talara","stopTypeGroup":"bus","stopLat":-12.2244238,"stopLon":-76.9268328,"routeNames":"2805 8212 8611 8612 8613 8619 8802 SH24"},{"stopId":1313713,"stopName":"Mercado Arca de Noé","stopTypeGroup":"bus","stopLat":-12.2243819,"stopLon":-76.9576031,"routeNames":"8520"},{"stopId":1384339,"stopName":"Pachacútec","stopTypeGroup":"bus","stopLat":-12.2243294,"stopLon":-76.9200253,"routeNames":"8104"},{"stopId":760623,"stopName":"Mercado Las Palmas","stopTypeGroup":"bus","stopLat":-12.2243196,"stopLon":-76.9036719,"routeNames":"1110 1801-(Lima-Callao) 1804 8109 8111 8201 8212 8404 8506 8612 8626 8717 8724 8729 8803"},{"stopId":1304199,"stopName":"200 Millas","stopTypeGroup":"bus","stopLat":-12.2242508,"stopLon":-76.9194245,"routeNames":"1110 1804 8211 8716 8717 8722 8724 8728 8729 IO28b NH25 NH27p"},{"stopId":1192588,"stopName":"Micaela Bastidas","stopTypeGroup":"bus","stopLat":-12.2241155,"stopLon":-76.937096,"routeNames":"8214 8503 IO06"},{"stopId":828175,"stopName":"Mariátegui","stopTypeGroup":"bus","stopLat":-12.2240358,"stopLon":-76.9368052,"routeNames":"8201 8621 8718 9801-(Lima-Callao) OM19 OM21 OM37"},{"stopId":1301620,"stopName":"José Olaya","stopTypeGroup":"bus","stopLat":-12.2236741,"stopLon":-76.9304645,"routeNames":"1061 2805 3813 3814 8212 8611 8612 8613 8619 SH24"},{"stopId":1304200,"stopName":"200 Millas","stopTypeGroup":"bus","stopLat":-12.2236216,"stopLon":-76.9199556,"routeNames":"1110 1804 8104 8211 8716 8717 8722 8724 8728 8729 IO28b NH25 NH27p"},{"stopId":1313714,"stopName":"Cementerio Cristo el Salvador","stopTypeGroup":"bus","stopLat":-12.2235247,"stopLon":-76.959832,"routeNames":"8520"},{"stopId":828144,"stopName":"Mariátegui","stopTypeGroup":"bus","stopLat":-12.2234683,"stopLon":-76.9372693,"routeNames":"8201 8621 8718 9801-(Lima-Callao) OM19 OM21 OM37"},{"stopId":1192601,"stopName":"MIcaela Bastidas","stopTypeGroup":"bus","stopLat":-12.2234584,"stopLon":-76.9369744,"routeNames":"8214 8503 IO06"},{"stopId":1330944,"stopName":"José Olaya","stopTypeGroup":"bus","stopLat":-12.2234277,"stopLon":-76.9307113,"routeNames":"8306"},{"stopId":739343,"stopName":"3 de Octubre","stopTypeGroup":"bus","stopLat":-12.2234172,"stopLon":-76.9422448,"routeNames":"1801-(Lima-Callao) 8107 8108 8111 8112 8214 8503 8513 8723 8892 IO06"},{"stopId":1308780,"stopName":"Bolívar","stopTypeGroup":"bus","stopLat":-12.2232914,"stopLon":-76.9475985,"routeNames":"8107 8112 8302 IM22"},{"stopId":739305,"stopName":"3 de Octubre","stopTypeGroup":"bus","stopLat":-12.2232284,"stopLon":-76.9428563,"routeNames":"1801-(Lima-Callao) 8107 8108 8111 8112 8214 8503 8513 8723 IO06"},{"stopId":737617,"stopName":"Calle 7","stopTypeGroup":"bus","stopLat":-12.2231708,"stopLon":-76.9242847,"routeNames":"1802 8109 8214 8503 8720 IO06"},{"stopId":1312597,"stopName":"Pastor Sevilla","stopTypeGroup":"bus","stopLat":-12.2231446,"stopLon":-76.9421643,"routeNames":"8892"},{"stopId":1308781,"stopName":"Bolívar","stopTypeGroup":"bus","stopLat":-12.2230502,"stopLon":-76.9479632,"routeNames":"8107 8112 8302 IM22"},{"stopId":1192589,"stopName":"Álamos","stopTypeGroup":"bus","stopLat":-12.2226658,"stopLon":-76.9346095,"routeNames":"8214 8503 IO06"},{"stopId":1131973,"stopName":"José Carlos Mariátegui","stopTypeGroup":"bus","stopLat":-12.2226612,"stopLon":-76.9343263,"routeNames":"AS04"},{"stopId":737633,"stopName":"Calle 29","stopTypeGroup":"bus","stopLat":-12.2226517,"stopLon":-76.923877,"routeNames":"1802 8109 8214 8306 8503 8720 IO06"},{"stopId":1050599,"stopName":"Zarumilla","stopTypeGroup":"bus","stopLat":-12.2224899,"stopLon":-76.9047044,"routeNames":"1110 1801-(Lima-Callao) 1804 8109 8111 8201 8212 8404 8506 8612 8626 8717 8724 8729 8803"},{"stopId":1313710,"stopName":"Separadora Agroindustrial","stopTypeGroup":"bus","stopLat":-12.2224001,"stopLon":-76.9521368,"routeNames":"8520"},{"stopId":1315892,"stopName":"José Olaya","stopTypeGroup":"bus","stopLat":-12.2222008,"stopLon":-76.9280505,"routeNames":"8802"},{"stopId":793544,"stopName":"El Sol","stopTypeGroup":"bus","stopLat":-12.2221916,"stopLon":-76.9750401,"routeNames":"1058 8308 8406 8504 8505 8508 8510 8511 8618"},{"stopId":793614,"stopName":"El Sol","stopTypeGroup":"bus","stopLat":-12.2221182,"stopLon":-76.9747773,"routeNames":"1058 8308 8406 8504 8505 8508 8510 8511 8618"},{"stopId":1192600,"stopName":"Alamos","stopTypeGroup":"bus","stopLat":-12.2220952,"stopLon":-76.9345658,"routeNames":"8214 8503 IO06"},{"stopId":1131971,"stopName":"José Carlos Mariátegui","stopTypeGroup":"bus","stopLat":-12.2220597,"stopLon":-76.934843,"routeNames":"1061 3813 3814 AS04"},{"stopId":793480,"stopName":"Panamericana Sur","stopTypeGroup":"bus","stopLat":-12.2220383,"stopLon":-76.9746405,"routeNames":"2804-(Lima-Callao) AS04"},{"stopId":760680,"stopName":"Chifa Pin Yu","stopTypeGroup":"bus","stopLat":-12.2220226,"stopLon":-76.9078696,"routeNames":"1110 1801-(Lima-Callao) 1804 8109 8110 8111 8201 8211 8212 8503 8612 8701 8702 8711 8714 8715 8716 8717 8722 8724 8728 8729 IO06 IO28b OM19 OM21 OM37"},{"stopId":1301610,"stopName":"José Olaya","stopTypeGroup":"bus","stopLat":-12.2220069,"stopLon":-76.9282705,"routeNames":"2805 8212 8611 8612 8613 8619 8802 SH24"},{"stopId":1313709,"stopName":"Separadora Agroindustrial","stopTypeGroup":"bus","stopLat":-12.2219806,"stopLon":-76.9517934,"routeNames":"8520"},{"stopId":1121076,"stopName":"Chifa Pin Yu","stopTypeGroup":"bus","stopLat":-12.2218177,"stopLon":-76.9079287,"routeNames":"1110 1801-(Lima-Callao) 1804 8109 8110 8111 8201 8211 8212 8503 8612 8701 8702 8711 8714 8715 8716 8717 8722 8724 8728 8729 IO06 IO28b OM19 OM21 OM37"},{"stopId":737616,"stopName":"Calle VJ","stopTypeGroup":"bus","stopLat":-12.2218129,"stopLon":-76.925084,"routeNames":"1802 8109 8214 8503 8720 IO06"},{"stopId":1304202,"stopName":"Avenida 6","stopTypeGroup":"bus","stopLat":-12.2214144,"stopLon":-76.9205672,"routeNames":"1110 1804 8104 8211 8716 8717 8722 8724 8728 8729 IO28b NH25 NH27p"},{"stopId":737634,"stopName":"Calle C","stopTypeGroup":"bus","stopLat":-12.2213934,"stopLon":-76.9246602,"routeNames":"1802 8109 8214 8306 8503 8720 IO06"},{"stopId":1304201,"stopName":"Avenida 6","stopTypeGroup":"bus","stopLat":-12.221383,"stopLon":-76.9202775,"routeNames":"1110 1804 8104 8211 8716 8717 8722 8724 8728 8729 IO28b NH25 NH27p"},{"stopId":1312596,"stopName":"Micaela Bastidas","stopTypeGroup":"bus","stopLat":-12.2212991,"stopLon":-76.9388115,"routeNames":"8892"},{"stopId":1192590,"stopName":"Revolución","stopTypeGroup":"bus","stopLat":-12.2212345,"stopLon":-76.9322277,"routeNames":"8214 8503 IO06"},{"stopId":828176,"stopName":"3 de Octubre","stopTypeGroup":"bus","stopLat":-12.2212283,"stopLon":-76.938495,"routeNames":"8201 8621 8718 9801-(Lima-Callao) OM19 OM21 OM37"},{"stopId":1303488,"stopName":"José Carlos Mariátegui","stopTypeGroup":"bus","stopLat":-12.2211995,"stopLon":-76.9319397,"routeNames":"1061 2805 3813 3814 8212 8611 8612 8613 8619 SH24"},{"stopId":739344,"stopName":"Bolívar","stopTypeGroup":"bus","stopLat":-12.2210317,"stopLon":-76.9436824,"routeNames":"1801-(Lima-Callao) 8107 8108 8111 8112 8214 8503 8513 8723 IO06"},{"stopId":828143,"stopName":"3 de Octubre","stopTypeGroup":"bus","stopLat":-12.2210107,"stopLon":-76.9387324,"routeNames":"8201 8621 8718 9801-(Lima-Callao) OM19 OM21 OM37"},{"stopId":1312595,"stopName":"Micaela Bastidas","stopTypeGroup":"bus","stopLat":-12.220995,"stopLon":-76.9385111,"routeNames":"8892"},{"stopId":739304,"stopName":"Bolívar","stopTypeGroup":"bus","stopLat":-12.2209426,"stopLon":-76.9442296,"routeNames":"1801-(Lima-Callao) 8107 8108 8111 8112 8214 8503 8513 8723 IO06"},{"stopId":1313708,"stopName":"María Elena Moyano","stopTypeGroup":"bus","stopLat":-12.2209216,"stopLon":-76.9495296,"routeNames":"8520"},{"stopId":1308782,"stopName":"César Vallejo","stopTypeGroup":"bus","stopLat":-12.2208901,"stopLon":-76.949079,"routeNames":"8107 8112 8302 IM22"},{"stopId":1301239,"stopName":"Pablo Paulet","stopTypeGroup":"bus","stopLat":-12.2207853,"stopLon":-76.8996406,"routeNames":"8803 IO06 IO28b OM19 OM21 OM37"},{"stopId":737638,"stopName":"Revolución","stopTypeGroup":"bus","stopLat":-12.2206437,"stopLon":-76.932106,"routeNames":"1802 8109 8214 8306 8503 IO06"},{"stopId":1330943,"stopName":"José Carlos Mariátegui","stopTypeGroup":"bus","stopLat":-12.220607,"stopLon":-76.9323742,"routeNames":"8306"},{"stopId":737615,"stopName":"Calle 3","stopTypeGroup":"bus","stopLat":-12.2204707,"stopLon":-76.9258833,"routeNames":"1802 8109 8214 8503 8720 IO06"},{"stopId":1308783,"stopName":"César Vallejo","stopTypeGroup":"bus","stopLat":-12.2204183,"stopLon":-76.9495833,"routeNames":"8107 8112 8302 8802 IM22"},{"stopId":1312566,"stopName":"María Elena Moyano","stopTypeGroup":"bus","stopLat":-12.2204078,"stopLon":-76.9491434,"routeNames":"8520 8802"},{"stopId":737635,"stopName":"Calle 12","stopTypeGroup":"bus","stopLat":-12.2202453,"stopLon":-76.9253629,"routeNames":"1802 8109 8214 8306 8503 8720 IO06"},{"stopId":1312610,"stopName":"Estadio Iván Elías Moreno","stopTypeGroup":"bus","stopLat":-12.2198258,"stopLon":-76.9362903,"routeNames":"8892"},{"stopId":1192591,"stopName":"Central","stopTypeGroup":"bus","stopLat":-12.2198245,"stopLon":-76.9298077,"routeNames":"8214 8503 IO06"},{"stopId":1315893,"stopName":"Matiátegui","stopTypeGroup":"bus","stopLat":-12.2197891,"stopLon":-76.9294775,"routeNames":"8802"},{"stopId":1326553,"stopName":"Estadio Iván Elías Moreno","stopTypeGroup":"bus","stopLat":-12.219548,"stopLon":-76.9363654,"routeNames":"1061 3813 3814"},{"stopId":1312587,"stopName":"Estadio Iván Elías Moreno","stopTypeGroup":"bus","stopLat":-12.2195165,"stopLon":-76.9360864,"routeNames":"8892"},{"stopId":1308799,"stopName":"Calle 3","stopTypeGroup":"bus","stopLat":-12.2195113,"stopLon":-76.9715989,"routeNames":"2804-(Lima-Callao)"},{"stopId":1304204,"stopName":"Calle 1","stopTypeGroup":"bus","stopLat":-12.219312,"stopLon":-76.9211733,"routeNames":"1110 1804 8104 8211 8716 8717 8722 8724 8728 8729 IO28b NH25 NH27p"},{"stopId":737603,"stopName":"Mariátegui","stopTypeGroup":"bus","stopLat":-12.2192544,"stopLon":-76.9299442,"routeNames":"1802 2805 8109 8212 8611 8612 8613 8619 8802 SH24"},{"stopId":737637,"stopName":"Central","stopTypeGroup":"bus","stopLat":-12.2192334,"stopLon":-76.929692,"routeNames":"1802 8109 8214 8306 8503 IO06"},{"stopId":1304203,"stopName":"Calle 1","stopTypeGroup":"bus","stopLat":-12.2192281,"stopLon":-76.9208783,"routeNames":"1110 1804 8104 8211 8716 8717 8722 8724 8728 8729 IO28b NH25 NH27p"},{"stopId":828177,"stopName":"Bolívar","stopTypeGroup":"bus","stopLat":-12.2188454,"stopLon":-76.9399206,"routeNames":"8201 8621 8718 9801-(Lima-Callao) OM19 OM21 OM37"},{"stopId":1313707,"stopName":"Pastor Sevilla","stopTypeGroup":"bus","stopLat":-12.2187825,"stopLon":-76.945796,"routeNames":"8520 8802"},{"stopId":1390753,"stopName":"Vicuña","stopTypeGroup":"bus","stopLat":-12.2187406,"stopLon":-76.9574556,"routeNames":"2804-(Lima-Callao) 8105 8107 8112"},{"stopId":1301240,"stopName":"Los Ángeles","stopTypeGroup":"bus","stopLat":-12.2186252,"stopLon":-76.9014645,"routeNames":"8803 IO06 IO28b OM19 OM21 OM37"},{"stopId":739345,"stopName":"César Vallejo","stopTypeGroup":"bus","stopLat":-12.21862,"stopLon":-76.9451201,"routeNames":"1801-(Lima-Callao) 8107 8108 8111 8112 8214 8503 8513 8723 IO06"},{"stopId":828142,"stopName":"Bolívar","stopTypeGroup":"bus","stopLat":-12.2186003,"stopLon":-76.9401795,"routeNames":"8201 8621 8718 9801-(Lima-Callao) OM19 OM21 OM37"},{"stopId":737639,"stopName":"3 de Octubre","stopTypeGroup":"bus","stopLat":-12.2183945,"stopLon":-76.9336188,"routeNames":"1061 1802 2805 3813 3814 8109 8212 8306 8611 8612 8613 8619 SH24"},{"stopId":1312588,"stopName":"Revolución","stopTypeGroup":"bus","stopLat":-12.2183893,"stopLon":-76.9338655,"routeNames":"8892"},{"stopId":1192592,"stopName":"Paradero 8","stopTypeGroup":"bus","stopLat":-12.2183123,"stopLon":-76.9072243,"routeNames":"1110 1801-(Lima-Callao) 1804 8109 8110 8111 8201 8211 8212 8503 8612 8701 8702 8711 8714 8715 8716 8717 8722 8724 8728 8729 IO06 IO28b OM19 OM21 OM37"},{"stopId":737604,"stopName":"Separadora Industrial","stopTypeGroup":"bus","stopLat":-12.2183106,"stopLon":-76.9272619,"routeNames":"1802 8109 8214 8503 IO06"},{"stopId":1488241,"stopName":"Vicuña","stopTypeGroup":"bus","stopLat":-12.2183002,"stopLon":-76.957528,"routeNames":"2804-(Lima-Callao) 8105 8107 8112"},{"stopId":1308785,"stopName":"Jorge Chávez","stopTypeGroup":"bus","stopLat":-12.2182635,"stopLon":-76.9506803,"routeNames":"8107 8112 8302 8802 IM22"},{"stopId":867853,"stopName":"Paradero 8","stopTypeGroup":"bus","stopLat":-12.2182215,"stopLon":-76.9070864,"routeNames":"1110 1801-(Lima-Callao) 1804 8109 8111 8201 8212 8404 8506 8612 8626 8717 8724 8729 8803"},{"stopId":739303,"stopName":"César Vallejo","stopTypeGroup":"bus","stopLat":-12.2182058,"stopLon":-76.9458711,"routeNames":"1801-(Lima-Callao) 8107 8108 8111 8112 8214 8503 8513 8723 IO06"},{"stopId":1312586,"stopName":"Revolución","stopTypeGroup":"bus","stopLat":-12.2181638,"stopLon":-76.9336241,"routeNames":"8892"},{"stopId":1330942,"stopName":"3 de Octubre","stopTypeGroup":"bus","stopLat":-12.2181586,"stopLon":-76.9338548,"routeNames":"8306"},{"stopId":737636,"stopName":"Mariátegui","stopTypeGroup":"bus","stopLat":-12.2181376,"stopLon":-76.9266182,"routeNames":"1802 8109 8214 8306 8503 8720 IO06"},{"stopId":1312565,"stopName":"Pastor Sevilla","stopTypeGroup":"bus","stopLat":-12.21808,"stopLon":-76.9450879,"routeNames":"8520 8802"},{"stopId":1308786,"stopName":"Jorge Chávez","stopTypeGroup":"bus","stopLat":-12.2180485,"stopLon":-76.9510424,"routeNames":"8107 8112 8302 8802 IM22"},{"stopId":1330876,"stopName":"Paradero 8","stopTypeGroup":"bus","stopLat":-12.217865,"stopLon":-76.9070274,"routeNames":"8211 IO06 IO28b OM19 OM21 OM37"},{"stopId":1301238,"stopName":"Complejo Deportivo José Olaya","stopTypeGroup":"bus","stopLat":-12.2178493,"stopLon":-76.9029665,"routeNames":"8211 IO06 IO28b OM19 OM21 OM37"},{"stopId":817156,"stopName":"Paradero 8","stopTypeGroup":"bus","stopLat":-12.217844,"stopLon":-76.9072312,"routeNames":"8110 8404 8503 8506 8626 8701 8702 8711 8714 8715 8716 8722 8728 8803"},{"stopId":1315890,"stopName":"Mariátegui","stopTypeGroup":"bus","stopLat":-12.2177025,"stopLon":-76.9273263,"routeNames":"8720"},{"stopId":1309370,"stopName":"José Olaya","stopTypeGroup":"bus","stopLat":-12.217671,"stopLon":-76.9011158,"routeNames":"8211"},{"stopId":1390755,"stopName":"Separadora Agroindustrial","stopTypeGroup":"bus","stopLat":-12.2173433,"stopLon":-76.9550389,"routeNames":"2804-(Lima-Callao) 8105 8107 8112"},{"stopId":1326552,"stopName":"Bolívar","stopTypeGroup":"bus","stopLat":-12.2171362,"stopLon":-76.9377708,"routeNames":"1061 3813 3814"},{"stopId":1315894,"stopName":"3 de Octubre","stopTypeGroup":"bus","stopLat":-12.2169947,"stopLon":-76.9312048,"routeNames":"8802"},{"stopId":1312589,"stopName":"Central","stopTypeGroup":"bus","stopLat":-12.2169685,"stopLon":-76.9314301,"routeNames":"8613 8892"},{"stopId":1390369,"stopName":"Juan Velasco Alvarado","stopTypeGroup":"bus","stopLat":-12.2168216,"stopLon":-76.9552535,"routeNames":"2804-(Lima-Callao)"},{"stopId":1390748,"stopName":"Separadora Agroindustrial","stopTypeGroup":"bus","stopLat":-12.2167823,"stopLon":-76.9549611,"routeNames":"8105 8107 8112"},{"stopId":737602,"stopName":"3 de Octubre","stopTypeGroup":"bus","stopLat":-12.2167535,"stopLon":-76.9314355,"routeNames":"1802 2805 8109 8212 8611 8612 8619 8802 8892 SH24"},{"stopId":1313706,"stopName":"Micaela Bastidas","stopTypeGroup":"bus","stopLat":-12.216397,"stopLon":-76.941644,"routeNames":"8520 8802"},{"stopId":828178,"stopName":"César Vallejo","stopTypeGroup":"bus","stopLat":-12.2163708,"stopLon":-76.9414193,"routeNames":"8201 8621 8718 9801-(Lima-Callao) OM19 OM21 OM37"},{"stopId":737640,"stopName":"Bolívar","stopTypeGroup":"bus","stopLat":-12.2160038,"stopLon":-76.9350618,"routeNames":"1061 1802 2805 3813 3814 8109 8212 8306 8611 8612 8619 SH24"},{"stopId":739346,"stopName":"Jorge Chávez","stopTypeGroup":"bus","stopLat":-12.2159723,"stopLon":-76.9467133,"routeNames":"1801-(Lima-Callao) 8107 8108 8111 8112 8214 8503 8513 8723 IO06"},{"stopId":1315882,"stopName":"Micaela Bastidas","stopTypeGroup":"bus","stopLat":-12.2159303,"stopLon":-76.9414508,"routeNames":"8802"},{"stopId":828141,"stopName":"César Vallejo","stopTypeGroup":"bus","stopLat":-12.2159133,"stopLon":-76.9417875,"routeNames":"8201 8520 8621 8718 9801-(Lima-Callao) OM19 OM21 OM37"},{"stopId":739302,"stopName":"Jorge Chávez","stopTypeGroup":"bus","stopLat":-12.2158832,"stopLon":-76.9472659,"routeNames":"1801-(Lima-Callao) 8107 8108 8111 8112 8214 8503 8513 8723 IO06"},{"stopId":1390754,"stopName":"María Elena Moyano","stopTypeGroup":"bus","stopLat":-12.2158517,"stopLon":-76.9524801,"routeNames":"8105 8107 8112"},{"stopId":1304205,"stopName":"José Carlos Mariátegui","stopTypeGroup":"bus","stopLat":-12.2158465,"stopLon":-76.9218117,"routeNames":"1110 1804 8104 8211 8716 8717 8722 8724 8728 8729 IO28b NH25 NH27p"},{"stopId":1308788,"stopName":"Juan Velasco Alvarado","stopTypeGroup":"bus","stopLat":-12.2157888,"stopLon":-76.9521743,"routeNames":"8107 8112 8302 8802 IM22"},{"stopId":1330941,"stopName":"Bolívar","stopTypeGroup":"bus","stopLat":-12.2157678,"stopLon":-76.9352871,"routeNames":"8306"},{"stopId":1929611,"stopName":"Aldea 6","stopTypeGroup":"bus","stopLat":-12.215573565462883,"stopLon":-76.95827096700668,"routeNames":"8802"},{"stopId":793543,"stopName":"Rinconada Sur","stopTypeGroup":"bus","stopLat":-12.2154597,"stopLon":-76.9767085,"routeNames":"1058 8406 8504 8505 8508 8510 8511 8618"},{"stopId":1929460,"stopName":"Juan Velasco Alvarado","stopTypeGroup":"bus","stopLat":-12.21535152617905,"stopLon":-76.95265334846228,"routeNames":"8802"},{"stopId":1390366,"stopName":"Rinconada Sur","stopTypeGroup":"bus","stopLat":-12.2152435,"stopLon":-76.9762284,"routeNames":"2804-(Lima-Callao)"},{"stopId":1311099,"stopName":"María Elena Moyano","stopTypeGroup":"bus","stopLat":-12.2151649,"stopLon":-76.9521475,"routeNames":"8105 8302 IM22"},{"stopId":1315889,"stopName":"3 de Octubre","stopTypeGroup":"bus","stopLat":-12.2151439,"stopLon":-76.9288766,"routeNames":"8613 8720"},{"stopId":1315881,"stopName":"Los Álamos","stopTypeGroup":"bus","stopLat":-12.2150181,"stopLon":-76.9392407,"routeNames":"8802"},{"stopId":1131974,"stopName":"César Vallejo","stopTypeGroup":"bus","stopLat":-12.214997,"stopLon":-76.9389511,"routeNames":"AS04"},{"stopId":793479,"stopName":"Santa Rosa","stopTypeGroup":"bus","stopLat":-12.2149027,"stopLon":-76.9822204,"routeNames":"8308 AS04"},{"stopId":793615,"stopName":"Rinconada Sur","stopTypeGroup":"bus","stopLat":-12.2148422,"stopLon":-76.9764322,"routeNames":"1058 8406 8504 8505 8508 8510 8511 8618"},{"stopId":793495,"stopName":"Santa Rosa","stopTypeGroup":"bus","stopLat":-12.2147245,"stopLon":-76.98192,"routeNames":"8308 AS04"},{"stopId":1929459,"stopName":"Separadora Agroindustrial","stopTypeGroup":"bus","stopLat":-12.214642676498205,"stopLon":-76.95666378737316,"routeNames":"8802"},{"stopId":1312590,"stopName":"Bolívar","stopTypeGroup":"bus","stopLat":-12.2146091,"stopLon":-76.932621,"routeNames":"8802 8892"},{"stopId":1390372,"stopName":"Arriba Perú","stopTypeGroup":"bus","stopLat":-12.2145908,"stopLon":-76.9564041,"routeNames":"2804-(Lima-Callao)"},{"stopId":1192595,"stopName":"Iquitos","stopTypeGroup":"bus","stopLat":-12.2145423,"stopLon":-76.9024356,"routeNames":"8503 8803"},{"stopId":1315880,"stopName":"Los Álamos","stopTypeGroup":"bus","stopLat":-12.214541,"stopLon":-76.939069,"routeNames":"8802"},{"stopId":1131970,"stopName":"César Vallejo","stopTypeGroup":"bus","stopLat":-12.2145307,"stopLon":-76.9393609,"routeNames":"1061 3813 3814 AS04"},{"stopId":1929458,"stopName":"Separadora Agroindustrial","stopTypeGroup":"bus","stopLat":-12.214394683607456,"stopLon":-76.95641809705195,"routeNames":"8802"},{"stopId":1390368,"stopName":"Arriba Perú","stopTypeGroup":"bus","stopLat":-12.2143837,"stopLon":-76.9567046,"routeNames":"2804-(Lima-Callao)"},{"stopId":1929612,"stopName":"Universidad Nacional Tecnológica de Lima Sur","stopTypeGroup":"bus","stopLat":-12.214379741074982,"stopLon":-76.93262851234978,"routeNames":"8802"},{"stopId":737601,"stopName":"Bolívar","stopTypeGroup":"bus","stopLat":-12.2143784,"stopLon":-76.9328731,"routeNames":"1802 2805 8109 8212 8611 8612 8619 8892 SH24"},{"stopId":1304206,"stopName":"José Carlos Mariátegui","stopTypeGroup":"bus","stopLat":-12.2142945,"stopLon":-76.9225252,"routeNames":"1110 1804 8104 8211 8716 8717 8722 8724 8728 8729 IO28b NH25 NH27p"},{"stopId":828179,"stopName":"Jorge Chávez","stopTypeGroup":"bus","stopLat":-12.213706,"stopLon":-76.9430126,"routeNames":"8201 8520 8621 8718 9801-(Lima-Callao) OM19 OM21 OM37"},{"stopId":1311098,"stopName":"Pastor Sevilla","stopTypeGroup":"bus","stopLat":-12.2136968,"stopLon":-76.9487625,"routeNames":"8105 8302 IM22"},{"stopId":739347,"stopName":"Juan Velasco Alvarado","stopTypeGroup":"bus","stopLat":-12.2136025,"stopLon":-76.9481295,"routeNames":"1801-(Lima-Callao) 8107 8108 8111 8112 8214 8503 8513 8723 IO06"},{"stopId":1315883,"stopName":"Revolución","stopTypeGroup":"bus","stopLat":-12.2136025,"stopLon":-76.936816,"routeNames":"8802"},{"stopId":737641,"stopName":"César Vallejo","stopTypeGroup":"bus","stopLat":-12.213571,"stopLon":-76.9365102,"routeNames":"1061 1802 2805 3813 3814 8109 8212 8306 8611 8612 8619 SH24"},{"stopId":828140,"stopName":"Jorge Chávez","stopTypeGroup":"bus","stopLat":-12.213474,"stopLon":-76.9432519,"routeNames":"8201 8520 8621 8718 9801-(Lima-Callao) OM19 OM21 OM37"},{"stopId":739301,"stopName":"Juan Velasco Alvarado","stopTypeGroup":"bus","stopLat":-12.2131568,"stopLon":-76.9488966,"routeNames":"1801-(Lima-Callao) 8107 8108 8111 8112 8214 8503 8513 8723 IO06"},{"stopId":1308791,"stopName":"Arriba Perú","stopTypeGroup":"bus","stopLat":-12.2131516,"stopLon":-76.9537783,"routeNames":"8802"},{"stopId":1929461,"stopName":"María Elena Moyano","stopTypeGroup":"bus","stopLat":-12.213147899343175,"stopLon":-76.9540802836582,"routeNames":"8802"},{"stopId":1315884,"stopName":"Revolución","stopTypeGroup":"bus","stopLat":-12.2131201,"stopLon":-76.9366336,"routeNames":"8613 8802"},{"stopId":1330940,"stopName":"César Vallejo","stopTypeGroup":"bus","stopLat":-12.2131096,"stopLon":-76.936875,"routeNames":"8306"},{"stopId":1332000,"stopName":"Bolívar","stopTypeGroup":"bus","stopLat":-12.2130887,"stopLon":-76.9300032,"routeNames":"8613 8720"},{"stopId":1311097,"stopName":"Pastor Sevilla","stopTypeGroup":"bus","stopLat":-12.2129576,"stopLon":-76.9483012,"routeNames":"8105 8302 IM22"},{"stopId":1315888,"stopName":"Bolívar","stopTypeGroup":"bus","stopLat":-12.212816,"stopLon":-76.930325,"routeNames":"8613 8720 8802"},{"stopId":1316715,"stopName":"Avenida 17","stopTypeGroup":"bus","stopLat":-12.2126587,"stopLon":-76.9685197,"routeNames":"8605 IO50 OM33"},{"stopId":1317172,"stopName":"Algarrobos","stopTypeGroup":"bus","stopLat":-12.2124175,"stopLon":-76.9687879,"routeNames":"3805"},{"stopId":1315885,"stopName":"Central","stopTypeGroup":"bus","stopLat":-12.2121973,"stopLon":-76.9344127,"routeNames":"8802"},{"stopId":1390371,"stopName":"Villa del Mar","stopTypeGroup":"bus","stopLat":-12.2121895,"stopLon":-76.9578525,"routeNames":"2804-(Lima-Callao)"},{"stopId":1312591,"stopName":"César Vallejo","stopTypeGroup":"bus","stopLat":-12.2121449,"stopLon":-76.9340694,"routeNames":"8802 8892"},{"stopId":1192598,"stopName":"Huancayo","stopTypeGroup":"bus","stopLat":-12.2120857,"stopLon":-76.9031179,"routeNames":"8503 8803"},{"stopId":1326551,"stopName":"Los Álamos","stopTypeGroup":"bus","stopLat":-12.2120715,"stopLon":-76.9405711,"routeNames":"1061 3813 3814"},{"stopId":793481,"stopName":"Almacenes","stopTypeGroup":"bus","stopLat":-12.212061,"stopLon":-76.9635093,"routeNames":"2804-(Lima-Callao) AS04"},{"stopId":1390367,"stopName":"Villa del Mar","stopTypeGroup":"bus","stopLat":-12.2120269,"stopLon":-76.9581154,"routeNames":"2804-(Lima-Callao)"},{"stopId":793494,"stopName":"Almacenes","stopTypeGroup":"bus","stopLat":-12.2119011,"stopLon":-76.9634154,"routeNames":"2804-(Lima-Callao) AS04"},{"stopId":1869583,"stopName":"Las Vertientes","stopTypeGroup":"bus","stopLat":-12.211835786630834,"stopLon":-76.97196937566217,"routeNames":"3805"},{"stopId":737600,"stopName":"César Vallejo","stopTypeGroup":"bus","stopLat":-12.2117097,"stopLon":-76.934461,"routeNames":"1802 2805 8109 8212 8611 8612 8613 8619 8892 SH24"},{"stopId":1332002,"stopName":"Central","stopTypeGroup":"bus","stopLat":-12.2117045,"stopLon":-76.9342035,"routeNames":"8613 8802"},{"stopId":1312564,"stopName":"Micaela Bastidas","stopTypeGroup":"bus","stopLat":-12.2113165,"stopLon":-76.9447017,"routeNames":"8105 8302 IM22"},{"stopId":828180,"stopName":"Juan Velasco Alvarado","stopTypeGroup":"bus","stopLat":-12.2113073,"stopLon":-76.9444562,"routeNames":"7811 8201 8520 8621 8718 9801-(Lima-Callao) OM19 OM21 OM37"},{"stopId":1332590,"stopName":"Victoria Barcia Bonifatti","stopTypeGroup":"bus","stopLat":-12.2112012,"stopLon":-76.9129121,"routeNames":"8716 8722"},{"stopId":1330683,"stopName":"Patio Taller Línea 1 Metro de Lima (Villa El Salvador)","stopTypeGroup":"bus","stopLat":-12.2110544,"stopLon":-76.9284797,"routeNames":"7807"},{"stopId":737642,"stopName":"Jorge Chávez","stopTypeGroup":"bus","stopLat":-12.2109076,"stopLon":-76.938141,"routeNames":"1061 1802 2805 3813 3814 8109 8212 8306 8611 8612 8613 8619 SH24"},{"stopId":739348,"stopName":"Arriba Perú","stopTypeGroup":"bus","stopLat":-12.2108971,"stopLon":-76.9497603,"routeNames":"1801-(Lima-Callao) 8107 8108 8111 8112 8214 8503 8513 8723 IO06"},{"stopId":1312689,"stopName":"Micaela Bastidas","stopTypeGroup":"bus","stopLat":-12.2108132,"stopLon":-76.9446105,"routeNames":"7802 7803 8105 8306 8613"},{"stopId":828139,"stopName":"Juan Velasco Alvarado","stopTypeGroup":"bus","stopLat":-12.2107758,"stopLon":-76.944878,"routeNames":"7802 7803 7811 8201 8302 8306 8520 8613 8621 8718 9801-(Lima-Callao) IM22 OM19 OM21 OM37"},{"stopId":739300,"stopName":"Arriba Perú","stopTypeGroup":"bus","stopLat":-12.2106769,"stopLon":-76.9503987,"routeNames":"1801-(Lima-Callao) 8107 8108 8111 8112 8214 8503 8513 8723 IO06"},{"stopId":1326550,"stopName":"Revolución","stopTypeGroup":"bus","stopLat":-12.2106769,"stopLon":-76.938141,"routeNames":"1061 3813 3814 8720"},{"stopId":1330939,"stopName":"Jorge Chávez","stopTypeGroup":"bus","stopLat":-12.2106716,"stopLon":-76.938377,"routeNames":"8306"},{"stopId":1304208,"stopName":"Estadio Santa Rosa de las Conchitas","stopTypeGroup":"bus","stopLat":-12.2105772,"stopLon":-76.9250786,"routeNames":"1110 1804 8104 8211 8716 8717 8722 8724 8728 8729 IO28b NH25 NH27p"},{"stopId":1304207,"stopName":"Estadio Santa Rosa de las Conchitas","stopTypeGroup":"bus","stopLat":-12.2105405,"stopLon":-76.9249713,"routeNames":"1110 1804 8104 8211 8716 8717 8722 8724 8728 8729 IO28b NH25 NH27p"},{"stopId":1332001,"stopName":"César Vallejo","stopTypeGroup":"bus","stopLat":-12.2104462,"stopLon":-76.9316554,"routeNames":"8613 8720"},{"stopId":1332591,"stopName":"Huáscar","stopTypeGroup":"bus","stopLat":-12.2103832,"stopLon":-76.9143713,"routeNames":"8716 8722"},{"stopId":1315887,"stopName":"César Vallejo","stopTypeGroup":"bus","stopLat":-12.2102417,"stopLon":-76.9320524,"routeNames":"8720 8802"},{"stopId":1308955,"stopName":"Lima","stopTypeGroup":"bus","stopLat":-12.2101945,"stopLon":-76.906448,"routeNames":"8716 8722 8728"},{"stopId":1131975,"stopName":"Velasco Alvarado","stopTypeGroup":"bus","stopLat":-12.2099555,"stopLon":-76.9419518,"routeNames":"AS04"},{"stopId":1330635,"stopName":"Los Álamos","stopTypeGroup":"bus","stopLat":-12.2099533,"stopLon":-76.9423628,"routeNames":"7802 7803 8105 8306 8613"},{"stopId":1338892,"stopName":"Magisterio","stopTypeGroup":"bus","stopLat":-12.2098275,"stopLon":-76.9595879,"routeNames":"2804-(Lima-Callao)"},{"stopId":1390370,"stopName":"Magisterio","stopTypeGroup":"bus","stopLat":-12.2098144,"stopLon":-76.9592714,"routeNames":"2804-(Lima-Callao)"},{"stopId":817158,"stopName":"Paradero 4","stopTypeGroup":"bus","stopLat":-12.2097331,"stopLon":-76.9060832,"routeNames":"8110 8404 8503 8506 8626 8701 8702 8711 8714 8715 8803"},{"stopId":1332593,"stopName":"Marian Quimper","stopTypeGroup":"bus","stopLat":-12.2095548,"stopLon":-76.909157,"routeNames":"8716 8722"},{"stopId":1312592,"stopName":"Jorge Chávez","stopTypeGroup":"bus","stopLat":-12.2095024,"stopLon":-76.9356894,"routeNames":"8802 8892"},{"stopId":1308954,"stopName":"Estadio José Galvez","stopTypeGroup":"bus","stopLat":-12.2094814,"stopLon":-76.9066036,"routeNames":"8728"},{"stopId":1330648,"stopName":"Los Álamos","stopTypeGroup":"bus","stopLat":-12.2094133,"stopLon":-76.9422126,"routeNames":"7803 8105 8306 8613"},{"stopId":1131969,"stopName":"Velasco Alvarado","stopTypeGroup":"bus","stopLat":-12.2094093,"stopLon":-76.9424559,"routeNames":"7802 AS04"},{"stopId":1332066,"stopName":"La Oyada","stopTypeGroup":"bus","stopLat":-12.2092953,"stopLon":-76.9250464,"routeNames":"8614"},{"stopId":817149,"stopName":"Paradero 4","stopTypeGroup":"bus","stopLat":-12.2092953,"stopLon":-76.9061852,"routeNames":"8110 8404 8503 8506 8626 8701 8702 8711 8714 8715 8803"},{"stopId":793496,"stopName":"Pantanos de Villa","stopTypeGroup":"bus","stopLat":-12.2092927,"stopLon":-76.9873703,"routeNames":"8308 AS04"},{"stopId":737599,"stopName":"Jorge Chávez","stopTypeGroup":"bus","stopLat":-12.2092507,"stopLon":-76.9359416,"routeNames":"1061 1802 2805 3813 3814 8109 8212 8611 8612 8613 8619 8892 SH24"},{"stopId":1865627,"stopName":"Central","stopTypeGroup":"bus","stopLat":-12.209242147484366,"stopLon":-76.93567503389102,"routeNames":"8720"},{"stopId":1330682,"stopName":"César Vallejo","stopTypeGroup":"bus","stopLat":-12.2091878,"stopLon":-76.9287908,"routeNames":"7807"},{"stopId":793478,"stopName":"Pantanos de Villa","stopTypeGroup":"bus","stopLat":-12.2090725,"stopLon":-76.988014,"routeNames":"8308 AS04"},{"stopId":1316714,"stopName":"BSF Villa El Salvador","stopTypeGroup":"bus","stopLat":-12.2090515,"stopLon":-76.967833,"routeNames":"3805 8605 IO50 OM33"},{"stopId":828181,"stopName":"Arriba Perú","stopTypeGroup":"bus","stopLat":-12.2086334,"stopLon":-76.9460683,"routeNames":"7802 7803 7811 8201 8302 8306 8520 8613 8621 8718 9801-(Lima-Callao) IM22 OM19 OM21 OM37"},{"stopId":1332592,"stopName":"Jirón 22","stopTypeGroup":"bus","stopLat":-12.2085482,"stopLon":-76.9126868,"routeNames":"8716 8722"},{"stopId":1330636,"stopName":"Óvalo de la Mujer","stopTypeGroup":"bus","stopLat":-12.2085377,"stopLon":-76.9399112,"routeNames":"7802 7803 8105 8306 8613"},{"stopId":739349,"stopName":"Villa del Mar","stopTypeGroup":"bus","stopLat":-12.2084957,"stopLon":-76.9511926,"routeNames":"1801-(Lima-Callao) 8107 8108 8111 8112 8214 8503 8513 8723 IO06"},{"stopId":737643,"stopName":"Óvalo de la Mujer","stopTypeGroup":"bus","stopLat":-12.2084853,"stopLon":-76.9395947,"routeNames":"1061 1802 2805 3813 3814 8109 8212 8306 8611 8612 8613 8619 8720 SH24"},{"stopId":828138,"stopName":"Arriba Perú","stopTypeGroup":"bus","stopLat":-12.2083974,"stopLon":-76.9462989,"routeNames":"7802 7803 7811 8201 8302 8306 8520 8613 8621 8718 9801-(Lima-Callao) IM22 OM19 OM21 OM37"},{"stopId":1304193,"stopName":"Ica","stopTypeGroup":"bus","stopLat":-12.2082493,"stopLon":-76.9040608,"routeNames":"8503 8803"},{"stopId":739299,"stopName":"Villa del Mar","stopTypeGroup":"bus","stopLat":-12.2082441,"stopLon":-76.9518256,"routeNames":"1801-(Lima-Callao) 8107 8108 8111 8112 8214 8503 8513 8723 IO06"},{"stopId":1192599,"stopName":"Ica","stopTypeGroup":"bus","stopLat":-12.2082008,"stopLon":-76.9038864,"routeNames":"8503 8803"},{"stopId":1331394,"stopName":"Óvalo de la Mujer","stopTypeGroup":"bus","stopLat":-12.2079898,"stopLon":-76.9399568,"routeNames":"8720"},{"stopId":1311122,"stopName":"Óvalo de la Mujer","stopTypeGroup":"bus","stopLat":-12.2079085,"stopLon":-76.9396216,"routeNames":"7802 7803 8105"},{"stopId":1865639,"stopName":"Estación Villa El Salvador","stopTypeGroup":"bus","stopLat":-12.20778492275084,"stopLon":-76.93351954225949,"routeNames":"8720 8802"},{"stopId":1304210,"stopName":"El Rosedal","stopTypeGroup":"bus","stopLat":-12.207531,"stopLon":-76.9274068,"routeNames":"1110 1804 8104 8211 8716 8717 8722 8724 8728 8729 IO28b NH25 NH27p"},{"stopId":1304209,"stopName":"El Rosedal","stopTypeGroup":"bus","stopLat":-12.2074628,"stopLon":-76.9272727,"routeNames":"1110 1804 8104 8211 8716 8717 8722 8724 8728 8729 IO28b NH25 NH27p"},{"stopId":1330681,"stopName":"Los Tupis","stopTypeGroup":"bus","stopLat":-12.2074157,"stopLon":-76.9298422,"routeNames":"7807"},{"stopId":1300785,"stopName":"Auxiliar Pachacutec","stopTypeGroup":"bus","stopLat":-12.2073737,"stopLon":-76.9269186,"routeNames":"8614 IM06"},{"stopId":738119,"stopName":"Villa El Salvador","stopTypeGroup":"metro","stopLat":-12.2072898,"stopLon":-76.9333506,"routeNames":"Línea-1"},{"stopId":1330637,"stopName":"Óvalo Cuaves","stopTypeGroup":"bus","stopLat":-12.2071063,"stopLon":-76.9374865,"routeNames":"7802 7803 8105 8613 8720"},{"stopId":1312593,"stopName":"Juan Velasco Alvarado","stopTypeGroup":"bus","stopLat":-12.2070591,"stopLon":-76.9371593,"routeNames":"8802 8892"},{"stopId":737598,"stopName":"Óvalo Cuaves","stopTypeGroup":"bus","stopLat":-12.206582,"stopLon":-76.9375348,"routeNames":"1061 1802 2805 3813 3814 7802 8109 8212 8611 8612 8619 SH24"},{"stopId":1312594,"stopName":"Óvalo Cuaves","stopTypeGroup":"bus","stopLat":-12.2065401,"stopLon":-76.9372451,"routeNames":"7803 8105 8892"},{"stopId":1304191,"stopName":"Los Jazmines","stopTypeGroup":"bus","stopLat":-12.206388,"stopLon":-76.9044578,"routeNames":"8503 8803"},{"stopId":1308302,"stopName":"Los Jazmines","stopTypeGroup":"bus","stopLat":-12.2063775,"stopLon":-76.9042754,"routeNames":"8503 8803"},{"stopId":1300784,"stopName":"El Rosedal","stopTypeGroup":"bus","stopLat":-12.2063408,"stopLon":-76.9244564,"routeNames":"8614 IM06"},{"stopId":1316388,"stopName":"Camposanto Nuestra Señora de la Nube","stopTypeGroup":"bus","stopLat":-12.2062884,"stopLon":-76.9673234,"routeNames":"3805 8605 IO50 OM33"},{"stopId":828182,"stopName":"Villa del Mar","stopTypeGroup":"bus","stopLat":-12.206236,"stopLon":-76.9474831,"routeNames":"7802 7803 7811 8201 8302 8306 8520 8613 8621 8718 9801-(Lima-Callao) IM22 OM19 OM21 OM37"},{"stopId":793482,"stopName":"Pastor Sevilla","stopTypeGroup":"bus","stopLat":-12.2061573,"stopLon":-76.9533491,"routeNames":"AS04"},{"stopId":739350,"stopName":"El Sol","stopTypeGroup":"bus","stopLat":-12.2060105,"stopLon":-76.9526839,"routeNames":"1801-(Lima-Callao) 8107 8108 8111 8112 8214 8503 8513 8723 IO06"},{"stopId":828137,"stopName":"Villa del Mar","stopTypeGroup":"bus","stopLat":-12.2059699,"stopLon":-76.9477661,"routeNames":"7802 7803 7811 8201 8302 8306 8520 8613 8621 8718 9801-(Lima-Callao) IM22 OM19 OM21 OM37"},{"stopId":793616,"stopName":"Villa Rica","stopTypeGroup":"bus","stopLat":-12.2059447,"stopLon":-76.9747692,"routeNames":"1058 8406 8504 8505 8508 8510 8511 8618"},{"stopId":1330541,"stopName":"Diseñadores","stopTypeGroup":"bus","stopLat":-12.2059266,"stopLon":-76.9316232,"routeNames":"7801 7807"},{"stopId":1390365,"stopName":"Villa Rica","stopTypeGroup":"bus","stopLat":-12.2058899,"stopLon":-76.9745117,"routeNames":"2804-(Lima-Callao)"},{"stopId":737644,"stopName":"Arriba Perú","stopTypeGroup":"bus","stopLat":-12.2058322,"stopLon":-76.9411933,"routeNames":"1061 1802 2805 3813 3814 8109 8212 8611 8612 8619 8720 SH24"},{"stopId":793542,"stopName":"Villa Rica","stopTypeGroup":"bus","stopLat":-12.2058197,"stopLon":-76.9748993,"routeNames":"1058 8406 8504 8505 8508 8510 8511 8618"},{"stopId":1312628,"stopName":"Virgen de Chapi","stopTypeGroup":"bus","stopLat":-12.2057588,"stopLon":-76.9799942,"routeNames":"7705"},{"stopId":1308995,"stopName":"Villa Rica","stopTypeGroup":"bus","stopLat":-12.2057169,"stopLon":-76.9751072,"routeNames":"7505 7701 IO03"},{"stopId":1331393,"stopName":"Arriba Perú","stopTypeGroup":"bus","stopLat":-12.2055648,"stopLon":-76.9414455,"routeNames":"8720"},{"stopId":739298,"stopName":"El Sol","stopTypeGroup":"bus","stopLat":-12.2053289,"stopLon":-76.9534242,"routeNames":"1801-(Lima-Callao) 8107 8108 8111 8112 8214 8503 8513 8723 IO06"},{"stopId":793493,"stopName":"Pastor Sevilla","stopTypeGroup":"bus","stopLat":-12.2052974,"stopLon":-76.9527698,"routeNames":"AS04"},{"stopId":1300783,"stopName":"Los Nogales","stopTypeGroup":"bus","stopLat":-12.2051244,"stopLon":-76.9248641,"routeNames":"8614 IM06"},{"stopId":1330542,"stopName":"Renacel","stopTypeGroup":"bus","stopLat":-12.2051165,"stopLon":-76.9297081,"routeNames":"7801"},{"stopId":1330638,"stopName":"Jirón Unión","stopTypeGroup":"bus","stopLat":-12.2047679,"stopLon":-76.9336939,"routeNames":"7802 7803 8105"},{"stopId":1300781,"stopName":"Los Cedros","stopTypeGroup":"bus","stopLat":-12.2047417,"stopLon":-76.9239092,"routeNames":"8614 IM06"},{"stopId":1312662,"stopName":"Villa Del Mar","stopTypeGroup":"bus","stopLat":-12.20449,"stopLon":-76.9453669,"routeNames":"8720"},{"stopId":1304104,"stopName":"Jirón Unión","stopTypeGroup":"bus","stopLat":-12.2044166,"stopLon":-76.9336402,"routeNames":"7801 7802 7803 7807 8105 8892 OM36"},{"stopId":1312626,"stopName":"Santa Isabel","stopTypeGroup":"bus","stopLat":-12.2043222,"stopLon":-76.9799995,"routeNames":"7705"},{"stopId":737597,"stopName":"Arriba Perú","stopTypeGroup":"bus","stopLat":-12.2041544,"stopLon":-76.9389671,"routeNames":"1061 1802 2805 3813 3814 8109 8212 8611 8612 8619 SH24"},{"stopId":793483,"stopName":"Micaela Bastidas","stopTypeGroup":"bus","stopLat":-12.203908,"stopLon":-76.9493794,"routeNames":"AS04"},{"stopId":1304100,"stopName":"Avenida Pachacútec","stopTypeGroup":"bus","stopLat":-12.2037874,"stopLon":-76.929059,"routeNames":"7802 7803 8105 8892"},{"stopId":828183,"stopName":"El Sol","stopTypeGroup":"bus","stopLat":-12.2037743,"stopLon":-76.9489744,"routeNames":"7802 7803 7811 8201 8302 8306 8520 8613 8621 8718 9801-(Lima-Callao) IM22 OM19 OM21 OM37"},{"stopId":1304103,"stopName":"Juan Velasco Alvarado","stopTypeGroup":"bus","stopLat":-12.203672,"stopLon":-76.9329214,"routeNames":"7801 7807 OM36"},{"stopId":817159,"stopName":"Ferrocarril","stopTypeGroup":"bus","stopLat":-12.2036102,"stopLon":-76.907481,"routeNames":"8110 8404 8503 8506 8626 8701 8702 8711 8714 8715 8803"},{"stopId":817146,"stopName":"Ferrocarril","stopTypeGroup":"bus","stopLat":-12.2034309,"stopLon":-76.907655,"routeNames":"8110 8404 8506 8626 8701 8702 8711 8714 8715 8803"},{"stopId":1308303,"stopName":"Atocongo","stopTypeGroup":"bus","stopLat":-12.2034204,"stopLon":-76.9073761,"routeNames":"8503 8803"},{"stopId":737645,"stopName":"Villa del Mar","stopTypeGroup":"bus","stopLat":-12.2033889,"stopLon":-76.9426632,"routeNames":"1061 1802 2805 3813 3814 8109 8212 8611 8612 8619 8720 SH24"},{"stopId":1332595,"stopName":"Revolución","stopTypeGroup":"bus","stopLat":-12.2033863,"stopLon":-76.9428724,"routeNames":"8720"},{"stopId":793492,"stopName":"Micaela Bastidas","stopTypeGroup":"bus","stopLat":-12.2032185,"stopLon":-76.9491675,"routeNames":"7801 7807 AS04 OM36"},{"stopId":739351,"stopName":"Los Ángeles","stopTypeGroup":"bus","stopLat":-12.2031897,"stopLon":-76.9543952,"routeNames":"1801-(Lima-Callao) 8107 8108 8111 8112 8214 8503 8513 8723 IO06"},{"stopId":828136,"stopName":"El Sol","stopTypeGroup":"bus","stopLat":-12.2031779,"stopLon":-76.9494465,"routeNames":"7802 7803 7807 7811 8201 8302 8306 8520 8613 8621 8718 9801-(Lima-Callao) IM22 OM19 OM21 OM36 OM37"},{"stopId":1304102,"stopName":"Pachacútec","stopTypeGroup":"bus","stopLat":-12.2030271,"stopLon":-76.9304162,"routeNames":"7802 7803 8105 8892"},{"stopId":1308941,"stopName":"Puente Toyota","stopTypeGroup":"bus","stopLat":-12.2029852,"stopLon":-76.9749141,"routeNames":"1055 7505 7601 7701 IO03"},{"stopId":739297,"stopName":"Los Ángeles","stopTypeGroup":"bus","stopLat":-12.2029275,"stopLon":-76.9548565,"routeNames":"1801-(Lima-Callao) 8107 8108 8111 8112 8214 8503 8513 8723 IO06"},{"stopId":1312627,"stopName":"José Quiñones","stopTypeGroup":"bus","stopLat":-12.2029223,"stopLon":-76.9785619,"routeNames":"7705 8722"},{"stopId":1304101,"stopName":"Juan Velasco Alvarado","stopTypeGroup":"bus","stopLat":-12.2028908,"stopLon":-76.930038,"routeNames":"1110 1804 7802 7803 8104 8105 8211 8515 8716 8717 8722 8724 8728 8729 8892 IO28b NH25 NH27p"},{"stopId":1312629,"stopName":"Vista Alegre","stopTypeGroup":"bus","stopLat":-12.2028646,"stopLon":-76.9821453,"routeNames":"7705"},{"stopId":1331241,"stopName":"Puente Toyota","stopTypeGroup":"bus","stopLat":-12.2026942,"stopLon":-76.9741684,"routeNames":"1058 8406 8504 8505 8508 8510 8511 8618"},{"stopId":1390364,"stopName":"Puente Toyota","stopTypeGroup":"bus","stopLat":-12.2026496,"stopLon":-76.9739377,"routeNames":"2804-(Lima-Callao)"},{"stopId":1331240,"stopName":"Puente Toyota","stopTypeGroup":"bus","stopLat":-12.2025107,"stopLon":-76.9742864,"routeNames":"1058 8406 8504 8505 8508 8510 8511 8618"},{"stopId":1304288,"stopName":"Juan Velasco Alvarado","stopTypeGroup":"bus","stopLat":-12.2024713,"stopLon":-76.9305021,"routeNames":"1110 1804 8104 8211 8515 8716 8717 8722 8724 8728 8729 IO28b NH25 NH27p"},{"stopId":1316387,"stopName":"Estadio Ollaraya","stopTypeGroup":"bus","stopLat":-12.2024111,"stopLon":-76.9664866,"routeNames":"3805 8605 IO50 OM33"},{"stopId":1316386,"stopName":"Estadio Ollaraya","stopTypeGroup":"bus","stopLat":-12.2023953,"stopLon":-76.9665885,"routeNames":"3805 8605 IO50 OM33"},{"stopId":1131976,"stopName":"Los Álamos","stopTypeGroup":"bus","stopLat":-12.2023638,"stopLon":-76.9465634,"routeNames":"AS04"},{"stopId":1131968,"stopName":"Los Álamos","stopTypeGroup":"bus","stopLat":-12.2023536,"stopLon":-76.9468003,"routeNames":"7807 AS04 OM36"},{"stopId":1312630,"stopName":"Vilcanota","stopTypeGroup":"bus","stopLat":-12.2022826,"stopLon":-76.9817966,"routeNames":"7705"},{"stopId":1300780,"stopName":"Paseo Atahualpa","stopTypeGroup":"bus","stopLat":-12.2022406,"stopLon":-76.9254917,"routeNames":"7802 7803 8614 IM06"},{"stopId":1312611,"stopName":"Simón Bolívar","stopTypeGroup":"bus","stopLat":-12.202183,"stopLon":-76.926409,"routeNames":"8892"},{"stopId":1304099,"stopName":"General Córdova","stopTypeGroup":"bus","stopLat":-12.2020991,"stopLon":-76.9265699,"routeNames":"8892"},{"stopId":1311117,"stopName":"El Sol","stopTypeGroup":"bus","stopLat":-12.2018369,"stopLon":-76.9469547,"routeNames":"7801 8720"},{"stopId":1304117,"stopName":"Los Alamos","stopTypeGroup":"bus","stopLat":-12.2018264,"stopLon":-76.9467455,"routeNames":"7801 7807 OM36"},{"stopId":737595,"stopName":"Villa del Mar","stopTypeGroup":"bus","stopLat":-12.201753,"stopLon":-76.9404209,"routeNames":"1061 1802 2805 3813 3814 8109 8212 8611 8612 8619 SH24"},{"stopId":1308940,"stopName":"Los Pinos","stopTypeGroup":"bus","stopLat":-12.2014935,"stopLon":-76.977194,"routeNames":"1055 7505 7601 7701 7705 8722 IO03"},{"stopId":1311118,"stopName":"Asociación Deportiva San Francisco","stopTypeGroup":"bus","stopLat":-12.201407,"stopLon":-76.9293112,"routeNames":"7802 8105"}]