[{"stopId":761282,"stopName":"Primero de Mayo","stopTypeGroup":"bus","stopLat":-12.0409732,"stopLon":-77.0991433,"routeNames":"1491 1501-(Lima-Callao) 1502-(Lima-Callao) 2511-(Lima-Callao) 3203-(Lima-Callao) 9303-(Lima-Callao) 9503-(Lima-Callao) CR13 CR14 CR15 CR16 CR17 CR19 CR27 CR32 CR34 CR35 CR41 CR42 CR49 CR51 CR53 CR56 CR61 CR62 CR65 CR69 CR71 CR75 CR84 ICR0"},{"stopId":1301189,"stopName":"28 de Julio","stopTypeGroup":"bus","stopLat":-12.0407161,"stopLon":-77.0872235,"routeNames":"9303-(Lima-Callao) 9802-(Lima-Callao)"},{"stopId":1301190,"stopName":"Daniel Alcides Carrión","stopTypeGroup":"bus","stopLat":-12.0405823,"stopLon":-77.0870841,"routeNames":"9303-(Lima-Callao) 9802-(Lima-Callao)"},{"stopId":1194373,"stopName":"Alameda","stopTypeGroup":"bus","stopLat":-12.0405437,"stopLon":-77.1257298,"routeNames":"IO35b OM25"},{"stopId":1301192,"stopName":"Enrique Meiggs","stopTypeGroup":"bus","stopLat":-12.0403908,"stopLon":-77.0860112,"routeNames":"9303-(Lima-Callao) 9802-(Lima-Callao)"},{"stopId":1194339,"stopName":"Chota","stopTypeGroup":"bus","stopLat":-12.0403666,"stopLon":-77.1255421,"routeNames":"1502-(Lima-Callao) 4902-(Lima-Callao) 9503-(Lima-Callao) CR09 CR10 IO35b OM25 OM47-(Callao-Lima) UCL02-(Lima-Callao) UCL03-(Lima-Callao) UCL04-(Lima-Callao)"},{"stopId":1301191,"stopName":"Pacífico","stopTypeGroup":"bus","stopLat":-12.0402754,"stopLon":-77.0862472,"routeNames":"9303-(Lima-Callao) 9802-(Lima-Callao)"},{"stopId":1305100,"stopName":"Pasaje Castilla","stopTypeGroup":"bus","stopLat":-12.0402072,"stopLon":-77.1256864,"routeNames":"4902-(Lima-Callao) 9503-(Lima-Callao) CR09 CR10"},{"stopId":1299750,"stopName":"Castilla","stopTypeGroup":"bus","stopLat":-12.0399291,"stopLon":-77.1268451,"routeNames":"1130-(Lima-Callao) 1502-(Lima-Callao) 4902-(Lima-Callao) 4911-(Lima-Callao) 9503-(Lima-Callao) CR09 CR10 CR66 IO19 OM47-(Callao-Lima) UCL02-(Lima-Callao) UCL03-(Lima-Callao) UCL04-(Lima-Callao) UCL09 UCL10 UCL11 UCL12 UCL13 UCL14 UC"},{"stopId":1301181,"stopName":"Elmer Faucett","stopTypeGroup":"bus","stopLat":-12.0398977,"stopLon":-77.0983601,"routeNames":"9303-(Lima-Callao) 9503-(Lima-Callao) 9802-(Lima-Callao) IM12-(Lima-Callao)"},{"stopId":1300087,"stopName":"Pasaje Castilla","stopTypeGroup":"bus","stopLat":-12.0398767,"stopLon":-77.127049,"routeNames":"1130-(Lima-Callao) 4911-(Lima-Callao) CR66 IO19 UCL09 UCL10 UCL11 UCL12 UCL13 UCL14 UCL16"},{"stopId":1301182,"stopName":"Elmer Faucett","stopTypeGroup":"bus","stopLat":-12.0397822,"stopLon":-77.0983708,"routeNames":"9303-(Lima-Callao) 9503-(Lima-Callao) 9802-(Lima-Callao) IM12-(Lima-Callao)"},{"stopId":1304194,"stopName":"Pasaje D","stopTypeGroup":"bus","stopLat":-12.0397088,"stopLon":-77.0474839,"routeNames":"2502 2505 4502 4503 4504 8503"},{"stopId":1301204,"stopName":"República de Ecuador","stopTypeGroup":"bus","stopLat":-12.0395619,"stopLon":-77.0567429,"routeNames":"9503-(Lima-Callao) 9802-(Lima-Callao) IM12-(Lima-Callao)"},{"stopId":1301183,"stopName":"La Libertad","stopTypeGroup":"bus","stopLat":-12.0393625,"stopLon":-77.0956349,"routeNames":"9303-(Lima-Callao) 9503-(Lima-Callao) 9802-(Lima-Callao) IM12-(Lima-Callao)"},{"stopId":1301203,"stopName":"Fernando Wiesse","stopTypeGroup":"bus","stopLat":-12.0392156,"stopLon":-77.0591891,"routeNames":"9503-(Lima-Callao) 9802-(Lima-Callao) IM12-(Lima-Callao)"},{"stopId":1301184,"stopName":"La Libertad","stopTypeGroup":"bus","stopLat":-12.0391789,"stopLon":-77.095415,"routeNames":"9303-(Lima-Callao) 9503-(Lima-Callao) 9802-(Lima-Callao) IM12-(Lima-Callao)"},{"stopId":1304185,"stopName":"Nuevo Mercado de Caquetá","stopTypeGroup":"bus","stopLat":-12.0391212,"stopLon":-77.0461321,"routeNames":"4502 4503"},{"stopId":1542930,"stopName":"Conde de la Vega","stopTypeGroup":"bus","stopLat":-12.0391055,"stopLon":-77.0488733,"routeNames":"8503"},{"stopId":1301185,"stopName":"Jorge Chávez","stopTypeGroup":"bus","stopLat":-12.0389848,"stopLon":-77.0936286,"routeNames":"9303-(Lima-Callao) 9503-(Lima-Callao) 9802-(Lima-Callao) IM12-(Lima-Callao)"},{"stopId":1301186,"stopName":"Jorge Chávez","stopTypeGroup":"bus","stopLat":-12.0387644,"stopLon":-77.0933497,"routeNames":"9303-(Lima-Callao) 9503-(Lima-Callao) 9802-(Lima-Callao) IM12-(Lima-Callao)"},{"stopId":1301202,"stopName":"José Galdeano y Mendoza","stopTypeGroup":"bus","stopLat":-12.0386805,"stopLon":-77.0630407,"routeNames":"9503-(Lima-Callao) 9802-(Lima-Callao) IM12-(Lima-Callao)"},{"stopId":1304186,"stopName":"Pacasmayo","stopTypeGroup":"bus","stopLat":-12.0385572,"stopLon":-77.0476395,"routeNames":"2502 2505 4504 8503"},{"stopId":1019087,"stopName":"Enrique Meiggs","stopTypeGroup":"bus","stopLat":-12.0385491,"stopLon":-77.0658983,"routeNames":"1508 7204 8201 8214 9503-(Lima-Callao) 9802-(Lima-Callao) CR62 IM06 IM22 IM47 IO28b IO30b IO35b IO38b IO45 IO55 IPC06 OM21"},{"stopId":1301231,"stopName":"Víctor Andrés Belaúnde","stopTypeGroup":"bus","stopLat":-12.0384601,"stopLon":-77.0906353,"routeNames":"9303-(Lima-Callao) 9503-(Lima-Callao) 9802-(Lima-Callao) IM12-(Lima-Callao)"},{"stopId":1300096,"stopName":"Morales Duarez","stopTypeGroup":"bus","stopLat":-12.0382963,"stopLon":-77.1269238,"routeNames":"1130-(Lima-Callao) 4902-(Lima-Callao) 4911-(Lima-Callao) CR09 CR10 CR66 IO19 UCL09 UCL10 UCL11 UCL12 UCL13 UCL14 UCL16"},{"stopId":1829830,"stopName":"Chota","stopTypeGroup":"bus","stopLat":-12.0382686,"stopLon":-77.1251768,"routeNames":"IO19"},{"stopId":1301201,"stopName":"Nicolás Dueñas","stopTypeGroup":"bus","stopLat":-12.0382608,"stopLon":-77.0658195,"routeNames":"9503-(Lima-Callao) 9802-(Lima-Callao) IM12-(Lima-Callao)"},{"stopId":1301232,"stopName":"Víctor Andrés Belaúnde","stopTypeGroup":"bus","stopLat":-12.0381768,"stopLon":-77.0903349,"routeNames":"9303-(Lima-Callao) 9503-(Lima-Callao) 9802-(Lima-Callao) IM12-(Lima-Callao)"},{"stopId":1323495,"stopName":"Enrique Meiggs","stopTypeGroup":"bus","stopLat":-12.0381401,"stopLon":-77.0660448,"routeNames":"1508 7204 8201 8214 CR62 IM06 IM22 IM47 IO28b IO30b IO35b IO38b IO45 IO55 IPC06 OM21"},{"stopId":1301187,"stopName":"Daniel Alcides Carrión","stopTypeGroup":"bus","stopLat":-12.0380509,"stopLon":-77.088629,"routeNames":"9303-(Lima-Callao) 9503-(Lima-Callao) 9802-(Lima-Callao) IM12-(Lima-Callao)"},{"stopId":1300086,"stopName":"Morales Duarez","stopTypeGroup":"bus","stopLat":-12.0378538,"stopLon":-77.1272358,"routeNames":"1130-(Lima-Callao) 4902-(Lima-Callao) 4911-(Lima-Callao) CR09 CR10 CR66 UCL09 UCL10 UCL11 UCL12 UCL13 UCL14 UCL16"},{"stopId":1318286,"stopName":"Daniel Alcides Carrión","stopTypeGroup":"bus","stopLat":-12.0377781,"stopLon":-77.0881408,"routeNames":"9503-(Lima-Callao) IM12-(Lima-Callao)"},{"stopId":817688,"stopName":"Caquetá","stopTypeGroup":"bus","stopLat":-12.037542,"stopLon":-77.0442116,"routeNames":"1404 1505 1612 1701 1702 1706 2204 2406 2511-(Lima-Callao) 4204 9405-(Lima-Callao) 9601-(Lima-Callao) 9602-(Lima-Callao) 9801-(Lima-Callao) IO44b IO47"},{"stopId":1304187,"stopName":"Máncora","stopTypeGroup":"bus","stopLat":-12.0374843,"stopLon":-77.0497853,"routeNames":"2502 2505"},{"stopId":1321044,"stopName":"Negritos","stopTypeGroup":"bus","stopLat":-12.0372535,"stopLon":-77.0521402,"routeNames":"2502 2505"},{"stopId":737410,"stopName":"Panadería","stopTypeGroup":"bus","stopLat":-12.0370751,"stopLon":-77.0774871,"routeNames":"018p 1031 1103 1201 1278-(Lima-Callao) 1503 1504 1506 1513 1514 1518 1604 1611 1615 1618 1704 1901-(Lima-Callao) 2303 2408 2513 2613 3205 4205 4206 4210-(Lima-Callao) 4908-(Lima-Callao) 7103 8104 9503-(Lima-Callao) CR17 ICR14 IM04 IM21 IM24"},{"stopId":736378,"stopName":"Panadería","stopTypeGroup":"bus","stopLat":-12.0370541,"stopLon":-77.0776051,"routeNames":"018p 1031 1103 1201 1278-(Lima-Callao) 1503 1504 1506 1513 1514 1518 1604 1611 1615 1618 1704 1901-(Lima-Callao) 2303 2408 2513 2613 3205 4205 4206 4210-(Lima-Callao) 4908-(Lima-Callao) 7103 8104 9503-(Lima-Callao) CR17 ICR14 IM04 IM21 IM24"},{"stopId":1318287,"stopName":"Túpac Amaru","stopTypeGroup":"bus","stopLat":-12.0369911,"stopLon":-77.0831251,"routeNames":"9503-(Lima-Callao)"},{"stopId":1321043,"stopName":"Ferreñafe","stopTypeGroup":"bus","stopLat":-12.0369124,"stopLon":-77.0553535,"routeNames":"2502 2505"},{"stopId":1318288,"stopName":"Túpac Amaru","stopTypeGroup":"bus","stopLat":-12.0367183,"stopLon":-77.0828247,"routeNames":"9503-(Lima-Callao)"},{"stopId":737540,"stopName":"Caquetá","stopTypeGroup":"bus","stopLat":-12.0367131,"stopLon":-77.043643,"routeNames":"1213 1308 1411 1412 1607 1608 1703-(Lima-Callao) 1801-(Lima-Callao) 1802 1804 2404-(Lima-Callao) 2407 2414 2603 2604 2701-(Lima-Callao) 2803 2804-(Lima-Callao) 2805 4212 4905-(Lima-Callao) 4908-(Lima-Callao) 7101 8102 8105 8107 8108 810"},{"stopId":1321042,"stopName":"Reque","stopTypeGroup":"bus","stopLat":-12.0367052,"stopLon":-77.0579499,"routeNames":"2502 2505"},{"stopId":815585,"stopName":"Caquetá","stopTypeGroup":"bus","stopLat":-12.0365426,"stopLon":-77.0436457,"routeNames":"A B D EX10 EX5 EX9"},{"stopId":1195037,"stopName":"Quilca","stopTypeGroup":"bus","stopLat":-12.0363566,"stopLon":-77.0990353,"routeNames":"3203-(Lima-Callao) CR57 CR58 ICR10 IO35b UCL01-(Lima-Callao) UCL03-(Lima-Callao)"},{"stopId":737707,"stopName":"Caquetá","stopTypeGroup":"bus","stopLat":-12.0363353,"stopLon":-77.043651,"routeNames":"1213 1308 1404 1411 1412 1505 1607 1612 1701 1702 1703-(Lima-Callao) 1706 1801-(Lima-Callao) 1802 1804 2204 2404-(Lima-Callao) 2406 2407 2414 2511-(Lima-Callao) 2603 2604 2701-(Lima-Callao) 2804-(Lima-Callao) 2805 4204 4212 4905-(Lima-C"},{"stopId":1019531,"stopName":"Juan Crespo y Castillo","stopTypeGroup":"bus","stopLat":-12.0362459,"stopLon":-77.0661517,"routeNames":"1508 7204 8201 8214 CR62 IM06 IM22 IM47 IO28b IO30b IO35b IO38b IO45 IO55 IPC06 OM21"},{"stopId":761241,"stopName":"Quilca","stopTypeGroup":"bus","stopLat":-12.036083532447178,"stopLon":-77.09930960859833,"routeNames":"1491 1501-(Lima-Callao) 1502-(Lima-Callao) 2511-(Lima-Callao) CR13 CR14 CR15 CR16 CR17 CR19 CR27 CR32 CR34 CR35 CR41 CR42 CR49 CR51 CR53 CR56 CR61 CR62 CR65 CR69 CR71 CR75 CR84 ICR05 IM08 IM12-(Lima-Callao) IM18 IM19 IM20 IM26 IM31 IM47 IO03 "},{"stopId":1335062,"stopName":"Puente Bella Unión","stopTypeGroup":"bus","stopLat":-12.0360573,"stopLon":-77.0779216},{"stopId":1456645,"stopName":"General Vidal","stopTypeGroup":"bus","stopLat":-12.0358972,"stopLon":-77.0406067},{"stopId":1321041,"stopName":"Mateo Vara","stopTypeGroup":"bus","stopLat":-12.0357871,"stopLon":-77.0621261,"routeNames":"2502 2505"},{"stopId":1019088,"stopName":"Morales Duárez","stopTypeGroup":"bus","stopLat":-12.0357141,"stopLon":-77.0659519,"routeNames":"1508 7204 8201 8214 CR62 IM06 IM22 IM47 IO28b IO30b IO35b IO38b IO45 IO55 IPC06 OM21"},{"stopId":1195038,"stopName":"Saturno","stopTypeGroup":"bus","stopLat":-12.0356612,"stopLon":-77.0973571,"routeNames":"3203-(Lima-Callao) CR57 CR58 ICR10 IM47 IO35b UCL01-(Lima-Callao) UCL03-(Lima-Callao)"},{"stopId":1321053,"stopName":"Puente Bella Unión","stopTypeGroup":"bus","stopLat":-12.0356428,"stopLon":-77.0774657},{"stopId":761281,"stopName":"Quilca","stopTypeGroup":"bus","stopLat":-12.03554310000001,"stopLon":-77.09957777790984,"routeNames":"1491 1501-(Lima-Callao) 1502-(Lima-Callao) 2511-(Lima-Callao) CR13 CR14 CR15 CR16 CR17 CR19 CR27 CR32 CR34 CR35 CR41 CR42 CR49 CR51 CR53 CR56 CR57 CR58 CR61 CR62 CR65 CR69 CR71 CR75 CR84 ICR05 ICR10 IM08 IM12-(Lima-Callao) IM18 IM19 IM20 IM26"},{"stopId":1195001,"stopName":"Grifo","stopTypeGroup":"bus","stopLat":-12.035442,"stopLon":-77.0973087,"routeNames":"3203-(Lima-Callao) 9305-(Lima-Callao) CR57 CR58 ICR10 IM47 IO35b UCL01-(Lima-Callao) UCL03-(Lima-Callao)"},{"stopId":1300083,"stopName":"Base Naval del Callao","stopTypeGroup":"bus","stopLat":-12.0353542,"stopLon":-77.1276498,"routeNames":"1130-(Lima-Callao) 4902-(Lima-Callao) 4911-(Lima-Callao) CR09 CR10 CR66 UCL09 UCL10 UCL11 UCL12 UCL13 UCL14 UCL16"},{"stopId":1300099,"stopName":"Base Naval del Callao","stopTypeGroup":"bus","stopLat":-12.0353437,"stopLon":-77.1271133,"routeNames":"1130-(Lima-Callao) 4902-(Lima-Callao) 4911-(Lima-Callao) CR09 CR10 CR66 UCL09 UCL10 UCL11 UCL12 UCL13 UCL14 UCL16"},{"stopId":1030073,"stopName":"El Pedregal","stopTypeGroup":"bus","stopLat":-12.0352685,"stopLon":-77.0548829,"routeNames":"1703-(Lima-Callao) 2701-(Lima-Callao) 4905-(Lima-Callao) 4908-(Lima-Callao) 9305-(Lima-Callao) CR24 CR25 CR44-(Lima-Callao) CR57 CR58 ICR10 IO04 IO32b IO68"},{"stopId":1321049,"stopName":"Las Mercedes","stopTypeGroup":"bus","stopLat":-12.0351549,"stopLon":-77.0734584},{"stopId":1030072,"stopName":"Pacllon","stopTypeGroup":"bus","stopLat":-12.0351314,"stopLon":-77.0563941,"routeNames":"1703-(Lima-Callao) 2701-(Lima-Callao) 4905-(Lima-Callao) 4908-(Lima-Callao) 9305-(Lima-Callao) CR24 CR25 CR44-(Lima-Callao) CR57 CR58 ICR10 IO04 IO32b IO68"},{"stopId":1321050,"stopName":"Nicolás Rodrigo","stopTypeGroup":"bus","stopLat":-12.0350447,"stopLon":-77.0692796},{"stopId":1044637,"stopName":"Caquetá","stopTypeGroup":"bus","stopLat":-12.0348927,"stopLon":-77.0436744,"routeNames":"1608 2411 2510 2803 3505 3906-(Lima-Callao) 8209 8306 9306-(Callao-Lima) 9307-(Callao-Lima) CR07 IM12-(Lima-Callao) IO19 IO27 IO52"},{"stopId":1044569,"stopName":"Caquetá","stopTypeGroup":"bus","stopLat":-12.0348644,"stopLon":-77.0439053,"routeNames":"2411 2510 3505 3906-(Lima-Callao) 8306 9306-(Callao-Lima) CR07 IM12-(Lima-Callao) IO19 IO27 IO52"},{"stopId":1339387,"stopName":"Inca","stopTypeGroup":"bus","stopLat":-12.0346197,"stopLon":-77.0420444},{"stopId":1017598,"stopName":"Fray Agustín","stopTypeGroup":"bus","stopLat":-12.0338538,"stopLon":-77.040309,"routeNames":"1217 2209 2409 2702 3505 3906-(Lima-Callao) 8306 9306-(Callao-Lima) CR12 CR43 IO52 OM23 OM33 OM34 SH112a"},{"stopId":1195039,"stopName":"Cuzco","stopTypeGroup":"bus","stopLat":-12.0337305,"stopLon":-77.0962252,"routeNames":"3203-(Lima-Callao) CR57 CR58 ICR10 IM47 IO35b UCL01-(Lima-Callao) UCL03-(Lima-Callao)"},{"stopId":1030074,"stopName":"Control (Auxiliar)","stopTypeGroup":"bus","stopLat":-12.0334332,"stopLon":-77.053734,"routeNames":"1703-(Lima-Callao) 2701-(Lima-Callao) 4905-(Lima-Callao) 4908-(Lima-Callao) 8110 9305-(Lima-Callao) CR24 CR25 CR44-(Lima-Callao) CR57 CR58 ICR10 IO04 IO32b IO68"},{"stopId":1022549,"stopName":"Esteban Salmón","stopTypeGroup":"bus","stopLat":-12.0333438,"stopLon":-77.0437985,"routeNames":"1608 2411 2510 2803 3505 8209 9306-(Callao-Lima) 9307-(Callao-Lima) CR07 IM12-(Lima-Callao) IO19 IO27"},{"stopId":1019089,"stopName":"Pinar del Río","stopTypeGroup":"bus","stopLat":-12.0333254,"stopLon":-77.0649903,"routeNames":"1508 2502 2505 7204 8201 8214 CR62 IM06 IM22 IM47 IO28b IO30b IO35b IO38b IO45 IO55 IPC06 OM21"},{"stopId":737538,"stopName":"Control","stopTypeGroup":"bus","stopLat":-12.0333186,"stopLon":-77.053653,"routeNames":"1213 1308 1404 1411 1412 1505 1607 1612 1701 1702 1706 1801-(Lima-Callao) 1802 1804 2204 2404-(Lima-Callao) 2406 2407 2414 2511-(Lima-Callao) 2603 2604 2804-(Lima-Callao) 2805 4204 4212 7101 8102 8105 8107 8108 8109 8111 8112 8211 8212 9401-("},{"stopId":1195000,"stopName":"Colegio","stopTypeGroup":"bus","stopLat":-12.0332883,"stopLon":-77.0962325,"routeNames":"3203-(Lima-Callao) 9305-(Lima-Callao) CR57 CR58 ICR10 IM47 IO35b UCL01-(Lima-Callao) UCL03-(Lima-Callao)"},{"stopId":737709,"stopName":"Control","stopTypeGroup":"bus","stopLat":-12.0332346,"stopLon":-77.0536208,"routeNames":"1213 1308 1404 1411 1412 1505 1607 1612 1701 1702 1706 1801-(Lima-Callao) 1802 1804 2204 2404-(Lima-Callao) 2406 2407 2414 2511-(Lima-Callao) 2603 2604 2804-(Lima-Callao) 2805 4204 4212 7101 8102 8105 8107 8108 8109 8110 8111 8112 8211 8212 9"},{"stopId":1030071,"stopName":"Cuadra 13","stopTypeGroup":"bus","stopLat":-12.0331587,"stopLon":-77.058556,"routeNames":"1703-(Lima-Callao) 2701-(Lima-Callao) 4905-(Lima-Callao) 4908-(Lima-Callao) 9305-(Lima-Callao) CR24 CR25 CR44-(Lima-Callao) CR57 CR58 ICR10 IO04 IO32b IO68"},{"stopId":1041100,"stopName":"Control (Auxiliar)","stopTypeGroup":"bus","stopLat":-12.0331411,"stopLon":-77.0535492,"routeNames":"1703-(Lima-Callao) 2701-(Lima-Callao) 4905-(Lima-Callao) 4908-(Lima-Callao) 9305-(Lima-Callao) CR24 CR25 CR44-(Lima-Callao) CR57 CR58 ICR10 IO32b IO68 Lima-Yauya"},{"stopId":1019528,"stopName":"Pinar del Río","stopTypeGroup":"bus","stopLat":-12.0331311,"stopLon":-77.0650455,"routeNames":"1508 2502 2505 7204 8201 8214 CR62 IM06 IM22 IM47 IO28b IO30b IO35b IO38b IO45 IO55 IPC06 OM21"},{"stopId":1023750,"stopName":"Caquetá","stopTypeGroup":"bus","stopLat":-12.0330949,"stopLon":-77.0437506},{"stopId":2050519,"stopName":"Nuevo Aeropuerto","stopTypeGroup":"bus","stopLat":-12.033045758812111,"stopLon":-77.11354136466981},{"stopId":2016521,"stopName":"Nuevo Aeropuerto","stopTypeGroup":"bus","stopLat":-12.03300378642098,"stopLon":-77.1148180961609},{"stopId":1030118,"stopName":"Cuadra 13","stopTypeGroup":"bus","stopLat":-12.0328101,"stopLon":-77.0581052,"routeNames":"1703-(Lima-Callao) 2701-(Lima-Callao) 4905-(Lima-Callao) 4908-(Lima-Callao) 9305-(Lima-Callao) CR24 CR25 CR44-(Lima-Callao) CR57 CR58 ICR10 IO04 IO32b IO68"},{"stopId":1030119,"stopName":"Puerto Rico","stopTypeGroup":"bus","stopLat":-12.0326945,"stopLon":-77.0600374,"routeNames":"1703-(Lima-Callao) 2701-(Lima-Callao) 4905-(Lima-Callao) 4908-(Lima-Callao) 9305-(Lima-Callao) CR24 CR25 CR44-(Lima-Callao) CR57 CR58 ICR10 IO04 IO32b IO68"},{"stopId":1030070,"stopName":"Haití","stopTypeGroup":"bus","stopLat":-12.0326761,"stopLon":-77.0617049,"routeNames":"1703-(Lima-Callao) 2701-(Lima-Callao) 4905-(Lima-Callao) 4908-(Lima-Callao) 9305-(Lima-Callao) CR24 CR25 CR44-(Lima-Callao) CR57 CR58 ICR10 IO04 IO32b IO68"},{"stopId":1157594,"stopName":"Los Próceres","stopTypeGroup":"bus","stopLat":-12.0325873,"stopLon":-77.0418111,"routeNames":"3906-(Lima-Callao) 8306 IO52"},{"stopId":1201626,"stopName":"Arrieta","stopTypeGroup":"bus","stopLat":-12.0324975,"stopLon":-77.0418271,"routeNames":"1217 3505 9306-(Callao-Lima) CR12 CR43"},{"stopId":1030069,"stopName":"Tegucigalpa","stopTypeGroup":"bus","stopLat":-12.0324347,"stopLon":-77.0636307,"routeNames":"1703-(Lima-Callao) 2701-(Lima-Callao) 4905-(Lima-Callao) 4908-(Lima-Callao) 9305-(Lima-Callao) CR24 CR25 CR44-(Lima-Callao) CR57 CR58 ICR10 IO04 IO32b IO68"},{"stopId":1022557,"stopName":"Gregorio VII","stopTypeGroup":"bus","stopLat":-12.0324326,"stopLon":-77.0441,"routeNames":"1608 2411 2510 2803 3505 3906-(Lima-Callao) 8209 8306 9306-(Callao-Lima) 9307-(Callao-Lima) CR07 IM12-(Lima-Callao) IO19 IO27 IO52"},{"stopId":1017597,"stopName":"Arrieta","stopTypeGroup":"bus","stopLat":-12.0323839,"stopLon":-77.0417295,"routeNames":"2209 2409 2702 OM23 OM33 OM34 SH112a"},{"stopId":1030120,"stopName":"Managua","stopTypeGroup":"bus","stopLat":-12.0323795,"stopLon":-77.0624633,"routeNames":"1703-(Lima-Callao) 2701-(Lima-Callao) 4905-(Lima-Callao) 4908-(Lima-Callao) 9305-(Lima-Callao) CR24 CR25 CR44-(Lima-Callao) CR57 CR58 ICR10 IO04 IO32b IO68"},{"stopId":737415,"stopName":"Perú","stopTypeGroup":"bus","stopLat":-12.0321171,"stopLon":-77.0775998,"routeNames":"018p 1031 1103 1201 1278-(Lima-Callao) 1503 1504 1506 1513 1514 1518 1604 1611 1615 1618 1704 1901-(Lima-Callao) 2303 2408 2513 2613 3205 4205 4206 4210-(Lima-Callao) 4908-(Lima-Callao) 7103 8104 CR17 ICR14 IM04 IM21 IM24 IM40 IM57 IO44b SH24"},{"stopId":1030121,"stopName":"Dueñas","stopTypeGroup":"bus","stopLat":-12.0320919,"stopLon":-77.064669,"routeNames":"1703-(Lima-Callao) 2701-(Lima-Callao) 4905-(Lima-Callao) 4908-(Lima-Callao) 9305-(Lima-Callao) CR24 CR25 CR44-(Lima-Callao) CR57 CR58 ICR10 IO04 IO32b IO68"},{"stopId":1019527,"stopName":"Santa Fe","stopTypeGroup":"bus","stopLat":-12.0320749,"stopLon":-77.0664325,"routeNames":"1508 1703-(Lima-Callao) 2502 2505 2701-(Lima-Callao) 4905-(Lima-Callao) 4908-(Lima-Callao) 7204 8201 8214 9305-(Lima-Callao) CR24 CR25 CR44-(Lima-Callao) CR57 CR58 CR62 ICR10 IM06 IM22 IM47 IO04 IO28b IO30b IO32b IO35b IO38b IO45 IO55 IO6"},{"stopId":931425,"stopName":"Universitaria","stopTypeGroup":"bus","stopLat":-12.0319697,"stopLon":-77.0777678,"routeNames":"2303 4210-(Lima-Callao) IM24 IM40 IM57"},{"stopId":1019524,"stopName":"Villa Rica","stopTypeGroup":"bus","stopLat":-12.0319502,"stopLon":-77.0743044,"routeNames":"1703-(Lima-Callao) 2303 2502 2505 2701-(Lima-Callao) 4905-(Lima-Callao) 4908-(Lima-Callao) 7204 8201 8214 9305-(Lima-Callao) CR24 CR25 CR44-(Lima-Callao) CR57 CR58 ICR10 IM06 IM57 IO04 IO28b IO30b IO32b IO55 IO68 OM21"},{"stopId":1019526,"stopName":"Santo Domingo","stopTypeGroup":"bus","stopLat":-12.0319434,"stopLon":-77.0713262,"routeNames":"1703-(Lima-Callao) 2502 2505 2701-(Lima-Callao) 4905-(Lima-Callao) 4908-(Lima-Callao) 7204 8201 8214 9305-(Lima-Callao) CR24 CR25 CR44-(Lima-Callao) CR57 CR58 ICR10 IM06 IO04 IO28b IO30b IO32b IO55 IO68 OM21"},{"stopId":1019090,"stopName":"Santa Fe","stopTypeGroup":"bus","stopLat":-12.0318815,"stopLon":-77.0661836,"routeNames":"1508 1703-(Lima-Callao) 2502 2505 2701-(Lima-Callao) 4905-(Lima-Callao) 4908-(Lima-Callao) 7204 8201 8214 9305-(Lima-Callao) CR24 CR25 CR44-(Lima-Callao) CR57 CR58 CR62 ICR10 IM06 IM22 IM47 IO04 IO28b IO30b IO32b IO35b IO38b IO45 IO55 IO6"},{"stopId":1030113,"stopName":"Mercado","stopTypeGroup":"bus","stopLat":-12.0318165,"stopLon":-77.0573089,"routeNames":"1703-(Lima-Callao) 2701-(Lima-Callao) 4905-(Lima-Callao) 4908-(Lima-Callao) 9305-(Lima-Callao) CR24 CR25 CR44-(Lima-Callao) CR57 CR58 ICR10 IO32b IO68"},{"stopId":1309322,"stopName":"Universitaria","stopTypeGroup":"bus","stopLat":-12.0317551,"stopLon":-77.0773691,"routeNames":"2502 2505 2701-(Lima-Callao)"},{"stopId":1019092,"stopName":"Villa Rica","stopTypeGroup":"bus","stopLat":-12.0317451,"stopLon":-77.0741091,"routeNames":"1703-(Lima-Callao) 2502 2505 2701-(Lima-Callao) 4905-(Lima-Callao) 4908-(Lima-Callao) 7204 8201 8214 9305-(Lima-Callao) CR24 CR25 CR44-(Lima-Callao) CR57 CR58 ICR10 IM06 IO04 IO28b IO30b IO32b IO55 IO68 OM21"},{"stopId":1019091,"stopName":"Santo Domingo","stopTypeGroup":"bus","stopLat":-12.031707,"stopLon":-77.0711382,"routeNames":"1703-(Lima-Callao) 2502 2505 2701-(Lima-Callao) 4905-(Lima-Callao) 4908-(Lima-Callao) 7204 8201 8214 9305-(Lima-Callao) CR24 CR25 CR44-(Lima-Callao) CR57 CR58 ICR10 IM06 IO04 IO28b IO30b IO32b IO55 IO68 OM21"},{"stopId":736377,"stopName":"Perú","stopTypeGroup":"bus","stopLat":-12.0315636,"stopLon":-77.0775086,"routeNames":"018p 1031 1103 1201 1278-(Lima-Callao) 1503 1504 1506 1513 1514 1518 1604 1611 1615 1618 1704 1901-(Lima-Callao) 2408 2513 2613 3205 4205 4206 4908-(Lima-Callao) 7103 8104 CR17 ICR14 IM04 IM21 IO44b SH24a"},{"stopId":1195040,"stopName":"Ayacucho","stopTypeGroup":"bus","stopLat":-12.031553,"stopLon":-77.0951631,"routeNames":"3203-(Lima-Callao) CR57 CR58 ICR10 IM47 IO35b UCL01-(Lima-Callao) UCL03-(Lima-Callao)"},{"stopId":931424,"stopName":"Camaná","stopTypeGroup":"bus","stopLat":-12.0315402,"stopLon":-77.0812162,"routeNames":"1703-(Lima-Callao) 2303 4210-(Lima-Callao) 4905-(Lima-Callao) 7204 8201 8214 9305-(Lima-Callao) CR24 CR25 CR44-(Lima-Callao) CR57 CR58 ICR10 IM06 IM24 IM40 IM57 IO04 IO28b IO30b IO32b IO35b IO55 IO68 OM21"},{"stopId":1201621,"stopName":"Caqueta","stopTypeGroup":"bus","stopLat":-12.0314171,"stopLon":-77.0443149,"routeNames":"1217 2703 CR12 CR43"},{"stopId":931373,"stopName":"Camaná","stopTypeGroup":"bus","stopLat":-12.0313716,"stopLon":-77.0809406,"routeNames":"1703-(Lima-Callao) 2303 4210-(Lima-Callao) 4905-(Lima-Callao) 4908-(Lima-Callao) 7204 8201 8214 9305-(Lima-Callao) CR24 CR25 CR44-(Lima-Callao) CR57 CR58 ICR10 IM06 IM24 IM40 IM57 IO04 IO28b IO30b IO32b IO55 IO68 OM21"},{"stopId":1017596,"stopName":"Pezet","stopTypeGroup":"bus","stopLat":-12.0313317,"stopLon":-77.0421636,"routeNames":"2209 2409 2702 OM23 OM33 OM34 SH112a"},{"stopId":1309254,"stopName":"Avenida Perú","stopTypeGroup":"bus","stopLat":-12.0312357,"stopLon":-77.0809954,"routeNames":"2502 2505 2701-(Lima-Callao) IO35b"},{"stopId":931423,"stopName":"27 de Noviembre","stopTypeGroup":"bus","stopLat":-12.0311783,"stopLon":-77.084361,"routeNames":"1703-(Lima-Callao) 2303 4210-(Lima-Callao) 4905-(Lima-Callao) 7204 8201 8214 9305-(Lima-Callao) CR24 CR25 CR44-(Lima-Callao) CR57 CR58 ICR10 IM06 IM24 IM40 IM57 IO04 IO28b IO30b IO32b IO35b IO55 IO68 OM21"},{"stopId":1312563,"stopName":"Río Branco","stopTypeGroup":"bus","stopLat":-12.031136,"stopLon":-77.0667851,"routeNames":"1508 CR62 IM22 IM47 IO35b IO38b IO45 IPC06"},{"stopId":1017570,"stopName":"Muñoz","stopTypeGroup":"bus","stopLat":-12.0310674,"stopLon":-77.0417405,"routeNames":"1217 2209 2409 2702 3505 3906-(Lima-Callao) 8306 9306-(Callao-Lima) CR12 CR43 IM12-(Lima-Callao) IO52 OM23 OM33 OM34 SH112a"},{"stopId":931374,"stopName":"27 de Noviembre","stopTypeGroup":"bus","stopLat":-12.0310262,"stopLon":-77.0838158,"routeNames":"1703-(Lima-Callao) 2303 4210-(Lima-Callao) 4905-(Lima-Callao) 4908-(Lima-Callao) 7204 8201 8214 9305-(Lima-Callao) CR24 CR25 CR44-(Lima-Callao) CR57 CR58 ICR10 IM06 IM24 IM40 IM57 IO04 IO28b IO30b IO32b IO35b IO55 IO68 OM21"},{"stopId":1194999,"stopName":"Grifo","stopTypeGroup":"bus","stopLat":-12.0310165,"stopLon":-77.0951167,"routeNames":"3203-(Lima-Callao) 9305-(Lima-Callao) CR57 CR58 ICR10 IM47 IO35b UCL01-(Lima-Callao) UCL03-(Lima-Callao)"},{"stopId":1647462,"stopName":"Perú","stopTypeGroup":"bus","stopLat":-12.0308422,"stopLon":-77.0883688},{"stopId":1201622,"stopName":"Parque del Trabajo","stopTypeGroup":"bus","stopLat":-12.030819,"stopLon":-77.0438589,"routeNames":"1217 2703 9306-(Callao-Lima) CR12 CR43 IM12-(Lima-Callao)"},{"stopId":737537,"stopName":"Habich ","stopTypeGroup":"bus","stopLat":-12.030795,"stopLon":-77.0568073,"routeNames":"1213 1308 1404 1411 1412 1505 1607 1612 1701 1702 1706 1801-(Lima-Callao) 1802 1804 2204 2404-(Lima-Callao) 2406 2407 2414 2511-(Lima-Callao) 2603 2604 2804-(Lima-Callao) 2805 4204 4212 7101 8102 8105 8107 8108 8109 8110 8111 8112 8211 8212 9"},{"stopId":931421,"stopName":"Próceres","stopTypeGroup":"bus","stopLat":-12.0306774,"stopLon":-77.0885615,"routeNames":"1703-(Lima-Callao) 2303 4905-(Lima-Callao) 9305-(Lima-Callao) CR24 CR25 CR44-(Lima-Callao) CR57 CR58 ICR10 IM06 IM24 IM40 IO04 IO28b IO30b IO32b IO35b IO55 IO68 OM21"},{"stopId":1022550,"stopName":"Parque Del Trabajo","stopTypeGroup":"bus","stopLat":-12.0305914,"stopLon":-77.0440411,"routeNames":"1608 2411 2510 2803 8209 9307-(Callao-Lima) CR07 IO19 IO27"},{"stopId":1157576,"stopName":"Parque del Trabajo","stopTypeGroup":"bus","stopLat":-12.0305741,"stopLon":-77.0438449,"routeNames":"1217 2703 3505 3906-(Lima-Callao) 8306 9306-(Callao-Lima) CR12 CR43 IM12-(Lima-Callao) IO52"},{"stopId":1456622,"stopName":"Las Cucardas - Lazzareto","stopTypeGroup":"bus","stopLat":-12.0305458,"stopLon":-77.0470601,"routeNames":"1217 2703 CR12 CR43"},{"stopId":1456624,"stopName":"Pastor Bravo","stopTypeGroup":"bus","stopLat":-12.0305458,"stopLon":-77.0451343,"routeNames":"1217 2703 CR12 CR43"},{"stopId":931376,"stopName":"Próceres","stopTypeGroup":"bus","stopLat":-12.0305314,"stopLon":-77.0881315,"routeNames":"1703-(Lima-Callao) 2303 4210-(Lima-Callao) 4905-(Lima-Callao) 7204 8201 8214 9305-(Lima-Callao) CR24 CR25 CR44-(Lima-Callao) CR57 CR58 ICR10 IM06 IM24 IM40 IM57 IO04 IO28b IO30b IO32b IO35b IO55 IO68 OM21"},{"stopId":1019316,"stopName":"Perú","stopTypeGroup":"bus","stopLat":-12.0303806,"stopLon":-77.0883158,"routeNames":"3203-(Lima-Callao) 4210-(Lima-Callao) 7204 8201 8214 IM57"},{"stopId":1022556,"stopName":"Parque del Trabajo","stopTypeGroup":"bus","stopLat":-12.0303631,"stopLon":-77.0442809,"routeNames":"1608 2411 2510 2803 8209 9307-(Callao-Lima) CR07 IO19 IO27"},{"stopId":931420,"stopName":"Huaraz","stopTypeGroup":"bus","stopLat":-12.0303562,"stopLon":-77.0915729,"routeNames":"1703-(Lima-Callao) 2303 3203-(Lima-Callao) 4905-(Lima-Callao) 9305-(Lima-Callao) CR24 CR25 CR44-(Lima-Callao) CR57 CR58 ICR10 IM06 IM24 IM40 IO04 IO28b IO30b IO32b IO35b IO55 IO68 OM21"},{"stopId":931377,"stopName":"Huaraz","stopTypeGroup":"bus","stopLat":-12.0301938,"stopLon":-77.0912731,"routeNames":"1703-(Lima-Callao) 2303 3203-(Lima-Callao) 4905-(Lima-Callao) 9305-(Lima-Callao) CR24 CR25 CR44-(Lima-Callao) CR57 CR58 ICR10 IM06 IM24 IM40 IO04 IO28b IO30b IO32b IO35b IO55 IO68 OM21"},{"stopId":1456621,"stopName":"10 de Junio","stopTypeGroup":"bus","stopLat":-12.0301838,"stopLon":-77.0498201,"routeNames":"1217 2703 CR12 CR43"},{"stopId":1195041,"stopName":"Avenida Perú","stopTypeGroup":"bus","stopLat":-12.030177,"stopLon":-77.0944821,"routeNames":"3203-(Lima-Callao) CR57 CR58 ICR10 IM47 IO35b UCL01-(Lima-Callao) UCL03-(Lima-Callao)"},{"stopId":931418,"stopName":"Quilca","stopTypeGroup":"bus","stopLat":-12.030038,"stopLon":-77.0946907,"routeNames":"1703-(Lima-Callao) 4905-(Lima-Callao) 9305-(Lima-Callao) CR24 CR25 CR44-(Lima-Callao) IM06 IM24 IM40 IO04 IO28b IO30b IO32b IO55 IO68 OM21 UCL03-(Lima-Callao)"},{"stopId":1017571,"stopName":"Piñonate","stopTypeGroup":"bus","stopLat":-12.0299018,"stopLon":-77.0428004,"routeNames":"1217 2209 2409 2702 2703 3505 3906-(Lima-Callao) 8306 9306-(Callao-Lima) CR12 CR43 IM12-(Lima-Callao) IO52 OM23 OM33 OM34 SH112a"},{"stopId":1017595,"stopName":"Arica","stopTypeGroup":"bus","stopLat":-12.0298993,"stopLon":-77.0430541,"routeNames":"1103 1403 1602 1610 2209 2409 2611 2702 NH26b OM23 OM33 OM34 SH112a"},{"stopId":931380,"stopName":"Quilca","stopTypeGroup":"bus","stopLat":-12.0298735,"stopLon":-77.0942881,"routeNames":"1703-(Lima-Callao) 3203-(Lima-Callao) 4905-(Lima-Callao) 9305-(Lima-Callao) CR24 CR25 CR44-(Lima-Callao) CR57 CR58 ICR10 IM06 IM24 IM40 IO04 IO28b IO30b IO32b IO35b IO55 IO68 OM21"},{"stopId":1196836,"stopName":"Habich","stopTypeGroup":"bus","stopLat":-12.0298585,"stopLon":-77.0597094,"routeNames":"1174-(Lima-Callao) 1508 2404-(Lima-Callao) 2406 2804-(Lima-Callao) CR07 CR62 IM47 IO27 IO35b IO38b IO45 IPC06 OM23 OM33 OM34"},{"stopId":1456620,"stopName":"La VIictoria","stopTypeGroup":"bus","stopLat":-12.029785,"stopLon":-77.0526016,"routeNames":"1217 2703 CR12 CR43"},{"stopId":1032101,"stopName":"Pizarro","stopTypeGroup":"bus","stopLat":-12.0297045,"stopLon":-77.0428177,"routeNames":"1103 1403 1602 1610 2611 2703 NH26b"},{"stopId":815584,"stopName":"Parque del Trabajo","stopTypeGroup":"bus","stopLat":-12.0295725,"stopLon":-77.0442438,"routeNames":"A B D"},{"stopId":1196834,"stopName":"Canada","stopTypeGroup":"bus","stopLat":-12.0295308,"stopLon":-77.0642407,"routeNames":"1174-(Lima-Callao) 1508 2404-(Lima-Callao) 2406 2804-(Lima-Callao) CR07 CR62 IM47 IO27 IO35b IO38b IO45 IPC06 OM23 OM33 OM34"},{"stopId":737417,"stopName":"Lima","stopTypeGroup":"bus","stopLat":-12.0295096,"stopLon":-77.0766449,"routeNames":"018p 1031 1103 1201 1278-(Lima-Callao) 1503 1504 1506 1513 1514 1518 1604 1611 1615 1618 1704 1901-(Lima-Callao) 2408 2502 2505 2513 2613 2701-(Lima-Callao) 3205 4205 4206 7103 8104 CR17 ICR14 IM04 IM21 IO44b SH24a"},{"stopId":1196841,"stopName":"Canada","stopTypeGroup":"bus","stopLat":-12.0294831,"stopLon":-77.0638758,"routeNames":"1174-(Lima-Callao) 1508 2404-(Lima-Callao) 2406 2804-(Lima-Callao) CR07 CR62 IM47 IO27 IO35b IO38b IO45 IPC06 OM23 OM33 OM34"},{"stopId":1312032,"stopName":"Lima","stopTypeGroup":"bus","stopLat":-12.0294204,"stopLon":-77.0802605,"routeNames":"2502 2505 2701-(Lima-Callao) IO35b"},{"stopId":1312033,"stopName":"Universitaria","stopTypeGroup":"bus","stopLat":-12.0293836,"stopLon":-77.0768702,"routeNames":"4908-(Lima-Callao) IO35b"},{"stopId":737710,"stopName":"Habich","stopTypeGroup":"bus","stopLat":-12.0293836,"stopLon":-77.0573169,"routeNames":"1213 1308 1404 1411 1412 1505 1607 1612 1701 1702 1706 1801-(Lima-Callao) 1802 1804 2204 2404-(Lima-Callao) 2406 2407 2414 2511-(Lima-Callao) 2603 2604 2703 2804-(Lima-Callao) 2805 4204 4212 7101 8102 8105 8107 8108 8109 8110 8111 8112 8211 8"},{"stopId":2003359,"stopName":"Lima","stopTypeGroup":"bus","stopLat":-12.029215751137734,"stopLon":-77.08322167396547,"routeNames":"4908-(Lima-Callao)"},{"stopId":736376,"stopName":"Lima","stopTypeGroup":"bus","stopLat":-12.029158,"stopLon":-77.0766395,"routeNames":"018p 1031 1103 1201 1278-(Lima-Callao) 1503 1504 1506 1513 1514 1518 1604 1611 1615 1618 1704 1901-(Lima-Callao) 2408 2502 2505 2513 2613 3205 4205 4206 7103 8104 CR17 ICR14 IM04 IM21 IO35b IO44b SH24a"},{"stopId":1325353,"stopName":"Parque Franco Peruano","stopTypeGroup":"bus","stopLat":-12.0290741,"stopLon":-77.0513946,"routeNames":"2703"},{"stopId":1022551,"stopName":"Túpac Amaru","stopTypeGroup":"bus","stopLat":-12.029061,"stopLon":-77.0441616,"routeNames":"1608 2411 2510 2803 8209 9307-(Callao-Lima) CR07 IO19 IO27"},{"stopId":1309253,"stopName":"Avenida Lima","stopTypeGroup":"bus","stopLat":-12.028948153371616,"stopLon":-77.07875310859833,"routeNames":"2701-(Lima-Callao)"},{"stopId":1019284,"stopName":"Lima","stopTypeGroup":"bus","stopLat":-12.0287759,"stopLon":-77.0875232,"routeNames":"7204 8201 8214"},{"stopId":1313796,"stopName":"Lima","stopTypeGroup":"bus","stopLat":-12.0286124,"stopLon":-77.0889509,"routeNames":"3203-(Lima-Callao) 4210-(Lima-Callao) IM57"},{"stopId":1323498,"stopName":"Chile","stopTypeGroup":"bus","stopLat":-12.0285416,"stopLon":-77.0664874,"routeNames":"1508 CR62 IM22 IM47 IO35b IO38b IO45 IPC06"},{"stopId":1017572,"stopName":"Caquetá","stopTypeGroup":"bus","stopLat":-12.0284965,"stopLon":-77.0440318,"routeNames":"1103 1403 1602 1610 2209 2409 2611 2702 NH26b OM23 OM33 OM34 SH112a"},{"stopId":1305094,"stopName":"Néstor Gambetta","stopTypeGroup":"bus","stopLat":-12.0284288,"stopLon":-77.1281755,"routeNames":"4902-(Lima-Callao) 4911-(Lima-Callao) CR09 CR10"},{"stopId":1300100,"stopName":"Avenida A","stopTypeGroup":"bus","stopLat":-12.0284288,"stopLon":-77.1277893,"routeNames":"1130-(Lima-Callao) CR66 UCL09 UCL10 UCL11 UCL12 UCL13 UCL14 UCL16"},{"stopId":1019315,"stopName":"Lima","stopTypeGroup":"bus","stopLat":-12.0284093,"stopLon":-77.0875088,"routeNames":"3203-(Lima-Callao) 4210-(Lima-Callao) 7204 8201 8214 IM57"},{"stopId":1300082,"stopName":"Avenida A","stopTypeGroup":"bus","stopLat":-12.0284078,"stopLon":-77.128036,"routeNames":"1130-(Lima-Callao) CR66 UCL09 UCL10 UCL11 UCL12 UCL13 UCL14 UCL16"},{"stopId":761243,"stopName":"Lima Cargo","stopTypeGroup":"bus","stopLat":-12.0283737,"stopLon":-77.1026704,"routeNames":"1491 1501-(Lima-Callao) 1502-(Lima-Callao) 2511-(Lima-Callao) 9305-(Lima-Callao) CR13 CR14 CR15 CR16 CR17 CR19 CR27 CR32 CR34 CR35 CR41 CR42 CR49 CR51 CR53 CR56 CR57 CR58 CR61 CR62 CR65 CR69 CR71 CR75 CR84 ICR05 ICR10 IM08 IM12-(Lima-Callao"},{"stopId":1305095,"stopName":"Néstor Gambetta","stopTypeGroup":"bus","stopLat":-12.028323932852008,"stopLon":-77.12816688418515,"routeNames":"4902-(Lima-Callao) 4911-(Lima-Callao) CR09 CR10"},{"stopId":1196833,"stopName":"Chile","stopTypeGroup":"bus","stopLat":-12.0282714,"stopLon":-77.0665464,"routeNames":"1174-(Lima-Callao) 2404-(Lima-Callao) 2406 2804-(Lima-Callao) CR07 IM22 IO27 OM23 OM33 OM34"},{"stopId":1017594,"stopName":"Caquetá","stopTypeGroup":"bus","stopLat":-12.0282653,"stopLon":-77.0445966,"routeNames":"1103 1403 1602 1608 1610 2209 2409 2411 2510 2611 2702 2803 8209 9307-(Callao-Lima) CR07 IO19 IO27 NH26b OM23 OM33 OM34 SH112a"},{"stopId":1196842,"stopName":"Chile","stopTypeGroup":"bus","stopLat":-12.0282399,"stopLon":-77.0663345,"routeNames":"1174-(Lima-Callao) 1508 2404-(Lima-Callao) 2406 2804-(Lima-Callao) CR07 CR62 IM47 IO27 IO35b IO38b IO45 IPC06 OM23 OM33 OM34"},{"stopId":1456619,"stopName":"García y Lastre","stopTypeGroup":"bus","stopLat":-12.0281795,"stopLon":-77.0534974,"routeNames":"1217 CR12 CR43"},{"stopId":761279,"stopName":"Lima Cargo","stopTypeGroup":"bus","stopLat":-12.0280851,"stopLon":-77.1029681,"routeNames":"1491 1501-(Lima-Callao) 1502-(Lima-Callao) 2511-(Lima-Callao) CR13 CR14 CR15 CR16 CR17 CR19 CR27 CR32 CR34 CR35 CR41 CR42 CR49 CR51 CR53 CR56 CR57 CR58 CR61 CR62 CR65 CR69 CR71 CR75 CR84 ICR05 ICR10 IM08 IM12-(Lima-Callao) IM18 IM19 IM20 IM26"},{"stopId":1023752,"stopName":"Panamericana Norte","stopTypeGroup":"bus","stopLat":-12.0280217,"stopLon":-77.0570571,"routeNames":"1174-(Lima-Callao) 1217 1508 1608 1612 2702 8209 9307-(Callao-Lima) CR07 CR62 IM47 IO19 IO27 IO35b IO38b IO45 IPC06 OM23 OM33 OM34"},{"stopId":1305096,"stopName":"El Emisor","stopTypeGroup":"bus","stopLat":-12.0279513,"stopLon":-77.1293074,"routeNames":"4902-(Lima-Callao)"},{"stopId":1305097,"stopName":"El Emisor","stopTypeGroup":"bus","stopLat":-12.0278464,"stopLon":-77.1292752,"routeNames":"4902-(Lima-Callao) CR09"},{"stopId":1328972,"stopName":"Avenida A","stopTypeGroup":"bus","stopLat":-12.0276732,"stopLon":-77.1292269,"routeNames":"4911-(Lima-Callao) CR09 CR10"},{"stopId":931379,"stopName":"Calle 2","stopTypeGroup":"bus","stopLat":-12.0276649,"stopLon":-77.0971847,"routeNames":"1703-(Lima-Callao) 4905-(Lima-Callao) CR24 CR25 CR44-(Lima-Callao) IM06 IM24 IM40 IO04 IO28b IO30b IO32b IO55 IO68 OM21 UCL03-(Lima-Callao)"},{"stopId":1328973,"stopName":"Avenida A","stopTypeGroup":"bus","stopLat":-12.0276627,"stopLon":-77.1290767,"routeNames":"4911-(Lima-Callao) CR10"},{"stopId":931417,"stopName":"Pasaje 10","stopTypeGroup":"bus","stopLat":-12.0275587,"stopLon":-77.0975068,"routeNames":"1703-(Lima-Callao) 4905-(Lima-Callao) 9305-(Lima-Callao) CR24 CR25 CR44-(Lima-Callao) IM06 IM24 IM40 IO04 IO28b IO30b IO32b IO55 IO68 OM21 UCL03-(Lima-Callao)"},{"stopId":1196831,"stopName":"Calle B","stopTypeGroup":"bus","stopLat":-12.0274287,"stopLon":-77.0721608,"routeNames":"1174-(Lima-Callao) 2404-(Lima-Callao) 2406 2804-(Lima-Callao) CR07 IM22 IO27 OM23 OM33 OM34"},{"stopId":1196843,"stopName":"Calle B","stopTypeGroup":"bus","stopLat":-12.0273619,"stopLon":-77.0719743,"routeNames":"1174-(Lima-Callao) 2404-(Lima-Callao) 2406 2804-(Lima-Callao) CR07 IM22 IO27 OM23 OM33 OM34"},{"stopId":1335296,"stopName":"Luis Felipe de las Casas","stopTypeGroup":"bus","stopLat":-12.0269807,"stopLon":-77.130686,"routeNames":"CR09"},{"stopId":1303792,"stopName":"Isidro Alcibar","stopTypeGroup":"bus","stopLat":-12.0269387,"stopLon":-77.0505738,"routeNames":"2703"},{"stopId":737418,"stopName":"José Granda","stopTypeGroup":"bus","stopLat":-12.0268994,"stopLon":-77.0755988,"routeNames":"018p 1031 1103 1201 1278-(Lima-Callao) 1503 1504 1506 1513 1514 1518 1604 1611 1615 1618 1704 1901-(Lima-Callao) 2408 2502 2505 2513 2613 2701-(Lima-Callao) 3205 4205 4206 7103 8104 CR17 ICR14 IM04 IM21 IO35b IO44b SH24a"},{"stopId":1335283,"stopName":"El Emisor","stopTypeGroup":"bus","stopLat":-12.0266239,"stopLon":-77.1298653,"routeNames":"CR09"},{"stopId":1201635,"stopName":"Habich","stopTypeGroup":"bus","stopLat":-12.0265829,"stopLon":-77.0545552,"routeNames":"1217 CR12 CR43"},{"stopId":1023715,"stopName":"Valdizán","stopTypeGroup":"bus","stopLat":-12.0265468,"stopLon":-77.054721,"routeNames":"1174-(Lima-Callao) 1217 1508 1608 1612 2702 8209 9307-(Callao-Lima) CR07 CR62 IM47 IO19 IO27 IO35b IO38b IO45 IPC06 OM23 OM33 OM34"},{"stopId":1023751,"stopName":"Valdizán","stopTypeGroup":"bus","stopLat":-12.0263533,"stopLon":-77.0546324,"routeNames":"1174-(Lima-Callao) 1508 1608 2702 8209 9307-(Callao-Lima) CR07 CR62 IM47 IO19 IO27 IO35b IO45 IPC06 OM23 OM33 OM34"},{"stopId":1466016,"stopName":"Habich","stopTypeGroup":"bus","stopLat":-12.0263248,"stopLon":-77.0547876,"routeNames":"1612 CR12 CR43 IO38b"},{"stopId":1305098,"stopName":"Agustín Haya","stopTypeGroup":"bus","stopLat":-12.0263091,"stopLon":-77.1329445,"routeNames":"4902-(Lima-Callao)"},{"stopId":1305099,"stopName":"Agustín Haya","stopTypeGroup":"bus","stopLat":-12.0262881,"stopLon":-77.1327889,"routeNames":"4902-(Lima-Callao)"},{"stopId":1041976,"stopName":"José Granda","stopTypeGroup":"bus","stopLat":-12.0261216,"stopLon":-77.07482,"routeNames":"1174-(Lima-Callao) 2404-(Lima-Callao) 2406 2804-(Lima-Callao) CR07 IM22 IO27 OM23 OM33 OM34"},{"stopId":1309252,"stopName":"Luis Hague","stopTypeGroup":"bus","stopLat":-12.0260783,"stopLon":-77.0776856,"routeNames":"2701-(Lima-Callao)"},{"stopId":1303854,"stopName":"Villavicencio","stopTypeGroup":"bus","stopLat":-12.0260468,"stopLon":-77.0579016,"routeNames":"2703"},{"stopId":931381,"stopName":"Tamayo","stopTypeGroup":"bus","stopLat":-12.0259404,"stopLon":-77.0980735,"routeNames":"1703-(Lima-Callao) 4905-(Lima-Callao) CR24 CR25 CR44-(Lima-Callao) IM06 IM24 IM40 IO04 IO28b IO30b IO32b IO55 OM21 UCL03-(Lima-Callao)"},{"stopId":1196829,"stopName":"Ovalo Granda","stopTypeGroup":"bus","stopLat":-12.0258495,"stopLon":-77.0760179,"routeNames":"1174-(Lima-Callao) 1278-(Lima-Callao) 2404-(Lima-Callao) 2406 4205 4206 CR07 ICR14 IM04 IM22 IO27 IO35b OM23 OM33 OM34"},{"stopId":1019285,"stopName":"Pacasmayo","stopTypeGroup":"bus","stopLat":-12.0258436,"stopLon":-77.0862497,"routeNames":"7204 8201 8214"},{"stopId":1324396,"stopName":"Villavicencio","stopTypeGroup":"bus","stopLat":-12.0258422,"stopLon":-77.0577139},{"stopId":931416,"stopName":"Tamayo","stopTypeGroup":"bus","stopLat":-12.0258378,"stopLon":-77.098408,"routeNames":"1703-(Lima-Callao) 4905-(Lima-Callao) 9305-(Lima-Callao) CR24 CR25 CR44-(Lima-Callao) IM06 IM24 IM40 IO04 IO28b IO30b IO32b IO55 IO68 OM21 UCL03-(Lima-Callao)"},{"stopId":737535,"stopName":"Honorio Delgado","stopTypeGroup":"bus","stopLat":-12.0256611,"stopLon":-77.0587948,"routeNames":"1213 1217 1308 1404 1411 1412 1505 1607 1608 1701 1702 1706 1801-(Lima-Callao) 1802 1804 2204 2407 2414 2511-(Lima-Callao) 2603 2604 2702 2805 4204 4212 7101 8102 8105 8107 8108 8109 8110 8111 8112 8209 8211 8212 9307-(Callao-Lima) 9401-(Lima-"},{"stopId":737711,"stopName":"Honorio Delgado","stopTypeGroup":"bus","stopLat":-12.0256375,"stopLon":-77.0583495,"routeNames":"1213 1217 1308 1404 1411 1412 1505 1607 1608 1701 1702 1706 1801-(Lima-Callao) 1802 1804 2204 2407 2414 2511-(Lima-Callao) 2603 2604 2702 2805 4204 4212 7101 8102 8105 8107 8108 8109 8110 8111 8112 8209 8211 8212 9307-(Callao-Lima) 9401-(Lima-"},{"stopId":1466015,"stopName":"Comisaría San Martín de Porres","stopTypeGroup":"bus","stopLat":-12.025509,"stopLon":-77.0552489,"routeNames":"1612 CR12 CR43 IO38b"},{"stopId":736375,"stopName":"José Granda","stopTypeGroup":"bus","stopLat":-12.0254119,"stopLon":-77.0751241,"routeNames":"018p 1031 1103 1201 1503 1504 1506 1513 1514 1518 1604 1611 1615 1618 1704 1901-(Lima-Callao) 2408 2502 2505 2513 2613 2804-(Lima-Callao) 3205 7103 8104 CR17 IM21 IO44b SH24a"},{"stopId":1019314,"stopName":"Pacasmayo","stopTypeGroup":"bus","stopLat":-12.0253834,"stopLon":-77.0861951,"routeNames":"3203-(Lima-Callao) 4210-(Lima-Callao) 7204 8201 8214 IM57"},{"stopId":1335282,"stopName":"Luis Felipe de las Casas","stopTypeGroup":"bus","stopLat":-12.0250656,"stopLon":-77.1314907,"routeNames":"CR09"},{"stopId":1313797,"stopName":"Pacasmayo","stopTypeGroup":"bus","stopLat":-12.0250027,"stopLon":-77.0874327,"routeNames":"3203-(Lima-Callao) 4210-(Lima-Callao) IM57"},{"stopId":1017593,"stopName":"Puerta 3 UNI","stopTypeGroup":"bus","stopLat":-12.0249265,"stopLon":-77.0482603,"routeNames":"1103 1403 1602 1608 1610 2209 2409 2411 2510 2611 2702 2803 8209 9307-(Callao-Lima) CR07 IO19 IO27 NH26b OM23 OM33 OM34 SH112a"},{"stopId":1023716,"stopName":"Parque Cahuide","stopTypeGroup":"bus","stopLat":-12.0248474,"stopLon":-77.0521166,"routeNames":"1174-(Lima-Callao) 1508 1608 1612 2702 8209 9307-(Callao-Lima) CR07 CR12 CR43 CR62 IM47 IO19 IO27 IO35b IO38b IO45 IPC06 OM23 OM33 OM34"},{"stopId":1017576,"stopName":"Puerta 3","stopTypeGroup":"bus","stopLat":-12.0247923,"stopLon":-77.047942,"routeNames":"1103 1403 1602 1608 1610 2209 2409 2411 2510 2611 2702 2803 8209 9307-(Callao-Lima) CR07 IO19 IO27 NH26b OM23 OM33 OM34 SH112a"},{"stopId":1022552,"stopName":"Parque Cahuide","stopTypeGroup":"bus","stopLat":-12.0246305,"stopLon":-77.0520352,"routeNames":"1174-(Lima-Callao) 1608 2702 8209 9307-(Callao-Lima) CR07 IO19 IO27 OM23 OM33 OM34"},{"stopId":1200430,"stopName":"Parque Cahuide","stopTypeGroup":"bus","stopLat":-12.0246114,"stopLon":-77.0521898,"routeNames":"1103 1403 1508 1610 2703 CR62 IM47 IO35b IO45 IPC06"},{"stopId":1328976,"stopName":"Víctor Andrés Belaúnde","stopTypeGroup":"bus","stopLat":-12.0245777,"stopLon":-77.1306056,"routeNames":"4911-(Lima-Callao) CR10"},{"stopId":1328975,"stopName":"Víctor Andrés Belaúnde","stopTypeGroup":"bus","stopLat":-12.0245567,"stopLon":-77.1307611,"routeNames":"4911-(Lima-Callao) CR10"},{"stopId":931382,"stopName":"El Olívar","stopTypeGroup":"bus","stopLat":-12.024507,"stopLon":-77.0987791,"routeNames":"1703-(Lima-Callao) 4905-(Lima-Callao) CR24 CR25 CR44-(Lima-Callao) IM06 IM24 IM40 IO04 IO28b IO30b IO32b IO55 IO68 OM21 UCL03-(Lima-Callao)"},{"stopId":761278,"stopName":"Aeropuerto (Aduanas)","stopTypeGroup":"bus","stopLat":-12.0243626,"stopLon":-77.1051782,"routeNames":"1491 1501-(Lima-Callao) 1502-(Lima-Callao) 2511-(Lima-Callao) CR13 CR14 CR15 CR16 CR17 CR19 CR27 CR32 CR34 CR35 CR41 CR42 CR49 CR51 CR53 CR56 CR57 CR58 CR61 CR62 CR65 CR69 CR71 CR75 CR84 ICR05 ICR10 IM08 IM12-(Lima-Callao) IM18 IM19 IM20 IM26"},{"stopId":931415,"stopName":"El Olívar","stopTypeGroup":"bus","stopLat":-12.0243228,"stopLon":-77.0990951,"routeNames":"1703-(Lima-Callao) 4905-(Lima-Callao) 9305-(Lima-Callao) CR24 CR25 CR44-(Lima-Callao) IM06 IM24 IM40 IO04 IO28b IO30b IO32b IO55 IO68 OM21"},{"stopId":1305093,"stopName":"Mercado Señor Cautivo de Ayabaca","stopTypeGroup":"bus","stopLat":-12.0242314,"stopLon":-77.1337518,"routeNames":"4902-(Lima-Callao) CR09"},{"stopId":1305092,"stopName":"Mercado Señor Cautivo de Ayabaca","stopTypeGroup":"bus","stopLat":-12.0241868,"stopLon":-77.1338591,"routeNames":"4902-(Lima-Callao) CR09"},{"stopId":815583,"stopName":"UNI","stopTypeGroup":"bus","stopLat":-12.0241842,"stopLon":-77.0489109,"routeNames":"A B D EX5 EX8 EX9"},{"stopId":1071805,"stopName":"Navarro del Águila","stopTypeGroup":"bus","stopLat":-12.0240717,"stopLon":-77.0806806,"routeNames":"1174-(Lima-Callao) 1278-(Lima-Callao) 2404-(Lima-Callao) 2406 2701-(Lima-Callao) 4205 4206 CR07 ICR14 IM04 IM22 IO27 IO35b OM23 OM33 OM34"},{"stopId":1071807,"stopName":"Navarro del Águila","stopTypeGroup":"bus","stopLat":-12.0240218,"stopLon":-77.0804687,"routeNames":"1174-(Lima-Callao) 1278-(Lima-Callao) 2404-(Lima-Callao) 2406 2701-(Lima-Callao) 4205 4206 CR07 ICR14 IM04 IM22 IO27 IO35b OM23 OM33 OM34"},{"stopId":761244,"stopName":"Aduanas","stopTypeGroup":"bus","stopLat":-12.0239035,"stopLon":-77.1050629,"routeNames":"1491 1501-(Lima-Callao) 1502-(Lima-Callao) 2511-(Lima-Callao) 9305-(Lima-Callao) CR13 CR14 CR15 CR16 CR17 CR19 CR27 CR32 CR34 CR35 CR41 CR42 CR49 CR51 CR53 CR56 CR57 CR58 CR61 CR62 CR65 CR69 CR71 CR75 CR84 ICR05 ICR10 IM08 IM12-(Lima-Callao"},{"stopId":1200429,"stopName":"Michael Fort","stopTypeGroup":"bus","stopLat":-12.0237541,"stopLon":-77.0526695,"routeNames":"1103 1403 1508 1610 1612 2703 CR12 CR43 CR62 IM47 IO35b IO38b IO45 IPC06"},{"stopId":737712,"stopName":"Luna Pizarro","stopTypeGroup":"bus","stopLat":-12.0237015,"stopLon":-77.058658,"routeNames":"1213 1217 1308 1404 1411 1412 1505 1607 1608 1701 1702 1706 1801-(Lima-Callao) 1802 1804 2204 2407 2414 2511-(Lima-Callao) 2603 2604 2702 2805 4204 4212 7101 8102 8105 8107 8108 8109 8110 8111 8112 8209 8211 8212 9307-(Callao-Lima) 9401-(Lima-"},{"stopId":1022555,"stopName":"Túpac Amaru","stopTypeGroup":"bus","stopLat":-12.0235071,"stopLon":-77.0501455,"routeNames":"1103 1174-(Lima-Callao) 1403 1608 1610 2702 8209 9307-(Callao-Lima) CR07 IO19 IO27 OM23 OM33 OM34"},{"stopId":1328977,"stopName":"El Emisor","stopTypeGroup":"bus","stopLat":-12.0234759,"stopLon":-77.1314049,"routeNames":"4911-(Lima-Callao) CR10"},{"stopId":1467600,"stopName":"Tiziano Muñoz","stopTypeGroup":"bus","stopLat":-12.0234575,"stopLon":-77.0554501,"routeNames":"2703"},{"stopId":1589040,"stopName":"E. Guzmán Barrón","stopTypeGroup":"bus","stopLat":-12.0233421,"stopLon":-77.0866683},{"stopId":1017575,"stopName":"Habich","stopTypeGroup":"bus","stopLat":-12.0233287,"stopLon":-77.0497549,"routeNames":"1103 1403 1602 1608 1610 2209 2409 2411 2510 2611 2702 2803 8209 9307-(Callao-Lima) CR07 IO19 IO27 NH26b OM23 OM33 OM34 SH112a"},{"stopId":1467588,"stopName":"Tiziano Muñoz","stopTypeGroup":"bus","stopLat":-12.0233211,"stopLon":-77.0554742},{"stopId":1305091,"stopName":"Sarita Colonia","stopTypeGroup":"bus","stopLat":-12.0233027,"stopLon":-77.133387,"routeNames":"4902-(Lima-Callao) CR09"},{"stopId":1305090,"stopName":"Sarita Colonia","stopTypeGroup":"bus","stopLat":-12.023266,"stopLon":-77.1334702,"routeNames":"4902-(Lima-Callao) CR09"},{"stopId":1017592,"stopName":"Habich","stopTypeGroup":"bus","stopLat":-12.0232595,"stopLon":-77.0502172,"routeNames":"1602 2209 2409 2411 2510 2611 2803 NH26b SH112a"},{"stopId":1328978,"stopName":"Sarita Colonia","stopTypeGroup":"bus","stopLat":-12.0232214,"stopLon":-77.1334031,"routeNames":"4911-(Lima-Callao) CR10"},{"stopId":737534,"stopName":"Luna Pizarro","stopTypeGroup":"bus","stopLat":-12.0232188,"stopLon":-77.058953,"routeNames":"1213 1217 1308 1404 1411 1412 1505 1607 1608 1701 1702 1706 1801-(Lima-Callao) 1802 2204 2407 2414 2511-(Lima-Callao) 2603 2604 2702 2805 4204 4212 7101 8102 8105 8107 8108 8109 8110 8111 8112 8209 8211 8212 9307-(Callao-Lima) 9401-(Lima-Call"},{"stopId":1071801,"stopName":"Mercado José Granda","stopTypeGroup":"bus","stopLat":-12.0228613,"stopLon":-77.0831704,"routeNames":"1174-(Lima-Callao) 1278-(Lima-Callao) 2404-(Lima-Callao) 2406 2701-(Lima-Callao) 4205 4206 CR07 ICR14 IM04 IM22 IO27 IO35b OM23 OM33 OM34"},{"stopId":1071810,"stopName":"Mercado José Granda","stopTypeGroup":"bus","stopLat":-12.0227731,"stopLon":-77.0830356,"routeNames":"1174-(Lima-Callao) 1278-(Lima-Callao) 2404-(Lima-Callao) 2406 2701-(Lima-Callao) 4205 4206 CR07 ICR14 IM04 IM22 IO27 IO35b OM23 OM33 OM34"},{"stopId":938134,"stopName":"Aeropuerto Jorge Chávez","stopTypeGroup":"bus","stopLat":-12.0227395,"stopLon":-77.1066813,"routeNames":"Airport-Express-Lima"},{"stopId":1200428,"stopName":"Ramón Castilla","stopTypeGroup":"bus","stopLat":-12.0223923,"stopLon":-77.0525602,"routeNames":"1103 1403 1508 1610 1612 2703 CR12 CR43 CR62 IM47 IO35b IO38b IO45 IPC06"},{"stopId":2060602,"stopName":"El Emisor","stopTypeGroup":"bus","stopLat":-12.021959573327182,"stopLon":-77.13278889656068},{"stopId":2060603,"stopName":"El Emisor","stopTypeGroup":"bus","stopLat":-12.02189661214255,"stopLon":-77.13291227817537},{"stopId":761245,"stopName":"Grifo","stopTypeGroup":"bus","stopLat":-12.0216238,"stopLon":-77.1051729,"routeNames":"1491 1501-(Lima-Callao) 9305-(Lima-Callao) CR13 CR14 CR15 CR17 CR27 CR28 CR34 CR42 CR51 CR53 CR62 CR65 CR69 CR71 CR75 CR84 IM06 IM08 IM18 IM30 IM47 IO07 IO09 IO19 IO28b IO32b IO38b IO40 IO45 IO55 IO89 IPC06 OM18 OM25 OM32 OM39 OM47-(Callao-Lima"},{"stopId":1019286,"stopName":"José Granda","stopTypeGroup":"bus","stopLat":-12.0216174,"stopLon":-77.0859882,"routeNames":"3203-(Lima-Callao) 4210-(Lima-Callao) 7204 8201 8214 IM57"},{"stopId":761277,"stopName":"Grifo","stopTypeGroup":"bus","stopLat":-12.0215136,"stopLon":-77.1055806,"routeNames":"1491 1501-(Lima-Callao) 1502-(Lima-Callao) CR14 CR15 CR17 CR27 CR28 CR34 CR42 CR51 CR53 CR62 CR65 CR69 CR71 CR75 CR84 IM06 IM08 IM18 IM30 IM47 IO07 IO09 IO19 IO28b IO32b IO38b IO40 IO45 IO55 IO89 IPC06 OM18 OM25 OM32 OM39 OM47-(Callao-Lima) UCL"},{"stopId":1303855,"stopName":"Hospital Cayetano Heredia","stopTypeGroup":"bus","stopLat":-12.0213877,"stopLon":-77.0538247,"routeNames":"2703"},{"stopId":1071811,"stopName":"12 de Octubre","stopTypeGroup":"bus","stopLat":-12.021364,"stopLon":-77.0859093,"routeNames":"1174-(Lima-Callao) 1278-(Lima-Callao) 2404-(Lima-Callao) 2406 2701-(Lima-Callao) 4205 4206 CR07 ICR14 IM04 IM22 IO27 IO35b OM23 OM33 OM34"},{"stopId":1323505,"stopName":"Hospital Cayetano Heredia","stopTypeGroup":"bus","stopLat":-12.0213326,"stopLon":-77.0536503,"routeNames":"1508 1612 CR12 CR43 CR62 IM47 IO35b IO38b IO45 IPC06"},{"stopId":1071802,"stopName":"12 de Octubre","stopTypeGroup":"bus","stopLat":-12.0212827,"stopLon":-77.086376,"routeNames":"1174-(Lima-Callao) 1278-(Lima-Callao) 2404-(Lima-Callao) 2701-(Lima-Callao) 4205 4206 4210-(Lima-Callao) CR07 ICR14 IM04 IM22 IM57 IO27 IO35b OM23 OM33 OM34"},{"stopId":1032125,"stopName":"Hospital Cayetano Heredia","stopTypeGroup":"bus","stopLat":-12.0211887,"stopLon":-77.0539608,"routeNames":"1103 1403 1612 2703 CR62 IM47 IO35b IO38b IO45 IPC06"},{"stopId":1019313,"stopName":"José Granda","stopTypeGroup":"bus","stopLat":-12.021079,"stopLon":-77.086209,"routeNames":"2406 3203-(Lima-Callao) 7204 8201 8214"},{"stopId":1032103,"stopName":"Hospital Cayetano Heredia","stopTypeGroup":"bus","stopLat":-12.0210789,"stopLon":-77.0537451,"routeNames":"1103 1403 1508 1610 CR12 CR43"},{"stopId":737533,"stopName":"Cayetano","stopTypeGroup":"bus","stopLat":-12.0209312,"stopLon":-77.0593232,"routeNames":"1213 1217 1308 1404 1411 1412 1505 1607 1608 1701 1702 1706 1801-(Lima-Callao) 1802 1804 2204 2407 2414 2511-(Lima-Callao) 2603 2604 2702 2805 4204 4212 7101 8102 8105 8107 8108 8109 8110 8111 8112 8209 8211 8212 9307-(Callao-Lima) 9401-(Lima-"},{"stopId":737713,"stopName":"Cayetano","stopTypeGroup":"bus","stopLat":-12.0208919,"stopLon":-77.0591891,"routeNames":"1213 1217 1308 1404 1411 1412 1505 1607 1608 1701 1702 1706 1801-(Lima-Callao) 1802 1804 2204 2407 2414 2511-(Lima-Callao) 2603 2604 2702 2805 4204 4212 7101 8102 8105 8107 8108 8109 8110 8111 8112 8209 8211 8212 9307-(Callao-Lima) 9401-(Lima-"},{"stopId":1032104,"stopName":"Noguchi","stopTypeGroup":"bus","stopLat":-12.0201172,"stopLon":-77.0550699,"routeNames":"1103 1403 1612 2703 CR62 IM47 IO35b IO38b IO45 IPC06"},{"stopId":1032123,"stopName":"Noguchi","stopTypeGroup":"bus","stopLat":-12.0200764,"stopLon":-77.0552697,"routeNames":"1103 1403 1612 2703 CR62 IM47 IO35b IO38b IO45 IPC06"},{"stopId":931383,"stopName":"Tomás Valle","stopTypeGroup":"bus","stopLat":-12.0199583,"stopLon":-77.100989,"routeNames":"1703-(Lima-Callao) 4905-(Lima-Callao) CR24 CR25 CR44-(Lima-Callao) IM06 IM24 IM40 IO04 IO28b IO30b IO32b IO55 IO68 OM21"},{"stopId":761246,"stopName":"Bertello","stopTypeGroup":"bus","stopLat":-12.0198714,"stopLon":-77.1016163,"routeNames":"1491 1501-(Lima-Callao) 1502-(Lima-Callao) 9305-(Lima-Callao) CR13 CR14 CR15 CR17 CR27 CR28 CR34 CR42 CR51 CR53 CR62 CR65 CR69 CR71 CR75 CR84 IM06 IM08 IM18 IM30 IM47 IO07 IO09 IO19 IO28b IO32b IO38b IO40 IO45 IO55 IO89 IPC06 OM18 OM25 OM32 OM3"},{"stopId":1312562,"stopName":"El Olivar","stopTypeGroup":"bus","stopLat":-12.0198661,"stopLon":-77.0970726,"routeNames":"IM22"},{"stopId":1197947,"stopName":"Pacasmayo","stopTypeGroup":"bus","stopLat":-12.019756,"stopLon":-77.0963789,"routeNames":"IM22 UCL03-(Lima-Callao)"},{"stopId":1309261,"stopName":"Óvalo Previ","stopTypeGroup":"bus","stopLat":-12.0194936,"stopLon":-77.0897716,"routeNames":"1174-(Lima-Callao) 1278-(Lima-Callao) 2404-(Lima-Callao) 2701-(Lima-Callao) 4205 4210-(Lima-Callao) CR07 ICR14 IM04 IM22 IM57 IO27 IO35b OM23 OM33 OM34"},{"stopId":737420,"stopName":"Germán Aguirre","stopTypeGroup":"bus","stopLat":-12.01947,"stopLon":-77.076087,"routeNames":"018p 1031 1103 1201 1503 1504 1506 1513 1514 1518 1604 1611 1615 1618 1704 1901-(Lima-Callao) 2408 2502 2505 2513 2613 2804-(Lima-Callao) 3205 7103 8104 CR17 IM21 IO44b SH24a"},{"stopId":931414,"stopName":"Tomás Valle","stopTypeGroup":"bus","stopLat":-12.0194607,"stopLon":-77.1015423,"routeNames":"IM24 IM40"},{"stopId":1325488,"stopName":"Universitaria","stopTypeGroup":"bus","stopLat":-12.0194464,"stopLon":-77.0765376,"routeNames":"3203-(Lima-Callao)"},{"stopId":1019287,"stopName":"Álvarez Thomas","stopTypeGroup":"bus","stopLat":-12.0194343,"stopLon":-77.0862483,"routeNames":"2406 3203-(Lima-Callao) 7204 8201 8214"},{"stopId":1321896,"stopName":"Alhelíes","stopTypeGroup":"bus","stopLat":-12.0193939,"stopLon":-77.0528966,"routeNames":"1508 CR12 CR43"},{"stopId":1194992,"stopName":"Óvalo Previ ","stopTypeGroup":"bus","stopLat":-12.0193717,"stopLon":-77.0904942,"routeNames":"1174-(Lima-Callao) 1278-(Lima-Callao) 2404-(Lima-Callao) 2701-(Lima-Callao) 4205 4210-(Lima-Callao) CR07 ICR14 IM04 IM22 IM57 IO27 IO35b OM23 OM33 OM34 UCL01-(Lima-Callao)"},{"stopId":1019312,"stopName":"Álvarez Thomas","stopTypeGroup":"bus","stopLat":-12.0193113,"stopLon":-77.0864568,"routeNames":"2406 3203-(Lima-Callao) 7204 8201 8214"},{"stopId":761275,"stopName":"Bertello","stopTypeGroup":"bus","stopLat":-12.0192942,"stopLon":-77.1010959,"routeNames":"1491 1501-(Lima-Callao) 1502-(Lima-Callao) 1703-(Lima-Callao) 4905-(Lima-Callao) CR14 CR15 CR17 CR24 CR25 CR27 CR28 CR34 CR42 CR44-(Lima-Callao) CR51 CR53 CR62 CR65 CR69 CR71 CR75 CR84 IM08 IM18 IM30 IM47 IO04 IO07 IO09 IO19 IO30b IO38b IO4"},{"stopId":1057130,"stopName":"Honorio Delgado","stopTypeGroup":"bus","stopLat":-12.0192329,"stopLon":-77.0530638,"routeNames":"1602 1610 2510"},{"stopId":1032105,"stopName":"NIcolini","stopTypeGroup":"bus","stopLat":-12.0192095,"stopLon":-77.0561428,"routeNames":"1103 1403 1612 2703 CR62 IM47 IO35b IO38b IO45 IPC06"},{"stopId":1032102,"stopName":"Alhelíes","stopTypeGroup":"bus","stopLat":-12.0191691,"stopLon":-77.0529029,"routeNames":"1103 1403 1508 1602 1610 2510 CR12 CR43"},{"stopId":1308832,"stopName":"Universitaria","stopTypeGroup":"bus","stopLat":-12.0191263,"stopLon":-77.0761085,"routeNames":"1031 1201 2408 2513 3203-(Lima-Callao) 3205 IM21"},{"stopId":736374,"stopName":"Germán Aguirre","stopTypeGroup":"bus","stopLat":-12.0190555,"stopLon":-77.0765349,"routeNames":"018p 1103 1503 1504 1506 1513 1514 1518 1604 1611 1615 1618 1704 1901-(Lima-Callao) 2502 2505 2613 2804-(Lima-Callao) 7103 8104 CR17 IO44b SH24a"},{"stopId":1032124,"stopName":"Eloy Espinoza","stopTypeGroup":"bus","stopLat":-12.0189273,"stopLon":-77.0562996,"routeNames":"1103 1403 1612 2703 CR62 IM47 IO35b IO38b IO45 IPC06"},{"stopId":1193233,"stopName":"In Outlet","stopTypeGroup":"bus","stopLat":-12.0189174,"stopLon":-77.1076769,"routeNames":"2511-(Lima-Callao) 9305-(Lima-Callao) CR13 CR16 CR19 CR28 CR32 CR35 CR41 CR49 CR56 CR57 CR58 CR61 ICR05 ICR10 IM06 IM12-(Lima-Callao) IM19 IM20 IM26 IM30 IM31 IO03 IO06 IO14-(Lima-Callao) IO28b IO32b IO37b-(Callao-Lima) IO55 IO71 IO75b OM10"},{"stopId":1193235,"stopName":"In Outlet","stopTypeGroup":"bus","stopLat":-12.0189127,"stopLon":-77.1075359,"routeNames":"2511-(Lima-Callao) 9305-(Lima-Callao) CR16 CR19 CR28 CR32 CR35 CR41 CR49 CR56 CR57 CR58 CR61 ICR05 ICR10 IM06 IM12-(Lima-Callao) IM19 IM20 IM26 IM30 IM31 IO03 IO06 IO14-(Lima-Callao) IO28b IO32b IO37b-(Callao-Lima) IO55 IO71 IO75b OM10 OM22"},{"stopId":1325486,"stopName":"Leoncio Prado","stopTypeGroup":"bus","stopLat":-12.0187853,"stopLon":-77.0806092,"routeNames":"3203-(Lima-Callao)"},{"stopId":1325487,"stopName":"Leoncio Prado","stopTypeGroup":"bus","stopLat":-12.0187485,"stopLon":-77.0803249,"routeNames":"3203-(Lima-Callao)"},{"stopId":1017577,"stopName":"Puerta 5","stopTypeGroup":"bus","stopLat":-12.0183859,"stopLon":-77.051048,"routeNames":"1103 1403 1602 1610 2209 2409 2411 2510 2611 2803 NH26b SH112a"},{"stopId":1032126,"stopName":"Túpac Amaru","stopTypeGroup":"bus","stopLat":-12.0182977,"stopLon":-77.0516701,"routeNames":"1508 1602 2510 CR12 CR43"},{"stopId":1194991,"stopName":"Parroquia","stopTypeGroup":"bus","stopLat":-12.0180751,"stopLon":-77.0922105,"routeNames":"1174-(Lima-Callao) 1278-(Lima-Callao) 2404-(Lima-Callao) 2701-(Lima-Callao) 4210-(Lima-Callao) CR07 ICR14 IM04 IM22 IM57 IO27 IO35b OM23 OM33 OM34 UCL01-(Lima-Callao)"},{"stopId":1017591,"stopName":"Puerta 5","stopTypeGroup":"bus","stopLat":-12.0179476,"stopLon":-77.0515905,"routeNames":"1508 2209 2409 2411 2611 2803 CR12 CR43 NH26b SH112a"},{"stopId":1195048,"stopName":"Parroquia","stopTypeGroup":"bus","stopLat":-12.0178633,"stopLon":-77.0919711,"routeNames":"1174-(Lima-Callao) 1278-(Lima-Callao) 2404-(Lima-Callao) 2701-(Lima-Callao) 4210-(Lima-Callao) CR07 ICR14 IM04 IM22 IM57 IO27 IO35b OM23 OM33 OM34 UCL01-(Lima-Callao)"},{"stopId":737532,"stopName":"Palao","stopTypeGroup":"bus","stopLat":-12.0177464,"stopLon":-77.0598274,"routeNames":"1213 1217 1308 1404 1411 1412 1505 1607 1608 1701 1702 1706 1801-(Lima-Callao) 1802 1804 2204 2407 2414 2511-(Lima-Callao) 2603 2604 2702 2805 4204 4212 7101 8102 8105 8107 8108 8109 8110 8111 8112 8209 8211 8212 9307-(Callao-Lima) 9401-(Lima-"},{"stopId":737714,"stopName":"Palao","stopTypeGroup":"bus","stopLat":-12.0177149,"stopLon":-77.0596826,"routeNames":"1213 1217 1308 1404 1411 1412 1505 1607 1608 1701 1702 1706 1801-(Lima-Callao) 1802 1804 2204 2407 2414 2511-(Lima-Callao) 2603 2604 2702 2805 4204 4212 7101 8102 8105 8107 8108 8109 8110 8111 8112 8209 8211 8212 9307-(Callao-Lima) 9401-(Lima-"},{"stopId":1032107,"stopName":"Alhelí","stopTypeGroup":"bus","stopLat":-12.0176827,"stopLon":-77.0550056,"routeNames":"1103 1403 1612 2703 CR62 IM47 IO35b IO38b IO45 IPC06"},{"stopId":1057141,"stopName":"Nicolini","stopTypeGroup":"bus","stopLat":-12.0176502,"stopLon":-77.0547823,"routeNames":"1602 1610 2510"},{"stopId":1325485,"stopName":"Pedro Ruiz Gallo","stopTypeGroup":"bus","stopLat":-12.0176415,"stopLon":-77.0832646,"routeNames":"3203-(Lima-Callao)"},{"stopId":1456028,"stopName":"Condominios de Alcázar","stopTypeGroup":"bus","stopLat":-12.0174893,"stopLon":-77.0419264,"routeNames":"305 371"},{"stopId":1032122,"stopName":"Nicolini","stopTypeGroup":"bus","stopLat":-12.017453,"stopLon":-77.0551159,"routeNames":"1103 1403 1602 1610 1612 2510 2703 CR62 IM47 IO35b IO38b IO45 IPC06"},{"stopId":815582,"stopName":"Honorio Delgado","stopTypeGroup":"bus","stopLat":-12.0172742,"stopLon":-77.0515501,"routeNames":"A B D"},{"stopId":1455879,"stopName":"Condominios de Alcázar","stopTypeGroup":"bus","stopLat":-12.0171981,"stopLon":-77.0421705,"routeNames":"305 371"},{"stopId":1193236,"stopName":"Aviación","stopTypeGroup":"bus","stopLat":-12.0171964,"stopLon":-77.1083029,"routeNames":"2511-(Lima-Callao) 9305-(Lima-Callao) CR16 CR19 CR28 CR32 CR35 CR41 CR49 CR56 CR57 CR58 CR61 ICR05 ICR10 IM06 IM12-(Lima-Callao) IM19 IM20 IM26 IM30 IM31 IO03 IO06 IO14-(Lima-Callao) IO28b IO32b IO37b-(Callao-Lima) IO55 IO71 IO75b OM10 OM22"},{"stopId":1312572,"stopName":"Tomás Valle","stopTypeGroup":"bus","stopLat":-12.0171535,"stopLon":-77.0981187,"routeNames":"IM22"},{"stopId":1197954,"stopName":"Dominicos","stopTypeGroup":"bus","stopLat":-12.0171216,"stopLon":-77.0930436,"routeNames":"IM22 UCL03-(Lima-Callao)"},{"stopId":761247,"stopName":"Pacasmayo","stopTypeGroup":"bus","stopLat":-12.0171115,"stopLon":-77.0984352,"routeNames":"1491 1501-(Lima-Callao) 1502-(Lima-Callao) 1703-(Lima-Callao) 4905-(Lima-Callao) CR13 CR14 CR15 CR17 CR24 CR25 CR27 CR28 CR34 CR42 CR44-(Lima-Callao) CR51 CR53 CR62 CR65 CR69 CR71 CR75 CR84 IM08 IM18 IM30 IM47 IO04 IO07 IO09 IO19 IO30b IO38"},{"stopId":1193232,"stopName":"Aviación","stopTypeGroup":"bus","stopLat":-12.0170296,"stopLon":-77.1085988,"routeNames":"2511-(Lima-Callao) 9305-(Lima-Callao) CR13 CR16 CR19 CR28 CR32 CR35 CR41 CR49 CR56 CR57 CR58 CR61 ICR05 ICR10 IM06 IM12-(Lima-Callao) IM19 IM20 IM26 IM30 IM31 IO03 IO06 IO14-(Lima-Callao) IO28b IO32b IO37b-(Callao-Lima) IO55 IO71 IO75b OM10"},{"stopId":761274,"stopName":"Pacasmayo","stopTypeGroup":"bus","stopLat":-12.0166813,"stopLon":-77.0982689,"routeNames":"1174-(Lima-Callao) 1278-(Lima-Callao) 1501-(Lima-Callao) 1502-(Lima-Callao) 1703-(Lima-Callao) 4210-(Lima-Callao) CR15 CR17 CR27 CR28 CR34 CR42 CR51 CR53 CR62 CR65 CR69 CR71 CR84 ICR14 IM04 IM08 IM18 IM30 IM47 IO09 IO19 IO38b IO40 IO45 IO"},{"stopId":1030068,"stopName":"Tomás Valle","stopTypeGroup":"bus","stopLat":-12.0166696,"stopLon":-77.0985618,"routeNames":"1174-(Lima-Callao) 1278-(Lima-Callao) 1491 4210-(Lima-Callao) 4905-(Lima-Callao) CR14 CR24 CR25 CR44-(Lima-Callao) CR75 ICR14 IM04 IM22 IO04 IO07 IO30b IO89 OM18 OM21 OM33 OM34 UCL02-(Lima-Callao) UCL04-(Lima-Callao)"},{"stopId":1650763,"stopName":"Las Lomas","stopTypeGroup":"bus","stopLat":-12.0164268,"stopLon":-77.0428947,"routeNames":"371"},{"stopId":931413,"stopName":"Misionero Vega","stopTypeGroup":"bus","stopLat":-12.0163178,"stopLon":-77.103098,"routeNames":"IM24 IM40"},{"stopId":1447644,"stopName":"San Juan Bautista","stopTypeGroup":"bus","stopLat":-12.0162353,"stopLon":-77.0565122,"routeNames":"1103 1403 1602 1610 1612 2510 2703 CR62 IM47 IO35b IO38b IO45 IPC06"},{"stopId":1650764,"stopName":"Las Lomas","stopTypeGroup":"bus","stopLat":-12.016175,"stopLon":-77.0428705,"routeNames":"371"},{"stopId":931385,"stopName":"Misionero Vega","stopTypeGroup":"bus","stopLat":-12.0161744,"stopLon":-77.1028348,"routeNames":"IM24 IM40"},{"stopId":1019311,"stopName":"Pedro Delgado","stopTypeGroup":"bus","stopLat":-12.0159228,"stopLon":-77.086891,"routeNames":"2406 7204 8201 8214"},{"stopId":1195049,"stopName":"El Condor","stopTypeGroup":"bus","stopLat":-12.015914,"stopLon":-77.0932434,"routeNames":"1174-(Lima-Callao) 1278-(Lima-Callao) 2404-(Lima-Callao) 2701-(Lima-Callao) 4210-(Lima-Callao) CR07 ICR14 IM04 IM57 IO27 IO35b OM23 OM33 OM34 UCL01-(Lima-Callao) UCL03-(Lima-Callao)"},{"stopId":1194990,"stopName":"El Condor","stopTypeGroup":"bus","stopLat":-12.0158294,"stopLon":-77.0936723,"routeNames":"1174-(Lima-Callao) 1278-(Lima-Callao) 2404-(Lima-Callao) 2701-(Lima-Callao) 4210-(Lima-Callao) CR07 ICR14 IM04 IM57 IO27 IO35b OM23 OM33 OM34 UCL01-(Lima-Callao) UCL03-(Lima-Callao)"}]