[{"stopId":1992740,"stopName":"Omega","stopTypeGroup":"bus","stopLat":-12.050707683699372,"stopLon":-77.08649933338167},{"stopId":817689,"stopName":"Hospital Loayza","stopTypeGroup":"bus","stopLat":-12.0506578,"stopLon":-77.0425285,"routeNames":"1404 1505 1612 1701 1702 1706 2204 2406 2411 2511-(Lima-Callao) 3505 3906-(Lima-Callao) 4204 4502 4504 4507 5401 8201 8214 8306 8503 8523 9306-(Callao-Lima) 9405-(Lima-Callao) 9601-(Lima-Callao) 9602-(Lima-Callao) 9801-(Lima-Callao) 980"},{"stopId":1335289,"stopName":"Omega","stopTypeGroup":"bus","stopLat":-12.0505162,"stopLon":-77.0866978,"routeNames":"CR09"},{"stopId":1009318,"stopName":"Antonio Lishner","stopTypeGroup":"bus","stopLat":-12.0504675,"stopLon":-77.0602189,"routeNames":"1618 7204 IM06 IO28b IO30b OM21"},{"stopId":1311139,"stopName":"Zepita","stopTypeGroup":"bus","stopLat":-12.0503378,"stopLon":-77.0398235,"routeNames":"4504 CR35"},{"stopId":977574,"stopName":"Universitaria","stopTypeGroup":"bus","stopLat":-12.0503191,"stopLon":-77.0786912,"routeNames":"1346-(Lima-Callao) 4908-(Lima-Callao) 9605 CR04 CR45 CR46 IM11 IM20 IM56 IO63"},{"stopId":1310627,"stopName":"Zorritos","stopTypeGroup":"bus","stopLat":-12.0502119,"stopLon":-77.0466042,"routeNames":"8508 CR35"},{"stopId":1330316,"stopName":"Zorritos","stopTypeGroup":"bus","stopLat":-12.0500021,"stopLon":-77.0472908,"routeNames":"4503 7505"},{"stopId":734579,"stopName":"Ucayali","stopTypeGroup":"bus","stopLat":-12.0498945,"stopLon":-77.0277241,"routeNames":"1044 1059 1060 1103 1403 1474 1610 1804 2404-(Lima-Callao) 2407 2409 2412 2701-(Lima-Callao) 2703 3405 3511 3805 3809 3810 404 405 406 4304 4908-(Lima-Callao) 4913-(Lima-Callao) 8308 IM26 IM34b NH13 NH25 NH25a NH26b NM09"},{"stopId":1051463,"stopName":"Aurelio García y García","stopTypeGroup":"bus","stopLat":-12.049793,"stopLon":-77.0743201,"routeNames":"018p 1031 1103 1278-(Lima-Callao) 1346-(Lima-Callao) 1503 1504 1506 1513 1514 1518 1604 1611 1615 1618 1704 1901-(Lima-Callao) 2303 2408 2513 2613 3205 4205 4206 4210-(Lima-Callao) 4513 7103 8104 9303-(Lima-Callao) 9605 CR04 CR17 CR45 CR46 "},{"stopId":950894,"stopName":"Universitaria","stopTypeGroup":"bus","stopLat":-12.0497365,"stopLon":-77.0772676,"routeNames":"1346-(Lima-Callao) 1618 2303 9303-(Lima-Callao) 9605 CR04 CR17 CR45 CR46 IM20 IM56"},{"stopId":736381,"stopName":"Colonial","stopTypeGroup":"bus","stopLat":-12.0497345,"stopLon":-77.0782515,"routeNames":"018p 1031 1103 1201 1278-(Lima-Callao) 1503 1504 1506 1513 1514 1518 1604 1611 1615 1618 1704 1901-(Lima-Callao) 2303 2408 2513 2613 3205 4205 4206 4210-(Lima-Callao) 4908-(Lima-Callao) 7103 8104 9303-(Lima-Callao) CR17 ICR14 IM04 IM21 IM24"},{"stopId":1049056,"stopName":"Garcilaso","stopTypeGroup":"bus","stopLat":-12.0496922,"stopLon":-77.0967113,"routeNames":"IM08 IM20 OM39"},{"stopId":816449,"stopName":"Cárcamo","stopTypeGroup":"bus","stopLat":-12.0496663,"stopLon":-77.0505738,"routeNames":"1508 2204 2510 4503 7505 8508"},{"stopId":734590,"stopName":"Ucayali","stopTypeGroup":"bus","stopLat":-12.0496243,"stopLon":-77.0277536,"routeNames":"1044 1059 1060 1103 1403 1474 1610 1804 2404-(Lima-Callao) 2407 2409 2412 2701-(Lima-Callao) 2703 3405 3511 3805 3809 3810 404 405 406 4304 4908-(Lima-Callao) 4913-(Lima-Callao) 8308 IM26 IM34b NH13 NH25 NH25a NH26b NM09"},{"stopId":1330317,"stopName":"Cárcamo","stopTypeGroup":"bus","stopLat":-12.0496191,"stopLon":-77.0502734,"routeNames":"4503 7505 8508 CR35"},{"stopId":1195033,"stopName":"Minka","stopTypeGroup":"bus","stopLat":-12.0495492,"stopLon":-77.1109426,"routeNames":"1130-(Lima-Callao) 1346-(Lima-Callao) 4901-(Lima-Callao) 4904-(Lima-Callao) 9306-(Callao-Lima) CR07 CR40 CR54 ICR02b IM11 IO09 IO66 OM09 UCL01-(Lima-Callao) UCL16"},{"stopId":1051457,"stopName":"Aurelio García y García","stopTypeGroup":"bus","stopLat":-12.0494797,"stopLon":-77.0739004,"routeNames":"1346-(Lima-Callao) 1618 2303 9303-(Lima-Callao) 9605 CR04 CR45 CR46 IM20 IM56"},{"stopId":1195004,"stopName":"Minka","stopTypeGroup":"bus","stopLat":-12.0494652,"stopLon":-77.1108609,"routeNames":"1130-(Lima-Callao) 1346-(Lima-Callao) 9306-(Callao-Lima) CR07 CR40 ICR02b IO09 IO66 OM09 UCL01-(Lima-Callao) UCL16"},{"stopId":950896,"stopName":"Colonial","stopTypeGroup":"bus","stopLat":-12.0494156,"stopLon":-77.0713185,"routeNames":"1346-(Lima-Callao) 2303 9303-(Lima-Callao) IM56"},{"stopId":816492,"stopName":"Zorritos","stopTypeGroup":"bus","stopLat":-12.0494145,"stopLon":-77.0505148,"routeNames":"1508 2204 2510"},{"stopId":1195034,"stopName":"El Sol","stopTypeGroup":"bus","stopLat":-12.0494024,"stopLon":-77.1093225,"routeNames":"1130-(Lima-Callao) 4901-(Lima-Callao) 4904-(Lima-Callao) 9306-(Callao-Lima) CR07 CR40 CR54 ICR02b IM11 IO09 IO66 OM09 UCL01-(Lima-Callao)"},{"stopId":950895,"stopName":"Víctor Sarría","stopTypeGroup":"bus","stopLat":-12.04935002361268,"stopLon":-77.07147942209014,"routeNames":"1346-(Lima-Callao) 1618 2303 9303-(Lima-Callao) 9605 CR04 CR17 CR45 CR46 IM20 IM56"},{"stopId":1195003,"stopName":"El Sol","stopTypeGroup":"bus","stopLat":-12.0493183,"stopLon":-77.1091335,"routeNames":"1130-(Lima-Callao) 4902-(Lima-Callao) 9306-(Callao-Lima) CR07 CR09 CR40 ICR02b IO09 IO52 IO66 OM09 UCL01-(Lima-Callao)"},{"stopId":1944020,"stopName":"Playa Abtao","stopTypeGroup":"bus","stopLat":-12.0492712693242,"stopLon":-77.09114840623444,"routeNames":"9605"},{"stopId":816448,"stopName":"Zorritos","stopTypeGroup":"bus","stopLat":-12.0492545,"stopLon":-77.0537898,"routeNames":"1508 2204 2510 4503 7505 8508 CR17 CR62 IM47 IO35b IO38b IO45 IPC06"},{"stopId":1335273,"stopName":"Argentina","stopTypeGroup":"bus","stopLat":-12.0492414,"stopLon":-77.109274,"routeNames":"CR09 IO52"},{"stopId":815592,"stopName":"Jirón de la Unión","stopTypeGroup":"bus","stopLat":-12.0492178,"stopLon":-77.0328712,"routeNames":"A C L"},{"stopId":1305128,"stopName":"Argentina","stopTypeGroup":"bus","stopLat":-12.0492151,"stopLon":-77.1063316,"routeNames":"4902-(Lima-Callao) 9306-(Callao-Lima) CR09 IO09 IO52"},{"stopId":1051456,"stopName":"Leonardo Arrieta","stopTypeGroup":"bus","stopLat":-12.0492098,"stopLon":-77.0712471,"routeNames":"1618 9605 CR04 CR17 CR45 CR46 IM20"},{"stopId":1992741,"stopName":"Omicron","stopTypeGroup":"bus","stopLat":-12.049186280375388,"stopLon":-77.08719134330751},{"stopId":1195035,"stopName":"Fundición","stopTypeGroup":"bus","stopLat":-12.0491595,"stopLon":-77.1065536,"routeNames":"1130-(Lima-Callao) 9306-(Callao-Lima) CR07 CR09 CR40 ICR02b IO09 IO52 OM09 UCL01-(Lima-Callao)"},{"stopId":1195002,"stopName":"Fundición","stopTypeGroup":"bus","stopLat":-12.0490545,"stopLon":-77.1062567,"routeNames":"1130-(Lima-Callao) CR07 CR40 ICR02b IO66 OM09 UCL01-(Lima-Callao)"},{"stopId":1044570,"stopName":"Tingo Maria","stopTypeGroup":"bus","stopLat":-12.0490429,"stopLon":-77.053597,"routeNames":"1508 2204 2510 4503 7505 8508 CR35"},{"stopId":1992739,"stopName":"Enrique Meiggs","stopTypeGroup":"bus","stopLat":-12.049042008922873,"stopLon":-77.08765268325806},{"stopId":1308086,"stopName":"Puerto 2 - Minka","stopTypeGroup":"bus","stopLat":-12.0489266,"stopLon":-77.1117175,"routeNames":"4901-(Lima-Callao) 4904-(Lima-Callao) CR54 ICR05 IM11"},{"stopId":1051462,"stopName":"Luis Braille","stopTypeGroup":"bus","stopLat":-12.0489135,"stopLon":-77.0674751,"routeNames":"1618 9605 CR04 CR17 CR45 CR46 IM20"},{"stopId":1051452,"stopName":"Tacna","stopTypeGroup":"bus","stopLat":-12.0488596,"stopLon":-77.0388298,"routeNames":"9605"},{"stopId":1408289,"stopName":"Zorritos","stopTypeGroup":"bus","stopLat":-12.04884,"stopLon":-77.0538595,"routeNames":"CR17 CR62 IM47 IO35b IO38b IO45 IPC06"},{"stopId":1309591,"stopName":"Condominio Parque Central","stopTypeGroup":"bus","stopLat":-12.0488269,"stopLon":-77.0481062,"routeNames":"2204 4503 7505 8508"},{"stopId":1479510,"stopName":"Gaspar Hernández","stopTypeGroup":"bus","stopLat":-12.0487705,"stopLon":-77.0570813},{"stopId":1051455,"stopName":"Luis Braille","stopTypeGroup":"bus","stopLat":-12.0486812,"stopLon":-77.067187,"routeNames":"1618 9605 CR04 CR17 CR45 CR46"},{"stopId":816458,"stopName":"Garcilaso","stopTypeGroup":"bus","stopLat":-12.0486708,"stopLon":-77.0392911,"routeNames":"9605"},{"stopId":1051460,"stopName":"Nicolás Dueñas","stopTypeGroup":"bus","stopLat":-12.0486566,"stopLon":-77.065009,"routeNames":"1618 9605 CR04 CR17 CR45 CR46 IM20"},{"stopId":1589399,"stopName":"Argentina","stopTypeGroup":"bus","stopLat":-12.0486459,"stopLon":-77.1038505,"routeNames":"IO66"},{"stopId":815588,"stopName":"Jirón de la Unión","stopTypeGroup":"bus","stopLat":-12.0486118,"stopLon":-77.0338422,"routeNames":"A C EX10 L"},{"stopId":761236,"stopName":"Argentina","stopTypeGroup":"bus","stopLat":-12.0485646,"stopLon":-77.098285,"routeNames":"1491 1501-(Lima-Callao) 2511-(Lima-Callao) 3203-(Lima-Callao) CR09 CR13 CR14 CR15 CR16 CR17 CR19 CR27 CR32 CR34 CR42 CR49 CR51 CR53 CR62 CR65 CR69 CR71 CR75 CR84 ICR05 IM08 IM18 IM20 IM26 IM31 IM47 IO03 IO06 IO07 IO09 IO14-(Lima-Callao) IO37b"},{"stopId":1009302,"stopName":"Nicolás Dueñas","stopTypeGroup":"bus","stopLat":-12.0485329,"stopLon":-77.0647568,"routeNames":"1618 7204 8201 8214 9605 CR04 CR17 CR45 CR46 CR62 IM06 IM20 IM47 IO28b IO30b IO35b IO38b IO45 IPC06 OM21"},{"stopId":732404,"stopName":"Nicolás de Piérola","stopTypeGroup":"bus","stopLat":-12.0485043,"stopLon":-77.0391181,"routeNames":"303 336 412"},{"stopId":1195036,"stopName":"Faucett","stopTypeGroup":"bus","stopLat":-12.0484689,"stopLon":-77.0986484,"routeNames":"1130-(Lima-Callao) CR07 CR40 CR41 ICR02b OM09 UCL01-(Lima-Callao)"},{"stopId":1009314,"stopName":"Colonial","stopTypeGroup":"bus","stopLat":-12.0484252,"stopLon":-77.0649533,"routeNames":"7204 8201 8214 CR62 IM06 IM47 IO28b IO30b IO35b IO38b IO45 IPC06 OM21"},{"stopId":1009316,"stopName":"Manuel Tellería","stopTypeGroup":"bus","stopLat":-12.0483807,"stopLon":-77.0621718,"routeNames":"1618 7204 8201 8214 9605 CR04 CR17 CR45 CR46 CR62 IM06 IM20 IM47 IO28b IO30b IO35b IO38b IO45 IPC06 OM21"},{"stopId":1303575,"stopName":"Elmer Faucett","stopTypeGroup":"bus","stopLat":-12.0483548,"stopLon":-77.098183,"routeNames":"1130-(Lima-Callao) CR07 CR10 CR35 CR40 CR41 CR56 CR61 ICR02b IM19 OM09"},{"stopId":1009301,"stopName":"Galeano y Mendoza","stopTypeGroup":"bus","stopLat":-12.0482851,"stopLon":-77.062253,"routeNames":"1618 7204 8201 8214 9605 CR04 CR17 CR45 CR46 CR62 IM06 IM20 IM47 IO28b IO30b IO35b IO38b IO45 IPC06 OM21"},{"stopId":761284,"stopName":"Argentina","stopTypeGroup":"bus","stopLat":-12.0482577,"stopLon":-77.0984834,"routeNames":"1491 1501-(Lima-Callao) 2511-(Lima-Callao) 3203-(Lima-Callao) 4902-(Lima-Callao) CR10 CR13 CR14 CR15 CR16 CR17 CR19 CR27 CR32 CR34 CR35 CR41 CR42 CR49 CR51 CR53 CR56 CR61 CR62 CR65 CR69 CR71 CR75 CR84 ICR05 IM08 IM18 IM19 IM20 IM26 IM31 IM47 "},{"stopId":1009300,"stopName":"Colonial","stopTypeGroup":"bus","stopLat":-12.0482247,"stopLon":-77.0593106,"routeNames":"1618 7204 IM06 IO28b IO30b OM21"},{"stopId":1303570,"stopName":"Ascope","stopTypeGroup":"bus","stopLat":-12.0481134,"stopLon":-77.0453596,"routeNames":"4507 5401 CR35 CR41 CR56 CR61 IM19 IM20 NH108"},{"stopId":1009317,"stopName":"Naciones Unidas","stopTypeGroup":"bus","stopLat":-12.048104,"stopLon":-77.0595537,"routeNames":"1618 7204 8201 8214 9605 CR04 CR17 CR45 CR46 CR62 IM06 IM20 IM47 IO28b IO30b IO35b IO38b IO45 IPC06 OM21"},{"stopId":1019081,"stopName":"Naciones Unidas","stopTypeGroup":"bus","stopLat":-12.0479936,"stopLon":-77.0592336,"routeNames":"8201 8214 9605 CR04 CR17 CR45 CR46 CR62 IM20 IM47 IO35b IO38b IO45 IPC06"},{"stopId":734580,"stopName":"Junín","stopTypeGroup":"bus","stopLat":-12.0478616,"stopLon":-77.0266485,"routeNames":"1044 1059 1060 1103 1403 1474 1610 1804 2404-(Lima-Callao) 2407 2409 2412 2701-(Lima-Callao) 2703 3405 3511 3805 3809 3810 404 405 406 4304 4908-(Lima-Callao) 4913-(Lima-Callao) 8308 IM26 IM34b NH13 NH25 NH25a NH26b NM09"},{"stopId":1017558,"stopName":"Áncash","stopTypeGroup":"bus","stopLat":-12.0478579,"stopLon":-77.0197578,"routeNames":"1046 1055 1602 1607 1608 1703-(Lima-Callao) 2603 2604 2607 2608 2609 2611 2702 2803 3603 3607 3610 3613 4623 CR12 CR43 OM34"},{"stopId":1303557,"stopName":"Jorge Chávez","stopTypeGroup":"bus","stopLat":-12.0478406,"stopLon":-77.0913541,"routeNames":"1130-(Lima-Callao) CR07 CR09 CR10 CR35 CR40 CR41 CR56 CR61 ICR02b IM19 OM09"},{"stopId":1019543,"stopName":"Ecuador","stopTypeGroup":"bus","stopLat":-12.0477675,"stopLon":-77.0561417,"routeNames":"8201 8214 9605 CR04 CR17 CR45 CR46 CR62 IM20 IM47 IO35b IO38b IO45 IPC06"},{"stopId":1019080,"stopName":"Gaspar Hernández","stopTypeGroup":"bus","stopLat":-12.0477422,"stopLon":-77.0569201,"routeNames":"8201 8214 9605 CR04 CR17 CR45 CR46 CR62 IM20 IM47 IO35b IO38b IO45 IPC06"},{"stopId":1303567,"stopName":"Cornelio Borda","stopTypeGroup":"bus","stopLat":-12.0477173,"stopLon":-77.044107,"routeNames":"8508 CR35 CR41 CR56 CR61 IM19 IM20"},{"stopId":1303574,"stopName":"Jorge Chávez","stopTypeGroup":"bus","stopLat":-12.0477042,"stopLon":-77.0909679,"routeNames":"1130-(Lima-Callao) CR07 CR10 CR35 CR40 CR41 CR56 CR61 ICR02b IM19 OM09"},{"stopId":1408290,"stopName":"Óscar Raimundo Benavides","stopTypeGroup":"bus","stopLat":-12.0476334,"stopLon":-77.0538703,"routeNames":"CR17 CR62 IM47 IO35b IO38b IO45 IPC06"},{"stopId":1303551,"stopName":"Alfredo Villa Calderón","stopTypeGroup":"bus","stopLat":-12.0475678,"stopLon":-77.0877171,"routeNames":"1130-(Lima-Callao) CR07 CR09 CR10 CR35 CR40 CR41 CR56 CR61 ICR02b IM19 OM09"},{"stopId":1019544,"stopName":"Tingo María","stopTypeGroup":"bus","stopLat":-12.0475666,"stopLon":-77.0542129,"routeNames":"8201 8214 9605 CR04 CR17 CR45 CR46 CR62 IM20 IM47 IO35b IO38b IO45 IPC06"},{"stopId":1051453,"stopName":"Cañete","stopTypeGroup":"bus","stopLat":-12.0475479,"stopLon":-77.0407963,"routeNames":"9605"},{"stopId":1055422,"stopName":"Áncash","stopTypeGroup":"bus","stopLat":-12.0475168,"stopLon":-77.0217228,"routeNames":"1046 1055 1602 1607 1608 1703-(Lima-Callao) 2603 2604 2607 2608 2609 2611 2702 2803 3603 3607 3610 3613 4623 CR12 CR43 OM34"},{"stopId":816457,"stopName":"Cañete","stopTypeGroup":"bus","stopLat":-12.0474852,"stopLon":-77.0411311,"routeNames":"9605"},{"stopId":732435,"stopName":"Moquegua","stopTypeGroup":"bus","stopLat":-12.0474524,"stopLon":-77.0381767,"routeNames":"303 336 412"},{"stopId":1019079,"stopName":"Tingo María","stopTypeGroup":"bus","stopLat":-12.0474168,"stopLon":-77.0537097,"routeNames":"8201 8214 9605 CR04 CR45 CR46 IM20"},{"stopId":1303552,"stopName":"Alfredo Villa Calderón","stopTypeGroup":"bus","stopLat":-12.047337,"stopLon":-77.0871592,"routeNames":"1130-(Lima-Callao) CR07 CR09 CR10 CR35 CR40 CR41 CR56 CR61 ICR02b IM19 OM09"},{"stopId":816450,"stopName":"Colonial","stopTypeGroup":"bus","stopLat":-12.0473317,"stopLon":-77.0506221,"routeNames":"1508 2510"},{"stopId":1019545,"stopName":"Ramón Cárcamo","stopTypeGroup":"bus","stopLat":-12.0472516,"stopLon":-77.0509431,"routeNames":"8201 8214 9605 CR04 CR45 CR46 IM20"},{"stopId":735416,"stopName":"Moquegua","stopTypeGroup":"bus","stopLat":-12.0472176,"stopLon":-77.038229,"routeNames":"301 305 412"},{"stopId":1308087,"stopName":"Del Faro","stopTypeGroup":"bus","stopLat":-12.0472058,"stopLon":-77.1118462,"routeNames":"4901-(Lima-Callao) 4904-(Lima-Callao) CR54 ICR05 IM11"},{"stopId":1303558,"stopName":"Goodyear","stopTypeGroup":"bus","stopLat":-12.0471361,"stopLon":-77.0834034,"routeNames":"1130-(Lima-Callao) CR07 CR09 CR10 CR35 CR40 CR41 CR56 CR61 ICR02b IM19 OM09"},{"stopId":1308100,"stopName":"Principal","stopTypeGroup":"bus","stopLat":-12.0471035,"stopLon":-77.1117818,"routeNames":"4901-(Lima-Callao) 4904-(Lima-Callao) 9802-(Lima-Callao) CR54 IM11 IO52"},{"stopId":1019078,"stopName":"Ramón Cárcamo","stopTypeGroup":"bus","stopLat":-12.0470818,"stopLon":-77.0504269,"routeNames":"8201 8214 9605 CR04 CR35 CR41 CR45 CR46 CR56 CR61 IM19 IM20 IO55"},{"stopId":1308099,"stopName":"Enrique Meiggs","stopTypeGroup":"bus","stopLat":-12.0470537,"stopLon":-77.1094644,"routeNames":"4901-(Lima-Callao) 4902-(Lima-Callao) 4904-(Lima-Callao) CR09 CR54 IM11 IO52 IO66"},{"stopId":1303560,"stopName":"Goodyear","stopTypeGroup":"bus","stopLat":-12.0470117,"stopLon":-77.0834363,"routeNames":"1130-(Lima-Callao) CR07 CR09 CR10 CR35 CR40 CR41 CR56 CR61 ICR02b IM19 OM09"},{"stopId":816491,"stopName":"Colonial","stopTypeGroup":"bus","stopLat":-12.0469802,"stopLon":-77.0507348,"routeNames":"1508 2204 2510 CR35 CR56 IO55"},{"stopId":1589400,"stopName":"Planta","stopTypeGroup":"bus","stopLat":-12.0469592,"stopLon":-77.1040919,"routeNames":"IO66"},{"stopId":1309592,"stopName":"Yompián","stopTypeGroup":"bus","stopLat":-12.0469278,"stopLon":-77.0467275,"routeNames":"2204 4503"},{"stopId":1019075,"stopName":"Plaza 2 de Mayo","stopTypeGroup":"bus","stopLat":-12.046922,"stopLon":-77.0425597,"routeNames":"1404 1505 1612 1701 1702 1706 2204 2406 2411 2511-(Lima-Callao) 3505 3906-(Lima-Callao) 4204 4502 4504 8201 8214 8306 8503 8523 9306-(Callao-Lima) 9405-(Lima-Callao) 9601-(Lima-Callao) 9602-(Lima-Callao) 9801-(Lima-Callao) 9802-(Lima-"},{"stopId":1019546,"stopName":"Yompián ","stopTypeGroup":"bus","stopLat":-12.0468412,"stopLon":-77.0470107,"routeNames":"8201 8214 9605 CR04 CR35 CR45 CR46 CR56 IM20 IO55"},{"stopId":1303571,"stopName":"Oscar Raimundo Benavides","stopTypeGroup":"bus","stopLat":-12.0468281,"stopLon":-77.0454669,"routeNames":"4507 5401 7505 CR35 CR41 CR56 CR61 IM19 IM20 NH108"},{"stopId":737406,"stopName":"Argentina","stopTypeGroup":"bus","stopLat":-12.0467074,"stopLon":-77.07672,"routeNames":"018p 1031 1103 1201 1278-(Lima-Callao) 1503 1504 1506 1513 1514 1518 1604 1611 1615 1618 1704 1901-(Lima-Callao) 2303 2408 2513 2613 3205 4205 4206 4210-(Lima-Callao) 4908-(Lima-Callao) 7103 8104 9303-(Lima-Callao) CR17 ICR14 IM04 IM21 IM24"},{"stopId":1019077,"stopName":"Yompián","stopTypeGroup":"bus","stopLat":-12.0466972,"stopLon":-77.0465943,"routeNames":"8201 8214 9605 CR04 CR35 CR41 CR45 CR46 CR56 CR61 IM19 IM20 IO55"},{"stopId":1051454,"stopName":"Plaza 2 de Mayo","stopTypeGroup":"bus","stopLat":-12.0466538,"stopLon":-77.0422522,"routeNames":"9605"},{"stopId":815593,"stopName":"Tacna","stopTypeGroup":"bus","stopLat":-12.0466418,"stopLon":-77.0370904,"routeNames":"A C"},{"stopId":1303554,"stopName":"Universitaria","stopTypeGroup":"bus","stopLat":-12.0465868,"stopLon":-77.0769775,"routeNames":"1130-(Lima-Callao) CR07 CR09 CR10 CR35 CR40 CR41 CR56 CR61 ICR02b IM19 OM09"},{"stopId":1330315,"stopName":"Yompián","stopTypeGroup":"bus","stopLat":-12.0465868,"stopLon":-77.0467973,"routeNames":"4503 7505"},{"stopId":1019547,"stopName":"Plaza 2 de Mayo","stopTypeGroup":"bus","stopLat":-12.0465144,"stopLon":-77.0434624,"routeNames":"4507 5401 8201 8214 9605 CR04 CR45 CR46 CR56 IM20 IO55 NH108"},{"stopId":734589,"stopName":"Áncash","stopTypeGroup":"bus","stopLat":-12.0464867,"stopLon":-77.0261001,"routeNames":"1044 1059 1060 1103 1403 1474 1610 1804 2404-(Lima-Callao) 2407 2409 2412 2701-(Lima-Callao) 2703 3405 3511 3805 3809 3810 404 405 406 4304 4908-(Lima-Callao) 4913-(Lima-Callao) 8308 IM26 IM34b NH13 NH25 NH25a NH26b NM09"},{"stopId":735464,"stopName":"Emancipación","stopTypeGroup":"bus","stopLat":-12.0464451,"stopLon":-77.037482,"routeNames":"301 305"},{"stopId":1009310,"stopName":"Universitaria","stopTypeGroup":"bus","stopLat":-12.0464302,"stopLon":-77.0765006,"routeNames":"1130-(Lima-Callao) CR07 CR09 CR10 CR35 CR40 CR41 CR56 CR61 ICR02b IM19 OM09"},{"stopId":816407,"stopName":"2 de Mayo","stopTypeGroup":"bus","stopLat":-12.04639,"stopLon":-77.0427552,"routeNames":"B D SXN"},{"stopId":736380,"stopName":"Argentina","stopTypeGroup":"bus","stopLat":-12.0463349,"stopLon":-77.0767736,"routeNames":"018p 1031 1103 1201 1278-(Lima-Callao) 1503 1504 1506 1513 1514 1518 1604 1611 1615 1618 1704 1901-(Lima-Callao) 2303 2408 2513 2613 3205 4205 4206 4210-(Lima-Callao) 4908-(Lima-Callao) 7103 8104 9303-(Lima-Callao) CR17 ICR14 IM04 IM21 IM24"},{"stopId":1009311,"stopName":"Leonardo Arrieta","stopTypeGroup":"bus","stopLat":-12.046193,"stopLon":-77.0726378,"routeNames":"1130-(Lima-Callao) CR07 CR09 CR10 CR35 CR40 CR41 CR56 CR61 ICR02b IM19 OM09"},{"stopId":1301519,"stopName":"El Sol","stopTypeGroup":"bus","stopLat":-12.0461775,"stopLon":-77.1095502,"routeNames":"4902-(Lima-Callao) 9802-(Lima-Callao) CR09 IO66"},{"stopId":1009309,"stopName":"Leonardo Arrieta","stopTypeGroup":"bus","stopLat":-12.0461627,"stopLon":-77.0733356,"routeNames":"1130-(Lima-Callao) CR07 CR09 CR10 CR35 CR40 CR41 CR56 CR61 ICR02b IM19 OM09"},{"stopId":815587,"stopName":"Tacna","stopTypeGroup":"bus","stopLat":-12.0461093,"stopLon":-77.0379648,"routeNames":"A C EX10"},{"stopId":1009303,"stopName":"Argentina","stopTypeGroup":"bus","stopLat":-12.0460316,"stopLon":-77.0651225,"routeNames":"7204 8201 8214 CR62 IM06 IM47 IO28b IO30b IO35b IO38b IO45 IPC06 OM21"},{"stopId":1009312,"stopName":"Comercial del Acero","stopTypeGroup":"bus","stopLat":-12.0458624,"stopLon":-77.0687218,"routeNames":"1130-(Lima-Callao) CR07 CR09 CR10 CR35 CR40 CR41 CR56 CR61 ICR02b IM19 OM09"},{"stopId":816455,"stopName":"Plaza 2 de Mayo","stopTypeGroup":"bus","stopLat":-12.0458359,"stopLon":-77.0429959,"routeNames":"1404 1505 1612 1701 1702 1706 2204 2406 2411 2511-(Lima-Callao) 3505 3906-(Lima-Callao) 4204 4502 4504 8306 8503 9306-(Callao-Lima) 9405-(Lima-Callao) 9601-(Lima-Callao) 9602-(Lima-Callao) 9801-(Lima-Callao) 9802-(Lima-Callao) CR09 CR"},{"stopId":1009307,"stopName":"Comercial del Acero","stopTypeGroup":"bus","stopLat":-12.045743,"stopLon":-77.0684218,"routeNames":"1130-(Lima-Callao) CR07 CR09 CR10 CR35 CR40 CR41 CR56 CR61 ICR02b IM19 OM09"},{"stopId":1194385,"stopName":"Piura","stopTypeGroup":"bus","stopLat":-12.0457336,"stopLon":-77.1096337,"routeNames":"1502-(Lima-Callao) 4902-(Lima-Callao) 9303-(Lima-Callao) 9503-(Lima-Callao) 9802-(Lima-Callao) CR09 CR10 IO35b OM25 OM47-(Callao-Lima) UCL02-(Lima-Callao) UCL03-(Lima-Callao) UCL04-(Lima-Callao)"},{"stopId":1194322,"stopName":"Aeropuerto","stopTypeGroup":"bus","stopLat":-12.045647,"stopLon":-77.107037,"routeNames":"1502-(Lima-Callao) 9303-(Lima-Callao) 9503-(Lima-Callao) CR10 IO35b OM25 OM47-(Callao-Lima) UCL02-(Lima-Callao) UCL03-(Lima-Callao) UCL04-(Lima-Callao)"},{"stopId":1009313,"stopName":"Nicolás Dueñas","stopTypeGroup":"bus","stopLat":-12.0455791,"stopLon":-77.0658304,"routeNames":"1130-(Lima-Callao) CR07 CR09 CR10 CR35 CR40 CR41 CR56 CR61 ICR02b IM19 OM09"},{"stopId":1194386,"stopName":"Aeropuerto","stopTypeGroup":"bus","stopLat":-12.0455631,"stopLon":-77.107496,"routeNames":"1502-(Lima-Callao) 4902-(Lima-Callao) 9303-(Lima-Callao) 9503-(Lima-Callao) 9802-(Lima-Callao) CR09 CR10 IO35b IO66 OM25 OM47-(Callao-Lima) UCL02-(Lima-Callao) UCL03-(Lima-Callao) UCL04-(Lima-Callao)"},{"stopId":1464269,"stopName":"Tacna","stopTypeGroup":"bus","stopLat":-12.0455034,"stopLon":-77.1051005,"routeNames":"1502-(Lima-Callao) 4902-(Lima-Callao) 9303-(Lima-Callao) 9503-(Lima-Callao) CR10 IO35b OM25 OM47-(Callao-Lima) UCL02-(Lima-Callao) UCL03-(Lima-Callao) UCL04-(Lima-Callao)"},{"stopId":761237,"stopName":"Gambetta Baja","stopTypeGroup":"bus","stopLat":-12.0454168,"stopLon":-77.0985961,"routeNames":"1491 1501-(Lima-Callao) 2511-(Lima-Callao) 3203-(Lima-Callao) CR10 CR13 CR14 CR15 CR16 CR17 CR19 CR27 CR32 CR34 CR35 CR41 CR42 CR49 CR51 CR53 CR56 CR61 CR62 CR65 CR69 CR71 CR75 CR84 ICR05 IM08 IM18 IM19 IM20 IM26 IM31 IM47 IO03 IO06 IO07 IO09 I"},{"stopId":1303572,"stopName":"Nicolás Dueñas","stopTypeGroup":"bus","stopLat":-12.0453854,"stopLon":-77.0645857,"routeNames":"1130-(Lima-Callao) 1508 CR07 CR09 CR10 CR35 CR40 CR41 CR56 CR61 ICR02b IM19 IM22 IO55 OM09"},{"stopId":1017559,"stopName":"Amazonas","stopTypeGroup":"bus","stopLat":-12.0453344,"stopLon":-77.0195814,"routeNames":"1046 1055 1602 1607 1608 1703-(Lima-Callao) 2603 2604 2607 2608 2609 2611 2702 2803 3603 3607 3610 3613 4623 CR12 CR43 OM34"},{"stopId":1464268,"stopName":"Tumbes","stopTypeGroup":"bus","stopLat":-12.0453329,"stopLon":-77.1019864,"routeNames":"1502-(Lima-Callao) 4902-(Lima-Callao) 9303-(Lima-Callao) 9503-(Lima-Callao) CR10 IO35b OM25 OM47-(Callao-Lima) UCL02-(Lima-Callao) UCL03-(Lima-Callao) UCL04-(Lima-Callao)"},{"stopId":732403,"stopName":"Huancavelica","stopTypeGroup":"bus","stopLat":-12.0453119,"stopLon":-77.0369321,"routeNames":"303 336"},{"stopId":1589401,"stopName":"La Chalaca","stopTypeGroup":"bus","stopLat":-12.0452699,"stopLon":-77.10388,"routeNames":"IO66"},{"stopId":1335285,"stopName":"Guillermo Dansey","stopTypeGroup":"bus","stopLat":-12.0452542,"stopLon":-77.0441687,"routeNames":"CR09"},{"stopId":1194392,"stopName":"Faucett","stopTypeGroup":"bus","stopLat":-12.0452541,"stopLon":-77.0988752,"routeNames":"1502-(Lima-Callao) 4902-(Lima-Callao) 9303-(Lima-Callao) 9503-(Lima-Callao) CR10 IO35b OM25 OM47-(Callao-Lima) UCL02-(Lima-Callao) UCL03-(Lima-Callao) UCL04-(Lima-Callao)"},{"stopId":2058663,"stopName":"Facuett","stopTypeGroup":"bus","stopLat":-12.045222721912697,"stopLon":-77.09853440523149},{"stopId":1457525,"stopName":"Cañete","stopTypeGroup":"bus","stopLat":-12.0452201,"stopLon":-77.0392871},{"stopId":1768101,"stopName":"Puente Huánuco","stopTypeGroup":"bus","stopLat":-12.0451655,"stopLon":-77.0197905,"routeNames":"1804 2404-(Lima-Callao) 2407 4908-(Lima-Callao) IM34b"},{"stopId":966012,"stopName":"Amazonas","stopTypeGroup":"bus","stopLat":-12.0451146,"stopLon":-77.025186,"routeNames":"1044 1059 1060 1103 1403 1474 1610 1804 2404-(Lima-Callao) 2407 2409 2412 2701-(Lima-Callao) 2703 3405 3511 3805 3809 3810 4304 4908-(Lima-Callao) 4913-(Lima-Callao) 8308 IM26 IM34b NH13 NH25 NH26b NM09"},{"stopId":761283,"stopName":"Gambetta Baja","stopTypeGroup":"bus","stopLat":-12.0451073,"stopLon":-77.098757,"routeNames":"1491 1501-(Lima-Callao) 1502-(Lima-Callao) 2511-(Lima-Callao) 3203-(Lima-Callao) 9303-(Lima-Callao) 9503-(Lima-Callao) CR13 CR14 CR15 CR16 CR17 CR19 CR27 CR32 CR34 CR35 CR41 CR42 CR49 CR51 CR53 CR56 CR61 CR62 CR65 CR69 CR71 CR75 CR84 ICR0"},{"stopId":1303555,"stopName":"Ricardo Herrera","stopTypeGroup":"bus","stopLat":-12.0450916,"stopLon":-77.0601439,"routeNames":"1130-(Lima-Callao) 1508 CR07 CR09 CR10 CR35 CR40 CR41 CR56 CR61 ICR02b IM19 IM22 IO55 OM09"},{"stopId":1303556,"stopName":"Ricardo Herrera","stopTypeGroup":"bus","stopLat":-12.0449342,"stopLon":-77.0598221,"routeNames":"1130-(Lima-Callao) 1508 CR07 CR09 CR10 CR35 CR40 CR41 CR56 CR61 ICR02b IM19 IM22 IO55 OM09"},{"stopId":1457523,"stopName":"Chancay","stopTypeGroup":"bus","stopLat":-12.0449001,"stopLon":-77.0378092},{"stopId":1019538,"stopName":"Argentina","stopTypeGroup":"bus","stopLat":-12.0448582,"stopLon":-77.0653318,"routeNames":"1508 7204 8201 8214 CR62 IM06 IM22 IM47 IO28b IO30b IO35b IO38b IO45 IO55 IPC06 OM21"},{"stopId":1303562,"stopName":"República de Ecuador","stopTypeGroup":"bus","stopLat":-12.0447243,"stopLon":-77.0563245,"routeNames":"1130-(Lima-Callao) 1508 CR07 CR09 CR10 CR35 CR40 CR41 CR56 CR61 ICR02b IM19 IM22 IO55 OM09"},{"stopId":1303563,"stopName":"República de Ecuador","stopTypeGroup":"bus","stopLat":-12.0446141,"stopLon":-77.0563298,"routeNames":"1130-(Lima-Callao) 1508 CR07 CR09 CR10 CR35 CR40 CR41 CR56 CR61 ICR02b IM19 IM22 IO55 OM09"},{"stopId":1768100,"stopName":"Puente Balta","stopTypeGroup":"bus","stopLat":-12.0446011,"stopLon":-77.0232,"routeNames":"1804 2404-(Lima-Callao) 2407 4908-(Lima-Callao) IM34b"},{"stopId":732436,"stopName":"Ica","stopTypeGroup":"bus","stopLat":-12.0445984,"stopLon":-77.0361999,"routeNames":"303 336 412"},{"stopId":816451,"stopName":"Argentina","stopTypeGroup":"bus","stopLat":-12.0445355,"stopLon":-77.0508957,"routeNames":"1508 2510 CR35 CR41 CR56 CR61 IM19 IO55"},{"stopId":1301205,"stopName":"Avenida Argentina","stopTypeGroup":"bus","stopLat":-12.0444095,"stopLon":-77.0561957,"routeNames":"9503-(Lima-Callao) 9802-(Lima-Callao) IM12-(Lima-Callao)"},{"stopId":1323496,"stopName":"Ramón Cárcamo","stopTypeGroup":"bus","stopLat":-12.0443492,"stopLon":-77.0510539,"routeNames":"1130-(Lima-Callao) 1508 9503-(Lima-Callao) 9802-(Lima-Callao) CR07 CR09 CR10 CR35 CR40 CR41 CR56 CR61 ICR02b IM12-(Lima-Callao) IM19 IM22 IO55 OM09"},{"stopId":732463,"stopName":"Ica","stopTypeGroup":"bus","stopLat":-12.0443413,"stopLon":-77.0362428,"routeNames":"301 305 412"},{"stopId":1194383,"stopName":"Minka","stopTypeGroup":"bus","stopLat":-12.0443197,"stopLon":-77.1096069,"routeNames":"1502-(Lima-Callao) 4902-(Lima-Callao) 9303-(Lima-Callao) 9503-(Lima-Callao) CR09 CR10 IO35b OM25 OM47-(Callao-Lima) UCL02-(Lima-Callao) UCL03-(Lima-Callao) UCL04-(Lima-Callao)"},{"stopId":1597099,"stopName":"Aeropuerto","stopTypeGroup":"bus","stopLat":-12.0442207,"stopLon":-77.107273},{"stopId":740925,"stopName":"Desamparados","stopTypeGroup":"rail","stopLat":-12.0441944,"stopLon":-77.0283169,"routeNames":"Lima-Huancayo"},{"stopId":1194326,"stopName":"Minka","stopTypeGroup":"bus","stopLat":-12.0441722,"stopLon":-77.1095257,"routeNames":"1502-(Lima-Callao) 4902-(Lima-Callao) 9303-(Lima-Callao) 9503-(Lima-Callao) CR09 CR10 IO35b OM25 OM47-(Callao-Lima) UCL02-(Lima-Callao) UCL03-(Lima-Callao) UCL04-(Lima-Callao)"},{"stopId":1330199,"stopName":"Argentina","stopTypeGroup":"bus","stopLat":-12.0441708,"stopLon":-77.0470279,"routeNames":"2204 4503"},{"stopId":816452,"stopName":"Malvinas","stopTypeGroup":"bus","stopLat":-12.0440895,"stopLon":-77.047205,"routeNames":"1130-(Lima-Callao) 2510 8503 9503-(Lima-Callao) 9802-(Lima-Callao) CR07 CR09 CR10 CR40 CR41 CR61 ICR02b IM12-(Lima-Callao) IM19 IM22 OM09"},{"stopId":1034442,"stopName":"Unión","stopTypeGroup":"bus","stopLat":-12.0440302,"stopLon":-77.0428227,"routeNames":"1404 1505 1612 1701 1702 1706 2204 2406 2411 2511-(Lima-Callao) 3505 3906-(Lima-Callao) 4204 4502 4504 8306 8503 9306-(Callao-Lima) 9405-(Lima-Callao) 9503-(Lima-Callao) 9601-(Lima-Callao) 9602-(Lima-Callao) 9801-(Lima-Callao) 9802-(L"},{"stopId":815586,"stopName":"Ramón Castilla","stopTypeGroup":"bus","stopLat":-12.0439636,"stopLon":-77.041508,"routeNames":"A C EX10"},{"stopId":816490,"stopName":"Ramón Cárcamo","stopTypeGroup":"bus","stopLat":-12.0439111,"stopLon":-77.0508045,"routeNames":"1130-(Lima-Callao) 2204 2510 8503 9503-(Lima-Callao) 9802-(Lima-Callao) CR07 CR09 CR10 CR40 ICR02b IM12-(Lima-Callao) IM22 OM09"},{"stopId":816454,"stopName":"Plaza Unión","stopTypeGroup":"bus","stopLat":-12.0437538,"stopLon":-77.0437127,"routeNames":"1130-(Lima-Callao) 2204 2502 2505 2510 4502 4503 4504 7505 8503 9503-(Lima-Callao) 9802-(Lima-Callao) CR07 CR09 CR10 CR40 CR41 CR61 ICR02b IM12-(Lima-Callao) IM19 IM22 OM09"},{"stopId":1457524,"stopName":"Angaraes","stopTypeGroup":"bus","stopLat":-12.0436803,"stopLon":-77.0397967},{"stopId":735465,"stopName":"Callao","stopTypeGroup":"bus","stopLat":-12.0436331,"stopLon":-77.0355508,"routeNames":"301 305"},{"stopId":1304190,"stopName":"Argentina","stopTypeGroup":"bus","stopLat":-12.0435701,"stopLon":-77.0497155,"routeNames":"8503"},{"stopId":1194324,"stopName":"Andahuaylas","stopTypeGroup":"bus","stopLat":-12.043566,"stopLon":-77.1080135,"routeNames":"1502-(Lima-Callao) 4902-(Lima-Callao) 9303-(Lima-Callao) 9503-(Lima-Callao) 9802-(Lima-Callao) CR09 CR10 IO35b OM25 OM47-(Callao-Lima) UCL02-(Lima-Callao) UCL03-(Lima-Callao) UCL04-(Lima-Callao)"},{"stopId":1457526,"stopName":"Plaza Unión","stopTypeGroup":"bus","stopLat":-12.0434836,"stopLon":-77.0420954},{"stopId":816489,"stopName":"Malvinas","stopTypeGroup":"bus","stopLat":-12.0434757,"stopLon":-77.0469797,"routeNames":"1130-(Lima-Callao) 2204 2510 7505 8503 9503-(Lima-Callao) 9802-(Lima-Callao) CR07 CR09 CR10 CR40 ICR02b IM12-(Lima-Callao) IM22 OM09"},{"stopId":761238,"stopName":"Hospital San José","stopTypeGroup":"bus","stopLat":-12.0434704,"stopLon":-77.0987731,"routeNames":"1491 1501-(Lima-Callao) 1502-(Lima-Callao) 2511-(Lima-Callao) 3203-(Lima-Callao) 9303-(Lima-Callao) 9503-(Lima-Callao) CR13 CR14 CR15 CR16 CR17 CR19 CR27 CR32 CR34 CR35 CR41 CR42 CR49 CR51 CR53 CR56 CR61 CR65 CR69 CR71 CR75 CR84 ICR05 IM0"},{"stopId":1194381,"stopName":"Centenario","stopTypeGroup":"bus","stopLat":-12.0433887,"stopLon":-77.1131399,"routeNames":"1502-(Lima-Callao) 4902-(Lima-Callao) 9303-(Lima-Callao) 9503-(Lima-Callao) CR09 CR10 IO35b OM25 OM47-(Callao-Lima) UCL02-(Lima-Callao) UCL03-(Lima-Callao) UCL04-(Lima-Callao)"},{"stopId":1311130,"stopName":"Argentina","stopTypeGroup":"bus","stopLat":-12.0433865,"stopLon":-77.047146,"routeNames":"2502 2505 4502 4503 4504"},{"stopId":1194328,"stopName":"Milagros","stopTypeGroup":"bus","stopLat":-12.0433162,"stopLon":-77.1129049,"routeNames":"1502-(Lima-Callao) 4902-(Lima-Callao) 9303-(Lima-Callao) 9503-(Lima-Callao) CR09 CR10 IO35b OM25 OM47-(Callao-Lima) UCL02-(Lima-Callao) UCL03-(Lima-Callao) UCL04-(Lima-Callao)"},{"stopId":737543,"stopName":"Acho","stopTypeGroup":"bus","stopLat":-12.0431373,"stopLon":-77.0223624,"routeNames":"1213 1308 1411 1412 1607 1608 1703-(Lima-Callao) 1801-(Lima-Callao) 1802 1804 2404-(Lima-Callao) 2407 2414 2603 2604 2701-(Lima-Callao) 2803 2804-(Lima-Callao) 2805 4212 4905-(Lima-Callao) 4908-(Lima-Callao) 7101 8102 8105 8107 8108 810"},{"stopId":1589402,"stopName":"Junin","stopTypeGroup":"bus","stopLat":-12.0431216,"stopLon":-77.1041536,"routeNames":"IO66"},{"stopId":737705,"stopName":"Acho","stopTypeGroup":"bus","stopLat":-12.0428068,"stopLon":-77.0223677,"routeNames":"1213 1308 1411 1412 1607 1608 1703-(Lima-Callao) 1801-(Lima-Callao) 1802 1804 2404-(Lima-Callao) 2407 2414 2603 2604 2701-(Lima-Callao) 2803 2804-(Lima-Callao) 2805 4212 4905-(Lima-Callao) 4908-(Lima-Callao) 7101 8102 8105 8107 8108 810"},{"stopId":1034435,"stopName":"Unión","stopTypeGroup":"bus","stopLat":-12.0427577,"stopLon":-77.0432451,"routeNames":"1404 1505 1612 1701 1702 1706 2204 2406 2411 2510 2511-(Lima-Callao) 3505 3906-(Lima-Callao) 4204 8306 9306-(Callao-Lima) 9405-(Lima-Callao) 9601-(Lima-Callao) 9602-(Lima-Callao) 9801-(Lima-Callao) CR07 IM12-(Lima-Callao) IO19 IO27 IO"},{"stopId":1017605,"stopName":"Loreto","stopTypeGroup":"bus","stopLat":-12.0425669,"stopLon":-77.028596,"routeNames":"1103 1403 1602 1610 2409 2412 2607 2608 2609 2611 2703 3204 3505 370 3906-(Lima-Callao) 4211 8306 9306-(Callao-Lima) CR12 CR43 IM12-(Lima-Callao) IO52 NH26b OM34 SH112a"},{"stopId":734581,"stopName":"Acho","stopTypeGroup":"bus","stopLat":-12.0425366,"stopLon":-77.0223677,"routeNames":"1044 1059 1060 1474 1602 2607 2608 2609 2611 2702 3204 3405 3505 3511 370 3805 3809 3810 3906-(Lima-Callao) 404 405 406 4211 4304 4623 4913-(Lima-Callao) 8306 8308 9306-(Callao-Lima) CR12 CR43 IM12-(Lima-Callao) IM26 IO52 NH13 NH25 NH25a OM34"},{"stopId":1017607,"stopName":"Terminal Z-Buss","stopTypeGroup":"bus","stopLat":-12.0424829,"stopLon":-77.0254764,"routeNames":"1103 1403 1602 1610 2409 2412 2607 2608 2609 2611 2703 3204 3505 3906-(Lima-Callao) 4211 8306 9306-(Callao-Lima) CR12 CR43 IM12-(Lima-Callao) IO52 NH26b OM34 SH112a"},{"stopId":734588,"stopName":"Acho","stopTypeGroup":"bus","stopLat":-12.0424474,"stopLon":-77.0227325,"routeNames":"1044 1059 1060 1474 3405 3511 3805 3809 3810 404 405 406 4304 4913-(Lima-Callao) 8308 IM26 NH13 NH25 NH25a NM09 TVE46"},{"stopId":1457519,"stopName":"Huancavelica","stopTypeGroup":"bus","stopLat":-12.0424002,"stopLon":-77.0419022},{"stopId":1301193,"stopName":"Villa Señor de Los MIlagros","stopTypeGroup":"bus","stopLat":-12.04229,"stopLon":-77.0858824,"routeNames":"9303-(Lima-Callao) 9802-(Lima-Callao)"},{"stopId":1304189,"stopName":"Huancavelica","stopTypeGroup":"bus","stopLat":-12.0422323,"stopLon":-77.0485353,"routeNames":"8503"},{"stopId":1301194,"stopName":"Velasco Alvarado","stopTypeGroup":"bus","stopLat":-12.0422271,"stopLon":-77.0831573,"routeNames":"9303-(Lima-Callao) 9802-(Lima-Callao)"},{"stopId":1301175,"stopName":"Morales Duarez","stopTypeGroup":"bus","stopLat":-12.0421536,"stopLon":-77.1075976,"routeNames":"9802-(Lima-Callao) IO66"},{"stopId":1157572,"stopName":"Pataz","stopTypeGroup":"bus","stopLat":-12.0421028,"stopLon":-77.025546,"routeNames":"3204 3505 4211 4623 8306 9306-(Callao-Lima) OM34 SH112a"},{"stopId":1019086,"stopName":"Las Herrmientas","stopTypeGroup":"bus","stopLat":-12.042057,"stopLon":-77.0655468,"routeNames":"1508 7204 8201 8214 CR62 IM06 IM22 IM47 IO28b IO30b IO35b IO38b IO45 IO55 IPC06 OM21"},{"stopId":737408,"stopName":"Materiales","stopTypeGroup":"bus","stopLat":-12.0420067,"stopLon":-77.0770204,"routeNames":"018p 1031 1103 1201 1278-(Lima-Callao) 1503 1504 1506 1513 1514 1518 1604 1611 1615 1618 1704 1901-(Lima-Callao) 2303 2408 2513 2613 3205 4205 4206 4210-(Lima-Callao) 4908-(Lima-Callao) 7103 8104 9303-(Lima-Callao) CR17 ICR14 IM04 IM21 IM24"},{"stopId":1019535,"stopName":"Las Herramientas","stopTypeGroup":"bus","stopLat":-12.0419062,"stopLon":-77.0656433,"routeNames":"1508 7204 8201 8214 CR62 IM06 IM22 IM47 IO28b IO30b IO35b IO38b IO45 IO55 IPC06 OM21"},{"stopId":1301195,"stopName":"Universitaria","stopTypeGroup":"bus","stopLat":-12.0419018,"stopLon":-77.0773423,"routeNames":"9303-(Lima-Callao) 9802-(Lima-Callao)"},{"stopId":1157573,"stopName":"Chiclayo","stopTypeGroup":"bus","stopLat":-12.0418906,"stopLon":-77.0283649,"routeNames":"2409 3204 3505 4211 8306 9306-(Callao-Lima) OM34 SH112a"},{"stopId":1017560,"stopName":"Acho","stopTypeGroup":"bus","stopLat":-12.0418847,"stopLon":-77.0224478,"routeNames":"1103 1403 1602 1610 2412 2607 2608 2609 2611 2702 2703 3204 3505 370 4211 4623 8306 9306-(Callao-Lima) CR12 CR43 IM12-(Lima-Callao) NH26b OM34 SH112a"},{"stopId":1301176,"stopName":"Avenida Aeropuerto","stopTypeGroup":"bus","stopLat":-12.0418598,"stopLon":-77.1075332,"routeNames":"9802-(Lima-Callao) CR57 CR58 IO19"},{"stopId":1619510,"stopName":"Estadio Manuel C. Dulanto","stopTypeGroup":"bus","stopLat":-12.0418572,"stopLon":-77.1057683,"routeNames":"IO66"},{"stopId":1157574,"stopName":"Trujillo","stopTypeGroup":"bus","stopLat":-12.0417876,"stopLon":-77.0293764,"routeNames":"2409 3204 3505 4211 8306 9306-(Callao-Lima) OM34 SH112a"},{"stopId":1301177,"stopName":"Estadio Manuel C. Dulanto","stopTypeGroup":"bus","stopLat":-12.0417549,"stopLon":-77.1057737,"routeNames":"9802-(Lima-Callao) CR57 CR58 IO19"},{"stopId":1301230,"stopName":"Universitaria","stopTypeGroup":"bus","stopLat":-12.0416395,"stopLon":-77.0767951,"routeNames":"9503-(Lima-Callao) 9802-(Lima-Callao)"},{"stopId":1301178,"stopName":"Estadio Manuel C. Dulanto","stopTypeGroup":"bus","stopLat":-12.0416237,"stopLon":-77.1058059,"routeNames":"9802-(Lima-Callao) CR57 CR58 IO19"},{"stopId":736379,"stopName":"Materiales","stopTypeGroup":"bus","stopLat":-12.041587,"stopLon":-77.0771867,"routeNames":"018p 1031 1103 1201 1278-(Lima-Callao) 1503 1504 1506 1513 1514 1518 1604 1611 1615 1618 1704 1901-(Lima-Callao) 2303 2408 2513 2613 3205 4205 4206 4210-(Lima-Callao) 4908-(Lima-Callao) 7103 8104 9503-(Lima-Callao) CR17 ICR14 IM04 IM21 IM24"},{"stopId":737706,"stopName":"Trujillo","stopTypeGroup":"bus","stopLat":-12.0413929,"stopLon":-77.0325279,"routeNames":"1213 1308 1411 1412 1607 1608 1703-(Lima-Callao) 1801-(Lima-Callao) 1802 1804 2404-(Lima-Callao) 2407 2414 2603 2604 2701-(Lima-Callao) 2803 2804-(Lima-Callao) 2805 4212 4905-(Lima-Callao) 4908-(Lima-Callao) 7101 8102 8105 8107 8108 810"},{"stopId":1301179,"stopName":"Tumbes","stopTypeGroup":"bus","stopLat":-12.0413352,"stopLon":-77.1025336,"routeNames":"9802-(Lima-Callao) CR57 CR58 IO19"},{"stopId":1311140,"stopName":"Villamar","stopTypeGroup":"bus","stopLat":-12.0413089,"stopLon":-77.0460248,"routeNames":"2502 2505 4502 4503 4504"},{"stopId":1573275,"stopName":"Pataz","stopTypeGroup":"bus","stopLat":-12.0413037,"stopLon":-77.0257795,"routeNames":"2702"},{"stopId":1301180,"stopName":"Tumbes","stopTypeGroup":"bus","stopLat":-12.0411043,"stopLon":-77.1022654,"routeNames":"9802-(Lima-Callao) CR57 CR58 IO19"},{"stopId":761239,"stopName":"Morales Duárez","stopTypeGroup":"bus","stopLat":-12.0410204,"stopLon":-77.0989716,"routeNames":"1491 1501-(Lima-Callao) 1502-(Lima-Callao) 2511-(Lima-Callao) 3203-(Lima-Callao) 9303-(Lima-Callao) 9503-(Lima-Callao) CR13 CR14 CR15 CR16 CR17 CR19 CR27 CR32 CR34 CR35 CR41 CR42 CR49 CR51 CR53 CR56 CR61 CR62 CR65 CR69 CR71 CR75 CR84 ICR0"},{"stopId":737542,"stopName":"Trujillo","stopTypeGroup":"bus","stopLat":-12.0409968,"stopLon":-77.0340031,"routeNames":"1213 1308 1411 1412 1607 1608 1703-(Lima-Callao) 1801-(Lima-Callao) 1802 1804 2404-(Lima-Callao) 2407 2414 2603 2604 2701-(Lima-Callao) 2803 2804-(Lima-Callao) 2805 4212 4905-(Lima-Callao) 4908-(Lima-Callao) 7101 8102 8105 8107 8108 810"},{"stopId":761282,"stopName":"Primero de Mayo","stopTypeGroup":"bus","stopLat":-12.0409732,"stopLon":-77.0991433,"routeNames":"1491 1501-(Lima-Callao) 1502-(Lima-Callao) 2511-(Lima-Callao) 3203-(Lima-Callao) 9303-(Lima-Callao) 9503-(Lima-Callao) CR13 CR14 CR15 CR16 CR17 CR19 CR27 CR32 CR34 CR35 CR41 CR42 CR49 CR51 CR53 CR56 CR61 CR62 CR65 CR69 CR71 CR75 CR84 ICR0"},{"stopId":1157575,"stopName":"Virú","stopTypeGroup":"bus","stopLat":-12.0408957,"stopLon":-77.0303152,"routeNames":"2409 3204 3505 4211 8306 9306-(Callao-Lima) OM34 SH112a"},{"stopId":1017604,"stopName":"Trujillo","stopTypeGroup":"bus","stopLat":-12.0408678,"stopLon":-77.029395,"routeNames":"2409 2702 3204 3505 3906-(Lima-Callao) 4211 8306 9306-(Callao-Lima) CR12 CR43 IO52 OM34 SH112a"},{"stopId":1301189,"stopName":"28 de Julio","stopTypeGroup":"bus","stopLat":-12.0407161,"stopLon":-77.0872235,"routeNames":"9303-(Lima-Callao) 9802-(Lima-Callao)"},{"stopId":1017603,"stopName":"Plaza Barraganes","stopTypeGroup":"bus","stopLat":-12.0406397,"stopLon":-77.0313899,"routeNames":"1217 2209 2409 2702 3204 3906-(Lima-Callao) 4211 8306 9306-(Callao-Lima) CR12 CR43 IO52 OM23 OM33 OM34 SH112a"},{"stopId":1301190,"stopName":"Daniel Alcides Carrión","stopTypeGroup":"bus","stopLat":-12.0405823,"stopLon":-77.0870841,"routeNames":"9303-(Lima-Callao) 9802-(Lima-Callao)"},{"stopId":1017561,"stopName":"Cajamarca","stopTypeGroup":"bus","stopLat":-12.040471,"stopLon":-77.0225872,"routeNames":"1103 1403 1602 1610 2412 2607 2608 2609 2611 2702 2703 CR12 CR43 IM12-(Lima-Callao) NH26b"},{"stopId":1197453,"stopName":"Hualgayoc","stopTypeGroup":"bus","stopLat":-12.0404084,"stopLon":-77.0240609,"routeNames":"2702 3906-(Lima-Callao) CR12 CR43 IO52"},{"stopId":1301192,"stopName":"Enrique Meiggs","stopTypeGroup":"bus","stopLat":-12.0403908,"stopLon":-77.0860112,"routeNames":"9303-(Lima-Callao) 9802-(Lima-Callao)"},{"stopId":1301191,"stopName":"Pacífico","stopTypeGroup":"bus","stopLat":-12.0402754,"stopLon":-77.0862472,"routeNames":"9303-(Lima-Callao) 9802-(Lima-Callao)"},{"stopId":1310576,"stopName":"Ayabaca","stopTypeGroup":"bus","stopLat":-12.0401285,"stopLon":-77.0312029,"routeNames":"2209"},{"stopId":1201627,"stopName":"Pizarro","stopTypeGroup":"bus","stopLat":-12.0400675,"stopLon":-77.0302329,"routeNames":"1217 2409 3204 3505 4211 8306 9306-(Callao-Lima) OM23 OM33 OM34 SH112a"},{"stopId":1032138,"stopName":"Cajamarca","stopTypeGroup":"bus","stopLat":-12.040043,"stopLon":-77.0283253,"routeNames":"1103 1403 1602 1610 2412 2607 2608 2609 2611 2703 370 IM12-(Lima-Callao) NH26b"},{"stopId":1017562,"stopName":"Trujillo","stopTypeGroup":"bus","stopLat":-12.0400218,"stopLon":-77.0290508,"routeNames":"2702 3906-(Lima-Callao) CR12 CR43 IO52"},{"stopId":1301181,"stopName":"Elmer Faucett","stopTypeGroup":"bus","stopLat":-12.0398977,"stopLon":-77.0983601,"routeNames":"9303-(Lima-Callao) 9503-(Lima-Callao) 9802-(Lima-Callao) IM12-(Lima-Callao)"},{"stopId":1301182,"stopName":"Elmer Faucett","stopTypeGroup":"bus","stopLat":-12.0397822,"stopLon":-77.0983708,"routeNames":"9303-(Lima-Callao) 9503-(Lima-Callao) 9802-(Lima-Callao) IM12-(Lima-Callao)"},{"stopId":1304194,"stopName":"Pasaje D","stopTypeGroup":"bus","stopLat":-12.0397088,"stopLon":-77.0474839,"routeNames":"2502 2505 4502 4503 4504 8503"},{"stopId":1017602,"stopName":"Tacna","stopTypeGroup":"bus","stopLat":-12.0396511,"stopLon":-77.0331606,"routeNames":"1217 2209 2409 2702 3204 3505 3906-(Lima-Callao) 4211 8306 9306-(Callao-Lima) CR12 CR43 IO52 OM23 OM33 OM34 SH112a"},{"stopId":735415,"stopName":"Virú","stopTypeGroup":"bus","stopLat":-12.0396432,"stopLon":-77.0329463,"routeNames":"301 305 336"},{"stopId":1301204,"stopName":"República de Ecuador","stopTypeGroup":"bus","stopLat":-12.0395619,"stopLon":-77.0567429,"routeNames":"9503-(Lima-Callao) 9802-(Lima-Callao) IM12-(Lima-Callao)"},{"stopId":1301183,"stopName":"La Libertad","stopTypeGroup":"bus","stopLat":-12.0393625,"stopLon":-77.0956349,"routeNames":"9303-(Lima-Callao) 9503-(Lima-Callao) 9802-(Lima-Callao) IM12-(Lima-Callao)"},{"stopId":1301203,"stopName":"Fernando Wiesse","stopTypeGroup":"bus","stopLat":-12.0392156,"stopLon":-77.0591891,"routeNames":"9503-(Lima-Callao) 9802-(Lima-Callao) IM12-(Lima-Callao)"},{"stopId":1301184,"stopName":"La Libertad","stopTypeGroup":"bus","stopLat":-12.0391789,"stopLon":-77.095415,"routeNames":"9303-(Lima-Callao) 9503-(Lima-Callao) 9802-(Lima-Callao) IM12-(Lima-Callao)"},{"stopId":1205920,"stopName":"Madera","stopTypeGroup":"bus","stopLat":-12.0391284,"stopLon":-77.0228933,"routeNames":"1103 1403 1602 1610 2412 2607 2609 2611 2703 IM12-(Lima-Callao) NH26b"},{"stopId":1304185,"stopName":"Nuevo Mercado de Caquetá","stopTypeGroup":"bus","stopLat":-12.0391212,"stopLon":-77.0461321,"routeNames":"4502 4503"},{"stopId":1542930,"stopName":"Conde de la Vega","stopTypeGroup":"bus","stopLat":-12.0391055,"stopLon":-77.0488733,"routeNames":"8503"},{"stopId":1301185,"stopName":"Jorge Chávez","stopTypeGroup":"bus","stopLat":-12.0389848,"stopLon":-77.0936286,"routeNames":"9303-(Lima-Callao) 9503-(Lima-Callao) 9802-(Lima-Callao) IM12-(Lima-Callao)"},{"stopId":1205887,"stopName":"Chiclayo","stopTypeGroup":"bus","stopLat":-12.0389802,"stopLon":-77.0280132,"routeNames":"1103 2607 2608 2609 2611 2703 IM12-(Lima-Callao)"},{"stopId":1017563,"stopName":"Tacna","stopTypeGroup":"bus","stopLat":-12.0389326,"stopLon":-77.0320567,"routeNames":"1217 2209 2409 2702 3204 3505 3906-(Lima-Callao) 4211 8306 9306-(Callao-Lima) CR12 CR43 IO52 OM23 OM33 OM34 SH112a"},{"stopId":732437,"stopName":"Francisco Pizarro","stopTypeGroup":"bus","stopLat":-12.0389297,"stopLon":-77.0322919,"routeNames":"301 303 305 336 412"},{"stopId":1301186,"stopName":"Jorge Chávez","stopTypeGroup":"bus","stopLat":-12.0387644,"stopLon":-77.0933497,"routeNames":"9303-(Lima-Callao) 9503-(Lima-Callao) 9802-(Lima-Callao) IM12-(Lima-Callao)"},{"stopId":1301202,"stopName":"José Galdeano y Mendoza","stopTypeGroup":"bus","stopLat":-12.0386805,"stopLon":-77.0630407,"routeNames":"9503-(Lima-Callao) 9802-(Lima-Callao) IM12-(Lima-Callao)"},{"stopId":732396,"stopName":"Francisco Pizarro","stopTypeGroup":"bus","stopLat":-12.038628,"stopLon":-77.0322704,"routeNames":"303 412"},{"stopId":1304186,"stopName":"Pacasmayo","stopTypeGroup":"bus","stopLat":-12.0385572,"stopLon":-77.0476395,"routeNames":"2502 2505 4504 8503"},{"stopId":1019087,"stopName":"Enrique Meiggs","stopTypeGroup":"bus","stopLat":-12.0385491,"stopLon":-77.0658983,"routeNames":"1508 7204 8201 8214 9503-(Lima-Callao) 9802-(Lima-Callao) CR62 IM06 IM22 IM47 IO28b IO30b IO35b IO38b IO45 IO55 IPC06 OM21"},{"stopId":1301231,"stopName":"Víctor Andrés Belaúnde","stopTypeGroup":"bus","stopLat":-12.0384601,"stopLon":-77.0906353,"routeNames":"9303-(Lima-Callao) 9503-(Lima-Callao) 9802-(Lima-Callao) IM12-(Lima-Callao)"},{"stopId":1301201,"stopName":"Nicolás Dueñas","stopTypeGroup":"bus","stopLat":-12.0382608,"stopLon":-77.0658195,"routeNames":"9503-(Lima-Callao) 9802-(Lima-Callao) IM12-(Lima-Callao)"},{"stopId":1301232,"stopName":"Víctor Andrés Belaúnde","stopTypeGroup":"bus","stopLat":-12.0381768,"stopLon":-77.0903349,"routeNames":"9303-(Lima-Callao) 9503-(Lima-Callao) 9802-(Lima-Callao) IM12-(Lima-Callao)"},{"stopId":1205886,"stopName":"Yutay","stopTypeGroup":"bus","stopLat":-12.0381539,"stopLon":-77.0290083,"routeNames":"1103 2607 2608 2609 2611 2703 370 IM12-(Lima-Callao)"},{"stopId":1323495,"stopName":"Enrique Meiggs","stopTypeGroup":"bus","stopLat":-12.0381401,"stopLon":-77.0660448,"routeNames":"1508 7204 8201 8214 CR62 IM06 IM22 IM47 IO28b IO30b IO35b IO38b IO45 IO55 IPC06 OM21"},{"stopId":1301187,"stopName":"Daniel Alcides Carrión","stopTypeGroup":"bus","stopLat":-12.0380509,"stopLon":-77.088629,"routeNames":"9303-(Lima-Callao) 9503-(Lima-Callao) 9802-(Lima-Callao) IM12-(Lima-Callao)"},{"stopId":1032091,"stopName":"Atahualpa","stopTypeGroup":"bus","stopLat":-12.0379801,"stopLon":-77.0266999,"routeNames":"1103 1403 1602 1610 2412 2607 2608 2609 2611 2703 370 IM12-(Lima-Callao) NH26b"},{"stopId":1318286,"stopName":"Daniel Alcides Carrión","stopTypeGroup":"bus","stopLat":-12.0377781,"stopLon":-77.0881408,"routeNames":"9503-(Lima-Callao) IM12-(Lima-Callao)"},{"stopId":1032137,"stopName":"Chiclayo","stopTypeGroup":"bus","stopLat":-12.0376191,"stopLon":-77.0271076,"routeNames":"1403 1602 1610 2412 NH26b"},{"stopId":817688,"stopName":"Caquetá","stopTypeGroup":"bus","stopLat":-12.037542,"stopLon":-77.0442116,"routeNames":"1404 1505 1612 1701 1702 1706 2204 2406 2511-(Lima-Callao) 4204 9405-(Lima-Callao) 9601-(Lima-Callao) 9602-(Lima-Callao) 9801-(Lima-Callao) IO44b IO47"},{"stopId":1304187,"stopName":"Máncora","stopTypeGroup":"bus","stopLat":-12.0374843,"stopLon":-77.0497853,"routeNames":"2502 2505"},{"stopId":1456642,"stopName":"General San Román","stopTypeGroup":"bus","stopLat":-12.0372849,"stopLon":-77.0390511},{"stopId":1321044,"stopName":"Negritos","stopTypeGroup":"bus","stopLat":-12.0372535,"stopLon":-77.0521402,"routeNames":"2502 2505"},{"stopId":1017601,"stopName":"El Águila","stopTypeGroup":"bus","stopLat":-12.037241,"stopLon":-77.0364579,"routeNames":"1217 2209 2409 2702 3505 3906-(Lima-Callao) 8306 9306-(Callao-Lima) CR12 CR43 IO52 OM23 OM33 OM34 SH112a"},{"stopId":737410,"stopName":"Panadería","stopTypeGroup":"bus","stopLat":-12.0370751,"stopLon":-77.0774871,"routeNames":"018p 1031 1103 1201 1278-(Lima-Callao) 1503 1504 1506 1513 1514 1518 1604 1611 1615 1618 1704 1901-(Lima-Callao) 2303 2408 2513 2613 3205 4205 4206 4210-(Lima-Callao) 4908-(Lima-Callao) 7103 8104 9503-(Lima-Callao) CR17 ICR14 IM04 IM21 IM24"},{"stopId":736378,"stopName":"Panadería","stopTypeGroup":"bus","stopLat":-12.0370541,"stopLon":-77.0776051,"routeNames":"018p 1031 1103 1201 1278-(Lima-Callao) 1503 1504 1506 1513 1514 1518 1604 1611 1615 1618 1704 1901-(Lima-Callao) 2303 2408 2513 2613 3205 4205 4206 4210-(Lima-Callao) 4908-(Lima-Callao) 7103 8104 9503-(Lima-Callao) CR17 ICR14 IM04 IM21 IM24"},{"stopId":1318287,"stopName":"Túpac Amaru","stopTypeGroup":"bus","stopLat":-12.0369911,"stopLon":-77.0831251,"routeNames":"9503-(Lima-Callao)"},{"stopId":735466,"stopName":"Chira","stopTypeGroup":"bus","stopLat":-12.036936,"stopLon":-77.0309427,"routeNames":"301 305"},{"stopId":1321043,"stopName":"Ferreñafe","stopTypeGroup":"bus","stopLat":-12.0369124,"stopLon":-77.0553535,"routeNames":"2502 2505"},{"stopId":1017565,"stopName":"Polinclínico","stopTypeGroup":"bus","stopLat":-12.0369039,"stopLon":-77.034748,"routeNames":"1217 2209 2409 2702 3505 3906-(Lima-Callao) 8306 9306-(Callao-Lima) CR12 CR43 IO52 OM23 OM33 OM34 SH112a"},{"stopId":1205885,"stopName":"Madera","stopTypeGroup":"bus","stopLat":-12.0367441,"stopLon":-77.0287609,"routeNames":"1103 2607 2608 2609 2611 2703 IM12-(Lima-Callao)"},{"stopId":1318288,"stopName":"Túpac Amaru","stopTypeGroup":"bus","stopLat":-12.0367183,"stopLon":-77.0828247,"routeNames":"9503-(Lima-Callao)"},{"stopId":737540,"stopName":"Caquetá","stopTypeGroup":"bus","stopLat":-12.0367131,"stopLon":-77.043643,"routeNames":"1213 1308 1411 1412 1607 1608 1703-(Lima-Callao) 1801-(Lima-Callao) 1802 1804 2404-(Lima-Callao) 2407 2414 2603 2604 2701-(Lima-Callao) 2803 2804-(Lima-Callao) 2805 4212 4905-(Lima-Callao) 4908-(Lima-Callao) 7101 8102 8105 8107 8108 810"},{"stopId":1321042,"stopName":"Reque","stopTypeGroup":"bus","stopLat":-12.0367052,"stopLon":-77.0579499,"routeNames":"2502 2505"},{"stopId":815585,"stopName":"Caquetá","stopTypeGroup":"bus","stopLat":-12.0365426,"stopLon":-77.0436457,"routeNames":"A B D EX10 EX5 EX9"},{"stopId":735414,"stopName":"Chira","stopTypeGroup":"bus","stopLat":-12.0364166,"stopLon":-77.0308435,"routeNames":"301 305"},{"stopId":1195037,"stopName":"Quilca","stopTypeGroup":"bus","stopLat":-12.0363566,"stopLon":-77.0990353,"routeNames":"3203-(Lima-Callao) CR57 CR58 ICR10 IO35b UCL01-(Lima-Callao) UCL03-(Lima-Callao)"},{"stopId":737707,"stopName":"Caquetá","stopTypeGroup":"bus","stopLat":-12.0363353,"stopLon":-77.043651,"routeNames":"1213 1308 1404 1411 1412 1505 1607 1612 1701 1702 1703-(Lima-Callao) 1706 1801-(Lima-Callao) 1802 1804 2204 2404-(Lima-Callao) 2406 2407 2414 2511-(Lima-Callao) 2603 2604 2701-(Lima-Callao) 2804-(Lima-Callao) 2805 4204 4212 4905-(Lima-C"},{"stopId":1019531,"stopName":"Juan Crespo y Castillo","stopTypeGroup":"bus","stopLat":-12.0362459,"stopLon":-77.0661517,"routeNames":"1508 7204 8201 8214 CR62 IM06 IM22 IM47 IO28b IO30b IO35b IO38b IO45 IO55 IPC06 OM21"},{"stopId":1303853,"stopName":"22 de Agosto","stopTypeGroup":"bus","stopLat":-12.0361727,"stopLon":-77.0258814,"routeNames":"1103 1403 1602 1610 2412 2607 2608 2609 2611 2703 IM12-(Lima-Callao) NH26b"},{"stopId":761241,"stopName":"Quilca","stopTypeGroup":"bus","stopLat":-12.036083532447178,"stopLon":-77.09930960859833,"routeNames":"1491 1501-(Lima-Callao) 1502-(Lima-Callao) 2511-(Lima-Callao) CR13 CR14 CR15 CR16 CR17 CR19 CR27 CR32 CR34 CR35 CR41 CR42 CR49 CR51 CR53 CR56 CR61 CR62 CR65 CR69 CR71 CR75 CR84 ICR05 IM08 IM12-(Lima-Callao) IM18 IM19 IM20 IM26 IM31 IM47 IO03 "},{"stopId":1335062,"stopName":"Puente Bella Unión","stopTypeGroup":"bus","stopLat":-12.0360573,"stopLon":-77.0779216},{"stopId":1032136,"stopName":"22 de Agosto","stopTypeGroup":"bus","stopLat":-12.0359485,"stopLon":-77.0261527,"routeNames":"1403 1602 1610 2412 NH26b"},{"stopId":1017600,"stopName":"San Román","stopTypeGroup":"bus","stopLat":-12.0359017,"stopLon":-77.0379822,"routeNames":"1217 2209 2409 2702 3505 3906-(Lima-Callao) 8306 9306-(Callao-Lima) CR12 CR43 IO52 OM23 OM33 OM34 SH112a"},{"stopId":1456645,"stopName":"General Vidal","stopTypeGroup":"bus","stopLat":-12.0358972,"stopLon":-77.0406067},{"stopId":1321041,"stopName":"Mateo Vara","stopTypeGroup":"bus","stopLat":-12.0357871,"stopLon":-77.0621261,"routeNames":"2502 2505"},{"stopId":1019088,"stopName":"Morales Duárez","stopTypeGroup":"bus","stopLat":-12.0357141,"stopLon":-77.0659519,"routeNames":"1508 7204 8201 8214 CR62 IM06 IM22 IM47 IO28b IO30b IO35b IO38b IO45 IO55 IPC06 OM21"},{"stopId":1195038,"stopName":"Saturno","stopTypeGroup":"bus","stopLat":-12.0356612,"stopLon":-77.0973571,"routeNames":"3203-(Lima-Callao) CR57 CR58 ICR10 IM47 IO35b UCL01-(Lima-Callao) UCL03-(Lima-Callao)"},{"stopId":1321053,"stopName":"Puente Bella Unión","stopTypeGroup":"bus","stopLat":-12.0356428,"stopLon":-77.0774657},{"stopId":761281,"stopName":"Quilca","stopTypeGroup":"bus","stopLat":-12.03554310000001,"stopLon":-77.09957777790984,"routeNames":"1491 1501-(Lima-Callao) 1502-(Lima-Callao) 2511-(Lima-Callao) CR13 CR14 CR15 CR16 CR17 CR19 CR27 CR32 CR34 CR35 CR41 CR42 CR49 CR51 CR53 CR56 CR57 CR58 CR61 CR62 CR65 CR69 CR71 CR75 CR84 ICR05 ICR10 IM08 IM12-(Lima-Callao) IM18 IM19 IM20 IM26"},{"stopId":1195001,"stopName":"Grifo","stopTypeGroup":"bus","stopLat":-12.035442,"stopLon":-77.0973087,"routeNames":"3203-(Lima-Callao) 9305-(Lima-Callao) CR57 CR58 ICR10 IM47 IO35b UCL01-(Lima-Callao) UCL03-(Lima-Callao)"},{"stopId":1030073,"stopName":"El Pedregal","stopTypeGroup":"bus","stopLat":-12.0352685,"stopLon":-77.0548829,"routeNames":"1703-(Lima-Callao) 2701-(Lima-Callao) 4905-(Lima-Callao) 4908-(Lima-Callao) 9305-(Lima-Callao) CR24 CR25 CR44-(Lima-Callao) CR57 CR58 ICR10 IO04 IO32b IO68"},{"stopId":1017567,"stopName":"Javier Tomás Vidal","stopTypeGroup":"bus","stopLat":-12.0351649,"stopLon":-77.03702,"routeNames":"1217 2209 2409 2702 3505 3906-(Lima-Callao) 8306 9306-(Callao-Lima) CR12 CR43 IO52 OM23 OM33 OM34 SH112a"},{"stopId":1321049,"stopName":"Las Mercedes","stopTypeGroup":"bus","stopLat":-12.0351549,"stopLon":-77.0734584},{"stopId":1030072,"stopName":"Pacllon","stopTypeGroup":"bus","stopLat":-12.0351314,"stopLon":-77.0563941,"routeNames":"1703-(Lima-Callao) 2701-(Lima-Callao) 4905-(Lima-Callao) 4908-(Lima-Callao) 9305-(Lima-Callao) CR24 CR25 CR44-(Lima-Callao) CR57 CR58 ICR10 IO04 IO32b IO68"},{"stopId":735469,"stopName":"Guardia Republicana","stopTypeGroup":"bus","stopLat":-12.0350473,"stopLon":-77.0297894,"routeNames":"301 305"},{"stopId":1321050,"stopName":"Nicolás Rodrigo","stopTypeGroup":"bus","stopLat":-12.0350447,"stopLon":-77.0692796},{"stopId":1205884,"stopName":"22 de Agosto","stopTypeGroup":"bus","stopLat":-12.0349619,"stopLon":-77.0279134,"routeNames":"1103 2607 2608 2609 2611 2703 370 IM12-(Lima-Callao)"},{"stopId":1044637,"stopName":"Caquetá","stopTypeGroup":"bus","stopLat":-12.0348927,"stopLon":-77.0436744,"routeNames":"1608 2411 2510 2803 3505 3906-(Lima-Callao) 8209 8306 9306-(Callao-Lima) 9307-(Callao-Lima) CR07 IM12-(Lima-Callao) IO19 IO27 IO52"},{"stopId":1044569,"stopName":"Caquetá","stopTypeGroup":"bus","stopLat":-12.0348644,"stopLon":-77.0439053,"routeNames":"2411 2510 3505 3906-(Lima-Callao) 8306 9306-(Callao-Lima) CR07 IM12-(Lima-Callao) IO19 IO27 IO52"},{"stopId":735413,"stopName":"Guardia Republicana","stopTypeGroup":"bus","stopLat":-12.0347037,"stopLon":-77.0297948,"routeNames":"301 305"},{"stopId":1339387,"stopName":"Inca","stopTypeGroup":"bus","stopLat":-12.0346197,"stopLon":-77.0420444},{"stopId":1017599,"stopName":"Vidal","stopTypeGroup":"bus","stopLat":-12.0345318,"stopLon":-77.0395491,"routeNames":"1217 2209 2409 2702 3505 3906-(Lima-Callao) 8306 9306-(Callao-Lima) CR12 CR43 IO52 OM23 OM33 OM34 SH112a"},{"stopId":1032135,"stopName":"Atahualpa","stopTypeGroup":"bus","stopLat":-12.0344743,"stopLon":-77.0255948,"routeNames":"1403 1602 1610 2412 NH26b"},{"stopId":1032093,"stopName":"Alameda de Los Bobos","stopTypeGroup":"bus","stopLat":-12.034251,"stopLon":-77.0251782,"routeNames":"1103 1403 1602 1610 2412 2607 2608 2609 2611 2703 370 IM12-(Lima-Callao) NH26b"},{"stopId":1017568,"stopName":"Arancibia","stopTypeGroup":"bus","stopLat":-12.0339013,"stopLon":-77.038532,"routeNames":"1217 2209 2409 2702 3505 3906-(Lima-Callao) 8306 9306-(Callao-Lima) CR12 CR43 IO52 OM23 OM33 OM34 SH112a"},{"stopId":1017598,"stopName":"Fray Agustín","stopTypeGroup":"bus","stopLat":-12.0338538,"stopLon":-77.040309,"routeNames":"1217 2209 2409 2702 3505 3906-(Lima-Callao) 8306 9306-(Callao-Lima) CR12 CR43 IO52 OM23 OM33 OM34 SH112a"},{"stopId":1195039,"stopName":"Cuzco","stopTypeGroup":"bus","stopLat":-12.0337305,"stopLon":-77.0962252,"routeNames":"3203-(Lima-Callao) CR57 CR58 ICR10 IM47 IO35b UCL01-(Lima-Callao) UCL03-(Lima-Callao)"},{"stopId":1300199,"stopName":"Pizarro","stopTypeGroup":"bus","stopLat":-12.0335809,"stopLon":-77.0386353,"routeNames":"IM12-(Lima-Callao)"},{"stopId":1030074,"stopName":"Control (Auxiliar)","stopTypeGroup":"bus","stopLat":-12.0334332,"stopLon":-77.053734,"routeNames":"1703-(Lima-Callao) 2701-(Lima-Callao) 4905-(Lima-Callao) 4908-(Lima-Callao) 8110 9305-(Lima-Callao) CR24 CR25 CR44-(Lima-Callao) CR57 CR58 ICR10 IO04 IO32b IO68"},{"stopId":1022549,"stopName":"Esteban Salmón","stopTypeGroup":"bus","stopLat":-12.0333438,"stopLon":-77.0437985,"routeNames":"1608 2411 2510 2803 3505 8209 9306-(Callao-Lima) 9307-(Callao-Lima) CR07 IM12-(Lima-Callao) IO19 IO27"},{"stopId":1019089,"stopName":"Pinar del Río","stopTypeGroup":"bus","stopLat":-12.0333254,"stopLon":-77.0649903,"routeNames":"1508 2502 2505 7204 8201 8214 CR62 IM06 IM22 IM47 IO28b IO30b IO35b IO38b IO45 IO55 IPC06 OM21"},{"stopId":737538,"stopName":"Control","stopTypeGroup":"bus","stopLat":-12.0333186,"stopLon":-77.053653,"routeNames":"1213 1308 1404 1411 1412 1505 1607 1612 1701 1702 1706 1801-(Lima-Callao) 1802 1804 2204 2404-(Lima-Callao) 2406 2407 2414 2511-(Lima-Callao) 2603 2604 2804-(Lima-Callao) 2805 4204 4212 7101 8102 8105 8107 8108 8109 8111 8112 8211 8212 9401-("},{"stopId":1195000,"stopName":"Colegio","stopTypeGroup":"bus","stopLat":-12.0332883,"stopLon":-77.0962325,"routeNames":"3203-(Lima-Callao) 9305-(Lima-Callao) CR57 CR58 ICR10 IM47 IO35b UCL01-(Lima-Callao) UCL03-(Lima-Callao)"},{"stopId":737709,"stopName":"Control","stopTypeGroup":"bus","stopLat":-12.0332346,"stopLon":-77.0536208,"routeNames":"1213 1308 1404 1411 1412 1505 1607 1612 1701 1702 1706 1801-(Lima-Callao) 1802 1804 2204 2404-(Lima-Callao) 2406 2407 2414 2511-(Lima-Callao) 2603 2604 2804-(Lima-Callao) 2805 4204 4212 7101 8102 8105 8107 8108 8109 8110 8111 8112 8211 8212 9"},{"stopId":1030071,"stopName":"Cuadra 13","stopTypeGroup":"bus","stopLat":-12.0331587,"stopLon":-77.058556,"routeNames":"1703-(Lima-Callao) 2701-(Lima-Callao) 4905-(Lima-Callao) 4908-(Lima-Callao) 9305-(Lima-Callao) CR24 CR25 CR44-(Lima-Callao) CR57 CR58 ICR10 IO04 IO32b IO68"},{"stopId":1041100,"stopName":"Control (Auxiliar)","stopTypeGroup":"bus","stopLat":-12.0331411,"stopLon":-77.0535492,"routeNames":"1703-(Lima-Callao) 2701-(Lima-Callao) 4905-(Lima-Callao) 4908-(Lima-Callao) 9305-(Lima-Callao) CR24 CR25 CR44-(Lima-Callao) CR57 CR58 ICR10 IO32b IO68 Lima-Yauya"},{"stopId":1017569,"stopName":"Vivanco","stopTypeGroup":"bus","stopLat":-12.0331353,"stopLon":-77.0394117,"routeNames":"1217 2209 2409 2702 3505 3906-(Lima-Callao) 8306 9306-(Callao-Lima) CR12 CR43 IM12-(Lima-Callao) IO52 OM23 OM33 OM34 SH112a"},{"stopId":1019528,"stopName":"Pinar del Río","stopTypeGroup":"bus","stopLat":-12.0331311,"stopLon":-77.0650455,"routeNames":"1508 2502 2505 7204 8201 8214 CR62 IM06 IM22 IM47 IO28b IO30b IO35b IO38b IO45 IO55 IPC06 OM21"},{"stopId":1023750,"stopName":"Caquetá","stopTypeGroup":"bus","stopLat":-12.0330949,"stopLon":-77.0437506},{"stopId":1030118,"stopName":"Cuadra 13","stopTypeGroup":"bus","stopLat":-12.0328101,"stopLon":-77.0581052,"routeNames":"1703-(Lima-Callao) 2701-(Lima-Callao) 4905-(Lima-Callao) 4908-(Lima-Callao) 9305-(Lima-Callao) CR24 CR25 CR44-(Lima-Callao) CR57 CR58 ICR10 IO04 IO32b IO68"},{"stopId":1030119,"stopName":"Puerto Rico","stopTypeGroup":"bus","stopLat":-12.0326945,"stopLon":-77.0600374,"routeNames":"1703-(Lima-Callao) 2701-(Lima-Callao) 4905-(Lima-Callao) 4908-(Lima-Callao) 9305-(Lima-Callao) CR24 CR25 CR44-(Lima-Callao) CR57 CR58 ICR10 IO04 IO32b IO68"},{"stopId":1030070,"stopName":"Haití","stopTypeGroup":"bus","stopLat":-12.0326761,"stopLon":-77.0617049,"routeNames":"1703-(Lima-Callao) 2701-(Lima-Callao) 4905-(Lima-Callao) 4908-(Lima-Callao) 9305-(Lima-Callao) CR24 CR25 CR44-(Lima-Callao) CR57 CR58 ICR10 IO04 IO32b IO68"},{"stopId":1157594,"stopName":"Los Próceres","stopTypeGroup":"bus","stopLat":-12.0325873,"stopLon":-77.0418111,"routeNames":"3906-(Lima-Callao) 8306 IO52"},{"stopId":1201626,"stopName":"Arrieta","stopTypeGroup":"bus","stopLat":-12.0324975,"stopLon":-77.0418271,"routeNames":"1217 3505 9306-(Callao-Lima) CR12 CR43"},{"stopId":1030069,"stopName":"Tegucigalpa","stopTypeGroup":"bus","stopLat":-12.0324347,"stopLon":-77.0636307,"routeNames":"1703-(Lima-Callao) 2701-(Lima-Callao) 4905-(Lima-Callao) 4908-(Lima-Callao) 9305-(Lima-Callao) CR24 CR25 CR44-(Lima-Callao) CR57 CR58 ICR10 IO04 IO32b IO68"},{"stopId":1022557,"stopName":"Gregorio VII","stopTypeGroup":"bus","stopLat":-12.0324326,"stopLon":-77.0441,"routeNames":"1608 2411 2510 2803 3505 3906-(Lima-Callao) 8209 8306 9306-(Callao-Lima) 9307-(Callao-Lima) CR07 IM12-(Lima-Callao) IO19 IO27 IO52"},{"stopId":1300196,"stopName":"Jirón Pallasca","stopTypeGroup":"bus","stopLat":-12.0323847,"stopLon":-77.0377797,"routeNames":"IM12-(Lima-Callao)"},{"stopId":1017597,"stopName":"Arrieta","stopTypeGroup":"bus","stopLat":-12.0323839,"stopLon":-77.0417295,"routeNames":"2209 2409 2702 OM23 OM33 OM34 SH112a"},{"stopId":1030120,"stopName":"Managua","stopTypeGroup":"bus","stopLat":-12.0323795,"stopLon":-77.0624633,"routeNames":"1703-(Lima-Callao) 2701-(Lima-Callao) 4905-(Lima-Callao) 4908-(Lima-Callao) 9305-(Lima-Callao) CR24 CR25 CR44-(Lima-Callao) CR57 CR58 ICR10 IO04 IO32b IO68"},{"stopId":1810146,"stopName":"Colegio Ricardo Bentín","stopTypeGroup":"bus","stopLat":-12.0321856,"stopLon":-77.0382759,"routeNames":"Cole-Bus"},{"stopId":732464,"stopName":"Alcázar","stopTypeGroup":"bus","stopLat":-12.0321801,"stopLon":-77.0278233,"routeNames":"301 305 336 412"},{"stopId":737415,"stopName":"Perú","stopTypeGroup":"bus","stopLat":-12.0321171,"stopLon":-77.0775998,"routeNames":"018p 1031 1103 1201 1278-(Lima-Callao) 1503 1504 1506 1513 1514 1518 1604 1611 1615 1618 1704 1901-(Lima-Callao) 2303 2408 2513 2613 3205 4205 4206 4210-(Lima-Callao) 4908-(Lima-Callao) 7103 8104 CR17 ICR14 IM04 IM21 IM24 IM40 IM57 IO44b SH24"},{"stopId":1030121,"stopName":"Dueñas","stopTypeGroup":"bus","stopLat":-12.0320919,"stopLon":-77.064669,"routeNames":"1703-(Lima-Callao) 2701-(Lima-Callao) 4905-(Lima-Callao) 4908-(Lima-Callao) 9305-(Lima-Callao) CR24 CR25 CR44-(Lima-Callao) CR57 CR58 ICR10 IO04 IO32b IO68"},{"stopId":1019527,"stopName":"Santa Fe","stopTypeGroup":"bus","stopLat":-12.0320749,"stopLon":-77.0664325,"routeNames":"1508 1703-(Lima-Callao) 2502 2505 2701-(Lima-Callao) 4905-(Lima-Callao) 4908-(Lima-Callao) 7204 8201 8214 9305-(Lima-Callao) CR24 CR25 CR44-(Lima-Callao) CR57 CR58 CR62 ICR10 IM06 IM22 IM47 IO04 IO28b IO30b IO32b IO35b IO38b IO45 IO55 IO6"},{"stopId":1032092,"stopName":"Tacna","stopTypeGroup":"bus","stopLat":-12.0320318,"stopLon":-77.0275421,"routeNames":"1103 1403 1602 1610 2412 2607 2608 2609 2611 2703 370 IM12-(Lima-Callao) NH26b"},{"stopId":931425,"stopName":"Universitaria","stopTypeGroup":"bus","stopLat":-12.0319697,"stopLon":-77.0777678,"routeNames":"2303 4210-(Lima-Callao) IM24 IM40 IM57"},{"stopId":1019524,"stopName":"Villa Rica","stopTypeGroup":"bus","stopLat":-12.0319502,"stopLon":-77.0743044,"routeNames":"1703-(Lima-Callao) 2303 2502 2505 2701-(Lima-Callao) 4905-(Lima-Callao) 4908-(Lima-Callao) 7204 8201 8214 9305-(Lima-Callao) CR24 CR25 CR44-(Lima-Callao) CR57 CR58 ICR10 IM06 IM57 IO04 IO28b IO30b IO32b IO55 IO68 OM21"},{"stopId":1019526,"stopName":"Santo Domingo","stopTypeGroup":"bus","stopLat":-12.0319434,"stopLon":-77.0713262,"routeNames":"1703-(Lima-Callao) 2502 2505 2701-(Lima-Callao) 4905-(Lima-Callao) 4908-(Lima-Callao) 7204 8201 8214 9305-(Lima-Callao) CR24 CR25 CR44-(Lima-Callao) CR57 CR58 ICR10 IM06 IO04 IO28b IO30b IO32b IO55 IO68 OM21"},{"stopId":1019090,"stopName":"Santa Fe","stopTypeGroup":"bus","stopLat":-12.0318815,"stopLon":-77.0661836,"routeNames":"1508 1703-(Lima-Callao) 2502 2505 2701-(Lima-Callao) 4905-(Lima-Callao) 4908-(Lima-Callao) 7204 8201 8214 9305-(Lima-Callao) CR24 CR25 CR44-(Lima-Callao) CR57 CR58 CR62 ICR10 IM06 IM22 IM47 IO04 IO28b IO30b IO32b IO35b IO38b IO45 IO55 IO6"},{"stopId":735412,"stopName":"Leoncio Prado","stopTypeGroup":"bus","stopLat":-12.0318705,"stopLon":-77.0279655,"routeNames":"1103 1403 1602 1610 2412 2607 2608 2609 2611 2703 301 305 336 370 IM12-(Lima-Callao) NH26b"},{"stopId":1030113,"stopName":"Mercado","stopTypeGroup":"bus","stopLat":-12.0318165,"stopLon":-77.0573089,"routeNames":"1703-(Lima-Callao) 2701-(Lima-Callao) 4905-(Lima-Callao) 4908-(Lima-Callao) 9305-(Lima-Callao) CR24 CR25 CR44-(Lima-Callao) CR57 CR58 ICR10 IO32b IO68"},{"stopId":732462,"stopName":"Alcázar","stopTypeGroup":"bus","stopLat":-12.0317656,"stopLon":-77.0277026,"routeNames":"412"},{"stopId":1309322,"stopName":"Universitaria","stopTypeGroup":"bus","stopLat":-12.0317551,"stopLon":-77.0773691,"routeNames":"2502 2505 2701-(Lima-Callao)"},{"stopId":1019092,"stopName":"Villa Rica","stopTypeGroup":"bus","stopLat":-12.0317451,"stopLon":-77.0741091,"routeNames":"1703-(Lima-Callao) 2502 2505 2701-(Lima-Callao) 4905-(Lima-Callao) 4908-(Lima-Callao) 7204 8201 8214 9305-(Lima-Callao) CR24 CR25 CR44-(Lima-Callao) CR57 CR58 ICR10 IM06 IO04 IO28b IO30b IO32b IO55 IO68 OM21"},{"stopId":1019091,"stopName":"Santo Domingo","stopTypeGroup":"bus","stopLat":-12.031707,"stopLon":-77.0711382,"routeNames":"1703-(Lima-Callao) 2502 2505 2701-(Lima-Callao) 4905-(Lima-Callao) 4908-(Lima-Callao) 7204 8201 8214 9305-(Lima-Callao) CR24 CR25 CR44-(Lima-Callao) CR57 CR58 ICR10 IM06 IO04 IO28b IO30b IO32b IO55 IO68 OM21"},{"stopId":736377,"stopName":"Perú","stopTypeGroup":"bus","stopLat":-12.0315636,"stopLon":-77.0775086,"routeNames":"018p 1031 1103 1201 1278-(Lima-Callao) 1503 1504 1506 1513 1514 1518 1604 1611 1615 1618 1704 1901-(Lima-Callao) 2408 2513 2613 3205 4205 4206 4908-(Lima-Callao) 7103 8104 CR17 ICR14 IM04 IM21 IO44b SH24a"},{"stopId":1195040,"stopName":"Ayacucho","stopTypeGroup":"bus","stopLat":-12.031553,"stopLon":-77.0951631,"routeNames":"3203-(Lima-Callao) CR57 CR58 ICR10 IM47 IO35b UCL01-(Lima-Callao) UCL03-(Lima-Callao)"},{"stopId":931424,"stopName":"Camaná","stopTypeGroup":"bus","stopLat":-12.0315402,"stopLon":-77.0812162,"routeNames":"1703-(Lima-Callao) 2303 4210-(Lima-Callao) 4905-(Lima-Callao) 7204 8201 8214 9305-(Lima-Callao) CR24 CR25 CR44-(Lima-Callao) CR57 CR58 ICR10 IM06 IM24 IM40 IM57 IO04 IO28b IO30b IO32b IO35b IO55 IO68 OM21"},{"stopId":1201621,"stopName":"Caqueta","stopTypeGroup":"bus","stopLat":-12.0314171,"stopLon":-77.0443149,"routeNames":"1217 2703 CR12 CR43"},{"stopId":931373,"stopName":"Camaná","stopTypeGroup":"bus","stopLat":-12.0313716,"stopLon":-77.0809406,"routeNames":"1703-(Lima-Callao) 2303 4210-(Lima-Callao) 4905-(Lima-Callao) 4908-(Lima-Callao) 7204 8201 8214 9305-(Lima-Callao) CR24 CR25 CR44-(Lima-Callao) CR57 CR58 ICR10 IM06 IM24 IM40 IM57 IO04 IO28b IO30b IO32b IO55 IO68 OM21"},{"stopId":1017596,"stopName":"Pezet","stopTypeGroup":"bus","stopLat":-12.0313317,"stopLon":-77.0421636,"routeNames":"2209 2409 2702 OM23 OM33 OM34 SH112a"},{"stopId":1309254,"stopName":"Avenida Perú","stopTypeGroup":"bus","stopLat":-12.0312357,"stopLon":-77.0809954,"routeNames":"2502 2505 2701-(Lima-Callao) IO35b"},{"stopId":1300195,"stopName":"Jirón Salinas","stopTypeGroup":"bus","stopLat":-12.0312252,"stopLon":-77.0368302,"routeNames":"IM12-(Lima-Callao)"},{"stopId":931423,"stopName":"27 de Noviembre","stopTypeGroup":"bus","stopLat":-12.0311783,"stopLon":-77.084361,"routeNames":"1703-(Lima-Callao) 2303 4210-(Lima-Callao) 4905-(Lima-Callao) 7204 8201 8214 9305-(Lima-Callao) CR24 CR25 CR44-(Lima-Callao) CR57 CR58 ICR10 IM06 IM24 IM40 IM57 IO04 IO28b IO30b IO32b IO35b IO55 IO68 OM21"},{"stopId":1312563,"stopName":"Río Branco","stopTypeGroup":"bus","stopLat":-12.031136,"stopLon":-77.0667851,"routeNames":"1508 CR62 IM22 IM47 IO35b IO38b IO45 IPC06"},{"stopId":1017570,"stopName":"Muñoz","stopTypeGroup":"bus","stopLat":-12.0310674,"stopLon":-77.0417405,"routeNames":"1217 2209 2409 2702 3505 3906-(Lima-Callao) 8306 9306-(Callao-Lima) CR12 CR43 IM12-(Lima-Callao) IO52 OM23 OM33 OM34 SH112a"},{"stopId":931374,"stopName":"27 de Noviembre","stopTypeGroup":"bus","stopLat":-12.0310262,"stopLon":-77.0838158,"routeNames":"1703-(Lima-Callao) 2303 4210-(Lima-Callao) 4905-(Lima-Callao) 4908-(Lima-Callao) 7204 8201 8214 9305-(Lima-Callao) CR24 CR25 CR44-(Lima-Callao) CR57 CR58 ICR10 IM06 IM24 IM40 IM57 IO04 IO28b IO30b IO32b IO35b IO55 IO68 OM21"},{"stopId":1194999,"stopName":"Grifo","stopTypeGroup":"bus","stopLat":-12.0310165,"stopLon":-77.0951167,"routeNames":"3203-(Lima-Callao) 9305-(Lima-Callao) CR57 CR58 ICR10 IM47 IO35b UCL01-(Lima-Callao) UCL03-(Lima-Callao)"},{"stopId":1647462,"stopName":"Perú","stopTypeGroup":"bus","stopLat":-12.0308422,"stopLon":-77.0883688},{"stopId":1201622,"stopName":"Parque del Trabajo","stopTypeGroup":"bus","stopLat":-12.030819,"stopLon":-77.0438589,"routeNames":"1217 2703 9306-(Callao-Lima) CR12 CR43 IM12-(Lima-Callao)"},{"stopId":737537,"stopName":"Habich ","stopTypeGroup":"bus","stopLat":-12.030795,"stopLon":-77.0568073,"routeNames":"1213 1308 1404 1411 1412 1505 1607 1612 1701 1702 1706 1801-(Lima-Callao) 1802 1804 2204 2404-(Lima-Callao) 2406 2407 2414 2511-(Lima-Callao) 2603 2604 2804-(Lima-Callao) 2805 4204 4212 7101 8102 8105 8107 8108 8109 8110 8111 8112 8211 8212 9"},{"stopId":931421,"stopName":"Próceres","stopTypeGroup":"bus","stopLat":-12.0306774,"stopLon":-77.0885615,"routeNames":"1703-(Lima-Callao) 2303 4905-(Lima-Callao) 9305-(Lima-Callao) CR24 CR25 CR44-(Lima-Callao) CR57 CR58 ICR10 IM06 IM24 IM40 IO04 IO28b IO30b IO32b IO35b IO55 IO68 OM21"},{"stopId":1022550,"stopName":"Parque Del Trabajo","stopTypeGroup":"bus","stopLat":-12.0305914,"stopLon":-77.0440411,"routeNames":"1608 2411 2510 2803 8209 9307-(Callao-Lima) CR07 IO19 IO27"},{"stopId":1157576,"stopName":"Parque del Trabajo","stopTypeGroup":"bus","stopLat":-12.0305741,"stopLon":-77.0438449,"routeNames":"1217 2703 3505 3906-(Lima-Callao) 8306 9306-(Callao-Lima) CR12 CR43 IM12-(Lima-Callao) IO52"},{"stopId":1456622,"stopName":"Las Cucardas - Lazzareto","stopTypeGroup":"bus","stopLat":-12.0305458,"stopLon":-77.0470601,"routeNames":"1217 2703 CR12 CR43"},{"stopId":1456624,"stopName":"Pastor Bravo","stopTypeGroup":"bus","stopLat":-12.0305458,"stopLon":-77.0451343,"routeNames":"1217 2703 CR12 CR43"},{"stopId":931376,"stopName":"Próceres","stopTypeGroup":"bus","stopLat":-12.0305314,"stopLon":-77.0881315,"routeNames":"1703-(Lima-Callao) 2303 4210-(Lima-Callao) 4905-(Lima-Callao) 7204 8201 8214 9305-(Lima-Callao) CR24 CR25 CR44-(Lima-Callao) CR57 CR58 ICR10 IM06 IM24 IM40 IM57 IO04 IO28b IO30b IO32b IO35b IO55 IO68 OM21"},{"stopId":1019316,"stopName":"Perú","stopTypeGroup":"bus","stopLat":-12.0303806,"stopLon":-77.0883158,"routeNames":"3203-(Lima-Callao) 4210-(Lima-Callao) 7204 8201 8214 IM57"},{"stopId":1022556,"stopName":"Parque del Trabajo","stopTypeGroup":"bus","stopLat":-12.0303631,"stopLon":-77.0442809,"routeNames":"1608 2411 2510 2803 8209 9307-(Callao-Lima) CR07 IO19 IO27"},{"stopId":931420,"stopName":"Huaraz","stopTypeGroup":"bus","stopLat":-12.0303562,"stopLon":-77.0915729,"routeNames":"1703-(Lima-Callao) 2303 3203-(Lima-Callao) 4905-(Lima-Callao) 9305-(Lima-Callao) CR24 CR25 CR44-(Lima-Callao) CR57 CR58 ICR10 IM06 IM24 IM40 IO04 IO28b IO30b IO32b IO35b IO55 IO68 OM21"},{"stopId":1032134,"stopName":"Parroquia San Francisco Solano","stopTypeGroup":"bus","stopLat":-12.0303347,"stopLon":-77.0294572,"routeNames":"1103 1403 1602 1610 2412 2607 2608 2609 2611 2703 336 370 IM12-(Lima-Callao) NH26b"},{"stopId":1032133,"stopName":"Parroquia San Francisco Solano","stopTypeGroup":"bus","stopLat":-12.0302298,"stopLon":-77.0298166,"routeNames":"1103 1403 1602 1610 2412 2607 2608 2609 2611 2703 370 IM12-(Lima-Callao) NH26b"},{"stopId":931377,"stopName":"Huaraz","stopTypeGroup":"bus","stopLat":-12.0301938,"stopLon":-77.0912731,"routeNames":"1703-(Lima-Callao) 2303 3203-(Lima-Callao) 4905-(Lima-Callao) 9305-(Lima-Callao) CR24 CR25 CR44-(Lima-Callao) CR57 CR58 ICR10 IM06 IM24 IM40 IO04 IO28b IO30b IO32b IO35b IO55 IO68 OM21"},{"stopId":1456621,"stopName":"10 de Junio","stopTypeGroup":"bus","stopLat":-12.0301838,"stopLon":-77.0498201,"routeNames":"1217 2703 CR12 CR43"},{"stopId":1195041,"stopName":"Avenida Perú","stopTypeGroup":"bus","stopLat":-12.030177,"stopLon":-77.0944821,"routeNames":"3203-(Lima-Callao) CR57 CR58 ICR10 IM47 IO35b UCL01-(Lima-Callao) UCL03-(Lima-Callao)"},{"stopId":1310594,"stopName":"Parroquia San Francisco Solano","stopTypeGroup":"bus","stopLat":-12.0301024,"stopLon":-77.0295697,"routeNames":"336"},{"stopId":931418,"stopName":"Quilca","stopTypeGroup":"bus","stopLat":-12.030038,"stopLon":-77.0946907,"routeNames":"1703-(Lima-Callao) 4905-(Lima-Callao) 9305-(Lima-Callao) CR24 CR25 CR44-(Lima-Callao) IM06 IM24 IM40 IO04 IO28b IO30b IO32b IO55 IO68 OM21 UCL03-(Lima-Callao)"},{"stopId":1303794,"stopName":"Felipe Aranclibia","stopTypeGroup":"bus","stopLat":-12.0300027,"stopLon":-77.0360041,"routeNames":"2703"},{"stopId":1810145,"stopName":"Colegios","stopTypeGroup":"bus","stopLat":-12.029945,"stopLon":-77.0309722,"routeNames":"Cole-Bus"},{"stopId":1017571,"stopName":"Piñonate","stopTypeGroup":"bus","stopLat":-12.0299018,"stopLon":-77.0428004,"routeNames":"1217 2209 2409 2702 2703 3505 3906-(Lima-Callao) 8306 9306-(Callao-Lima) CR12 CR43 IM12-(Lima-Callao) IO52 OM23 OM33 OM34 SH112a"},{"stopId":1017595,"stopName":"Arica","stopTypeGroup":"bus","stopLat":-12.0298993,"stopLon":-77.0430541,"routeNames":"1103 1403 1602 1610 2209 2409 2611 2702 NH26b OM23 OM33 OM34 SH112a"},{"stopId":931380,"stopName":"Quilca","stopTypeGroup":"bus","stopLat":-12.0298735,"stopLon":-77.0942881,"routeNames":"1703-(Lima-Callao) 3203-(Lima-Callao) 4905-(Lima-Callao) 9305-(Lima-Callao) CR24 CR25 CR44-(Lima-Callao) CR57 CR58 ICR10 IM06 IM24 IM40 IO04 IO28b IO30b IO32b IO35b IO55 IO68 OM21"},{"stopId":1196836,"stopName":"Habich","stopTypeGroup":"bus","stopLat":-12.0298585,"stopLon":-77.0597094,"routeNames":"1174-(Lima-Callao) 1508 2404-(Lima-Callao) 2406 2804-(Lima-Callao) CR07 CR62 IM47 IO27 IO35b IO38b IO45 IPC06 OM23 OM33 OM34"},{"stopId":1300194,"stopName":"Avenida Villacampa","stopTypeGroup":"bus","stopLat":-12.0298191,"stopLon":-77.0357037,"routeNames":"2703 IM12-(Lima-Callao)"},{"stopId":1456620,"stopName":"La VIictoria","stopTypeGroup":"bus","stopLat":-12.029785,"stopLon":-77.0526016,"routeNames":"1217 2703 CR12 CR43"},{"stopId":1533797,"stopName":"Los Virreyes","stopTypeGroup":"bus","stopLat":-12.0297194,"stopLon":-77.029092,"routeNames":"Cole-Bus"},{"stopId":1032101,"stopName":"Pizarro","stopTypeGroup":"bus","stopLat":-12.0297045,"stopLon":-77.0428177,"routeNames":"1103 1403 1602 1610 2611 2703 NH26b"},{"stopId":815584,"stopName":"Parque del Trabajo","stopTypeGroup":"bus","stopLat":-12.0295725,"stopLon":-77.0442438,"routeNames":"A B D"},{"stopId":1522944,"stopName":"Los Virreyes","stopTypeGroup":"bus","stopLat":-12.029562,"stopLon":-77.0291081},{"stopId":1196834,"stopName":"Canada","stopTypeGroup":"bus","stopLat":-12.0295308,"stopLon":-77.0642407,"routeNames":"1174-(Lima-Callao) 1508 2404-(Lima-Callao) 2406 2804-(Lima-Callao) CR07 CR62 IM47 IO27 IO35b IO38b IO45 IPC06 OM23 OM33 OM34"},{"stopId":737417,"stopName":"Lima","stopTypeGroup":"bus","stopLat":-12.0295096,"stopLon":-77.0766449,"routeNames":"018p 1031 1103 1201 1278-(Lima-Callao) 1503 1504 1506 1513 1514 1518 1604 1611 1615 1618 1704 1901-(Lima-Callao) 2408 2502 2505 2513 2613 2701-(Lima-Callao) 3205 4205 4206 7103 8104 CR17 ICR14 IM04 IM21 IO44b SH24a"},{"stopId":1196841,"stopName":"Canada","stopTypeGroup":"bus","stopLat":-12.0294831,"stopLon":-77.0638758,"routeNames":"1174-(Lima-Callao) 1508 2404-(Lima-Callao) 2406 2804-(Lima-Callao) CR07 CR62 IM47 IO27 IO35b IO38b IO45 IPC06 OM23 OM33 OM34"},{"stopId":1312032,"stopName":"Lima","stopTypeGroup":"bus","stopLat":-12.0294204,"stopLon":-77.0802605,"routeNames":"2502 2505 2701-(Lima-Callao) IO35b"},{"stopId":1312033,"stopName":"Universitaria","stopTypeGroup":"bus","stopLat":-12.0293836,"stopLon":-77.0768702,"routeNames":"4908-(Lima-Callao) IO35b"},{"stopId":737710,"stopName":"Habich","stopTypeGroup":"bus","stopLat":-12.0293836,"stopLon":-77.0573169,"routeNames":"1213 1308 1404 1411 1412 1505 1607 1612 1701 1702 1706 1801-(Lima-Callao) 1802 1804 2204 2404-(Lima-Callao) 2406 2407 2414 2511-(Lima-Callao) 2603 2604 2703 2804-(Lima-Callao) 2805 4204 4212 7101 8102 8105 8107 8108 8109 8110 8111 8112 8211 8"},{"stopId":735411,"stopName":"Madrid","stopTypeGroup":"bus","stopLat":-12.0292813,"stopLon":-77.0308757,"routeNames":"1103 1403 1602 1610 2412 2607 2608 2609 2611 2703 301 305 370 IM12-(Lima-Callao) NH26b"},{"stopId":2003359,"stopName":"Lima","stopTypeGroup":"bus","stopLat":-12.029215751137734,"stopLon":-77.08322167396547,"routeNames":"4908-(Lima-Callao)"},{"stopId":736376,"stopName":"Lima","stopTypeGroup":"bus","stopLat":-12.029158,"stopLon":-77.0766395,"routeNames":"018p 1031 1103 1201 1278-(Lima-Callao) 1503 1504 1506 1513 1514 1518 1604 1611 1615 1618 1704 1901-(Lima-Callao) 2408 2502 2505 2513 2613 3205 4205 4206 7103 8104 CR17 ICR14 IM04 IM21 IO35b IO44b SH24a"},{"stopId":1325353,"stopName":"Parque Franco Peruano","stopTypeGroup":"bus","stopLat":-12.0290741,"stopLon":-77.0513946,"routeNames":"2703"},{"stopId":1022551,"stopName":"Túpac Amaru","stopTypeGroup":"bus","stopLat":-12.029061,"stopLon":-77.0441616,"routeNames":"1608 2411 2510 2803 8209 9307-(Callao-Lima) CR07 IO19 IO27"},{"stopId":1309253,"stopName":"Avenida Lima","stopTypeGroup":"bus","stopLat":-12.028948153371616,"stopLon":-77.07875310859833,"routeNames":"2701-(Lima-Callao)"},{"stopId":735470,"stopName":"Las Calezas","stopTypeGroup":"bus","stopLat":-12.0288773,"stopLon":-77.0310795,"routeNames":"1103 1403 1602 1610 2412 2607 2608 2609 2611 2703 301 305 370 IM12-(Lima-Callao) NH26b"},{"stopId":1019284,"stopName":"Lima","stopTypeGroup":"bus","stopLat":-12.0287759,"stopLon":-77.0875232,"routeNames":"7204 8201 8214"},{"stopId":1313796,"stopName":"Lima","stopTypeGroup":"bus","stopLat":-12.0286124,"stopLon":-77.0889509,"routeNames":"3203-(Lima-Callao) 4210-(Lima-Callao) IM57"},{"stopId":1323498,"stopName":"Chile","stopTypeGroup":"bus","stopLat":-12.0285416,"stopLon":-77.0664874,"routeNames":"1508 CR62 IM22 IM47 IO35b IO38b IO45 IPC06"},{"stopId":1017572,"stopName":"Caquetá","stopTypeGroup":"bus","stopLat":-12.0284965,"stopLon":-77.0440318,"routeNames":"1103 1403 1602 1610 2209 2409 2611 2702 NH26b OM23 OM33 OM34 SH112a"},{"stopId":1019315,"stopName":"Lima","stopTypeGroup":"bus","stopLat":-12.0284093,"stopLon":-77.0875088,"routeNames":"3203-(Lima-Callao) 4210-(Lima-Callao) 7204 8201 8214 IM57"},{"stopId":761243,"stopName":"Lima Cargo","stopTypeGroup":"bus","stopLat":-12.0283737,"stopLon":-77.1026704,"routeNames":"1491 1501-(Lima-Callao) 1502-(Lima-Callao) 2511-(Lima-Callao) 9305-(Lima-Callao) CR13 CR14 CR15 CR16 CR17 CR19 CR27 CR32 CR34 CR35 CR41 CR42 CR49 CR51 CR53 CR56 CR57 CR58 CR61 CR62 CR65 CR69 CR71 CR75 CR84 ICR05 ICR10 IM08 IM12-(Lima-Callao"},{"stopId":1196833,"stopName":"Chile","stopTypeGroup":"bus","stopLat":-12.0282714,"stopLon":-77.0665464,"routeNames":"1174-(Lima-Callao) 2404-(Lima-Callao) 2406 2804-(Lima-Callao) CR07 IM22 IO27 OM23 OM33 OM34"},{"stopId":1017594,"stopName":"Caquetá","stopTypeGroup":"bus","stopLat":-12.0282653,"stopLon":-77.0445966,"routeNames":"1103 1403 1602 1608 1610 2209 2409 2411 2510 2611 2702 2803 8209 9307-(Callao-Lima) CR07 IO19 IO27 NH26b OM23 OM33 OM34 SH112a"},{"stopId":1196842,"stopName":"Chile","stopTypeGroup":"bus","stopLat":-12.0282399,"stopLon":-77.0663345,"routeNames":"1174-(Lima-Callao) 1508 2404-(Lima-Callao) 2406 2804-(Lima-Callao) CR07 CR62 IM47 IO27 IO35b IO38b IO45 IPC06 OM23 OM33 OM34"},{"stopId":1300184,"stopName":"Monitor Huascar","stopTypeGroup":"bus","stopLat":-12.0282294,"stopLon":-77.0342445,"routeNames":"2703 Cole-Bus"},{"stopId":1456619,"stopName":"García y Lastre","stopTypeGroup":"bus","stopLat":-12.0281795,"stopLon":-77.0534974,"routeNames":"1217 CR12 CR43"},{"stopId":1300193,"stopName":"Monitor Huáscar","stopTypeGroup":"bus","stopLat":-12.0281664,"stopLon":-77.0343572,"routeNames":"2703 IM12-(Lima-Callao)"},{"stopId":761279,"stopName":"Lima Cargo","stopTypeGroup":"bus","stopLat":-12.0280851,"stopLon":-77.1029681,"routeNames":"1491 1501-(Lima-Callao) 1502-(Lima-Callao) 2511-(Lima-Callao) CR13 CR14 CR15 CR16 CR17 CR19 CR27 CR32 CR34 CR35 CR41 CR42 CR49 CR51 CR53 CR56 CR57 CR58 CR61 CR62 CR65 CR69 CR71 CR75 CR84 ICR05 ICR10 IM08 IM12-(Lima-Callao) IM18 IM19 IM20 IM26"},{"stopId":1023752,"stopName":"Panamericana Norte","stopTypeGroup":"bus","stopLat":-12.0280217,"stopLon":-77.0570571,"routeNames":"1174-(Lima-Callao) 1217 1508 1608 1612 2702 8209 9307-(Callao-Lima) CR07 CR62 IM47 IO19 IO27 IO35b IO38b IO45 IPC06 OM23 OM33 OM34"},{"stopId":732395,"stopName":"Túnel","stopTypeGroup":"bus","stopLat":-12.0279382,"stopLon":-77.019538,"routeNames":"303 412 4307"},{"stopId":931379,"stopName":"Calle 2","stopTypeGroup":"bus","stopLat":-12.0276649,"stopLon":-77.0971847,"routeNames":"1703-(Lima-Callao) 4905-(Lima-Callao) CR24 CR25 CR44-(Lima-Callao) IM06 IM24 IM40 IO04 IO28b IO30b IO32b IO55 IO68 OM21 UCL03-(Lima-Callao)"},{"stopId":735410,"stopName":"La Colonia","stopTypeGroup":"bus","stopLat":-12.0275814,"stopLon":-77.032764,"routeNames":"1103 1403 1602 1610 2412 2607 2608 2611 2703 301 305 370 IM12-(Lima-Callao) NH26b"},{"stopId":931417,"stopName":"Pasaje 10","stopTypeGroup":"bus","stopLat":-12.0275587,"stopLon":-77.0975068,"routeNames":"1703-(Lima-Callao) 4905-(Lima-Callao) 9305-(Lima-Callao) CR24 CR25 CR44-(Lima-Callao) IM06 IM24 IM40 IO04 IO28b IO30b IO32b IO55 IO68 OM21 UCL03-(Lima-Callao)"},{"stopId":1196831,"stopName":"Calle B","stopTypeGroup":"bus","stopLat":-12.0274287,"stopLon":-77.0721608,"routeNames":"1174-(Lima-Callao) 2404-(Lima-Callao) 2406 2804-(Lima-Callao) CR07 IM22 IO27 OM23 OM33 OM34"},{"stopId":1196843,"stopName":"Calle B","stopTypeGroup":"bus","stopLat":-12.0273619,"stopLon":-77.0719743,"routeNames":"1174-(Lima-Callao) 2404-(Lima-Callao) 2406 2804-(Lima-Callao) CR07 IM22 IO27 OM23 OM33 OM34"},{"stopId":735472,"stopName":"Arancibia","stopTypeGroup":"bus","stopLat":-12.0273611,"stopLon":-77.0327961,"routeNames":"1103 1403 1602 1610 2412 2607 2608 2609 2611 2703 301 305 370 IM12-(Lima-Callao) NH26b"},{"stopId":1032127,"stopName":"Guardia Republicana","stopTypeGroup":"bus","stopLat":-12.0269864,"stopLon":-77.0401265,"routeNames":"1103 1403 1602 1610 2611 2703 IM12-(Lima-Callao) NH26b"},{"stopId":1303792,"stopName":"Isidro Alcibar","stopTypeGroup":"bus","stopLat":-12.0269387,"stopLon":-77.0505738,"routeNames":"2703"},{"stopId":737418,"stopName":"José Granda","stopTypeGroup":"bus","stopLat":-12.0268994,"stopLon":-77.0755988,"routeNames":"018p 1031 1103 1201 1278-(Lima-Callao) 1503 1504 1506 1513 1514 1518 1604 1611 1615 1618 1704 1901-(Lima-Callao) 2408 2502 2505 2513 2613 2701-(Lima-Callao) 3205 4205 4206 7103 8104 CR17 ICR14 IM04 IM21 IO35b IO44b SH24a"},{"stopId":1032100,"stopName":"Guardia Republicana","stopTypeGroup":"bus","stopLat":-12.0266352,"stopLon":-77.039937,"routeNames":"1103 1403 1602 1610 2611 2703 NH26b"},{"stopId":1201635,"stopName":"Habich","stopTypeGroup":"bus","stopLat":-12.0265829,"stopLon":-77.0545552,"routeNames":"1217 CR12 CR43"},{"stopId":1023715,"stopName":"Valdizán","stopTypeGroup":"bus","stopLat":-12.0265468,"stopLon":-77.054721,"routeNames":"1174-(Lima-Callao) 1217 1508 1608 1612 2702 8209 9307-(Callao-Lima) CR07 CR62 IM47 IO19 IO27 IO35b IO38b IO45 IPC06 OM23 OM33 OM34"},{"stopId":1023751,"stopName":"Valdizán","stopTypeGroup":"bus","stopLat":-12.0263533,"stopLon":-77.0546324,"routeNames":"1174-(Lima-Callao) 1508 1608 2702 8209 9307-(Callao-Lima) CR07 CR62 IM47 IO19 IO27 IO35b IO45 IPC06 OM23 OM33 OM34"},{"stopId":735474,"stopName":"Amancaes","stopTypeGroup":"bus","stopLat":-12.0263257,"stopLon":-77.033961,"routeNames":"1103 1403 1602 1610 2412 2607 2608 2611 301 305 370 371 Cole-Bus NH26b"},{"stopId":1466016,"stopName":"Habich","stopTypeGroup":"bus","stopLat":-12.0263248,"stopLon":-77.0547876,"routeNames":"1612 CR12 CR43 IO38b"},{"stopId":1310603,"stopName":"Barreda y Aguilar","stopTypeGroup":"bus","stopLat":-12.0263196,"stopLon":-77.0284188,"routeNames":"336 Cole-Bus"},{"stopId":732461,"stopName":"Losa","stopTypeGroup":"bus","stopLat":-12.0262435,"stopLon":-77.0197472,"routeNames":"412 4307"},{"stopId":1032131,"stopName":"Amancaes","stopTypeGroup":"bus","stopLat":-12.0261957,"stopLon":-77.0343275,"routeNames":"1103 1403 1602 1610 2611 305 371 IM12-(Lima-Callao) NH26b"},{"stopId":1041976,"stopName":"José Granda","stopTypeGroup":"bus","stopLat":-12.0261216,"stopLon":-77.07482,"routeNames":"1174-(Lima-Callao) 2404-(Lima-Callao) 2406 2804-(Lima-Callao) CR07 IM22 IO27 OM23 OM33 OM34"},{"stopId":735408,"stopName":"Amancaes","stopTypeGroup":"bus","stopLat":-12.0260992,"stopLon":-77.0340648,"routeNames":"2412 2607 2608 301 370"},{"stopId":1309252,"stopName":"Luis Hague","stopTypeGroup":"bus","stopLat":-12.0260783,"stopLon":-77.0776856,"routeNames":"2701-(Lima-Callao)"},{"stopId":1303854,"stopName":"Villavicencio","stopTypeGroup":"bus","stopLat":-12.0260468,"stopLon":-77.0579016,"routeNames":"2703"},{"stopId":1046714,"stopName":"Mercado de Ciudad y Campo","stopTypeGroup":"bus","stopLat":-12.0259873,"stopLon":-77.0285696,"routeNames":"2412 2607 2608 2609"},{"stopId":931381,"stopName":"Tamayo","stopTypeGroup":"bus","stopLat":-12.0259404,"stopLon":-77.0980735,"routeNames":"1703-(Lima-Callao) 4905-(Lima-Callao) CR24 CR25 CR44-(Lima-Callao) IM06 IM24 IM40 IO04 IO28b IO30b IO32b IO55 OM21 UCL03-(Lima-Callao)"},{"stopId":1196829,"stopName":"Ovalo Granda","stopTypeGroup":"bus","stopLat":-12.0258495,"stopLon":-77.0760179,"routeNames":"1174-(Lima-Callao) 1278-(Lima-Callao) 2404-(Lima-Callao) 2406 4205 4206 CR07 ICR14 IM04 IM22 IO27 IO35b OM23 OM33 OM34"},{"stopId":1019285,"stopName":"Pacasmayo","stopTypeGroup":"bus","stopLat":-12.0258436,"stopLon":-77.0862497,"routeNames":"7204 8201 8214"},{"stopId":1324396,"stopName":"Villavicencio","stopTypeGroup":"bus","stopLat":-12.0258422,"stopLon":-77.0577139},{"stopId":931416,"stopName":"Tamayo","stopTypeGroup":"bus","stopLat":-12.0258378,"stopLon":-77.098408,"routeNames":"1703-(Lima-Callao) 4905-(Lima-Callao) 9305-(Lima-Callao) CR24 CR25 CR44-(Lima-Callao) IM06 IM24 IM40 IO04 IO28b IO30b IO32b IO55 IO68 OM21 UCL03-(Lima-Callao)"},{"stopId":1032128,"stopName":"Morro Solar","stopTypeGroup":"bus","stopLat":-12.0256695,"stopLon":-77.0388658,"routeNames":"1103 1403 1602 1610 2611 IM12-(Lima-Callao) NH26b"},{"stopId":737535,"stopName":"Honorio Delgado","stopTypeGroup":"bus","stopLat":-12.0256611,"stopLon":-77.0587948,"routeNames":"1213 1217 1308 1404 1411 1412 1505 1607 1608 1701 1702 1706 1801-(Lima-Callao) 1802 1804 2204 2407 2414 2511-(Lima-Callao) 2603 2604 2702 2805 4204 4212 7101 8102 8105 8107 8108 8109 8110 8111 8112 8209 8211 8212 9307-(Callao-Lima) 9401-(Lima-"},{"stopId":737711,"stopName":"Honorio Delgado","stopTypeGroup":"bus","stopLat":-12.0256375,"stopLon":-77.0583495,"routeNames":"1213 1217 1308 1404 1411 1412 1505 1607 1608 1701 1702 1706 1801-(Lima-Callao) 1802 1804 2204 2407 2414 2511-(Lima-Callao) 2603 2604 2702 2805 4204 4212 7101 8102 8105 8107 8108 8109 8110 8111 8112 8209 8211 8212 9307-(Callao-Lima) 9401-(Lima-"}]