[{"stopId":739299,"stopName":"Villa del Mar","stopTypeGroup":"bus","stopLat":-12.2082441,"stopLon":-76.9518256,"routeNames":"1801-(Lima-Callao) 8107 8108 8111 8112 8214 8503 8513 8723 IO06"},{"stopId":1331394,"stopName":"Óvalo de la Mujer","stopTypeGroup":"bus","stopLat":-12.2079898,"stopLon":-76.9399568,"routeNames":"8720"},{"stopId":1311122,"stopName":"Óvalo de la Mujer","stopTypeGroup":"bus","stopLat":-12.2079085,"stopLon":-76.9396216,"routeNames":"7802 7803 8105"},{"stopId":1865639,"stopName":"Estación Villa El Salvador","stopTypeGroup":"bus","stopLat":-12.20778492275084,"stopLon":-76.93351954225949,"routeNames":"8720 8802"},{"stopId":1304210,"stopName":"El Rosedal","stopTypeGroup":"bus","stopLat":-12.207531,"stopLon":-76.9274068,"routeNames":"1110 1804 8104 8211 8716 8717 8722 8724 8728 8729 IO28b NH25 NH27p"},{"stopId":1304209,"stopName":"El Rosedal","stopTypeGroup":"bus","stopLat":-12.2074628,"stopLon":-76.9272727,"routeNames":"1110 1804 8104 8211 8716 8717 8722 8724 8728 8729 IO28b NH25 NH27p"},{"stopId":1330681,"stopName":"Los Tupis","stopTypeGroup":"bus","stopLat":-12.2074157,"stopLon":-76.9298422,"routeNames":"7807"},{"stopId":1300785,"stopName":"Auxiliar Pachacutec","stopTypeGroup":"bus","stopLat":-12.2073737,"stopLon":-76.9269186,"routeNames":"8614 IM06"},{"stopId":738119,"stopName":"Villa El Salvador","stopTypeGroup":"metro","stopLat":-12.2072898,"stopLon":-76.9333506,"routeNames":"Línea-1"},{"stopId":1330637,"stopName":"Óvalo Cuaves","stopTypeGroup":"bus","stopLat":-12.2071063,"stopLon":-76.9374865,"routeNames":"7802 7803 8105 8613 8720"},{"stopId":1312593,"stopName":"Juan Velasco Alvarado","stopTypeGroup":"bus","stopLat":-12.2070591,"stopLon":-76.9371593,"routeNames":"8802 8892"},{"stopId":1699866,"stopName":"Alameda Don Alfonso","stopTypeGroup":"bus","stopLat":-12.2066929,"stopLon":-76.9998667,"routeNames":"7103"},{"stopId":737598,"stopName":"Óvalo Cuaves","stopTypeGroup":"bus","stopLat":-12.206582,"stopLon":-76.9375348,"routeNames":"1061 1802 2805 3813 3814 7802 8109 8212 8611 8612 8619 SH24"},{"stopId":1312594,"stopName":"Óvalo Cuaves","stopTypeGroup":"bus","stopLat":-12.2065401,"stopLon":-76.9372451,"routeNames":"7803 8105 8892"},{"stopId":1300784,"stopName":"El Rosedal","stopTypeGroup":"bus","stopLat":-12.2063408,"stopLon":-76.9244564,"routeNames":"8614 IM06"},{"stopId":1316388,"stopName":"Camposanto Nuestra Señora de la Nube","stopTypeGroup":"bus","stopLat":-12.2062884,"stopLon":-76.9673234,"routeNames":"3805 8605 IO50 OM33"},{"stopId":828182,"stopName":"Villa del Mar","stopTypeGroup":"bus","stopLat":-12.206236,"stopLon":-76.9474831,"routeNames":"7802 7803 7811 8201 8302 8306 8520 8613 8621 8718 9801-(Lima-Callao) IM22 OM19 OM21 OM37"},{"stopId":793482,"stopName":"Pastor Sevilla","stopTypeGroup":"bus","stopLat":-12.2061573,"stopLon":-76.9533491,"routeNames":"AS04"},{"stopId":739350,"stopName":"El Sol","stopTypeGroup":"bus","stopLat":-12.2060105,"stopLon":-76.9526839,"routeNames":"1801-(Lima-Callao) 8107 8108 8111 8112 8214 8503 8513 8723 IO06"},{"stopId":828137,"stopName":"Villa del Mar","stopTypeGroup":"bus","stopLat":-12.2059699,"stopLon":-76.9477661,"routeNames":"7802 7803 7811 8201 8302 8306 8520 8613 8621 8718 9801-(Lima-Callao) IM22 OM19 OM21 OM37"},{"stopId":793616,"stopName":"Villa Rica","stopTypeGroup":"bus","stopLat":-12.2059447,"stopLon":-76.9747692,"routeNames":"1058 8406 8504 8505 8508 8510 8511 8618"},{"stopId":1330541,"stopName":"Diseñadores","stopTypeGroup":"bus","stopLat":-12.2059266,"stopLon":-76.9316232,"routeNames":"7801 7807"},{"stopId":1390365,"stopName":"Villa Rica","stopTypeGroup":"bus","stopLat":-12.2058899,"stopLon":-76.9745117,"routeNames":"2804-(Lima-Callao)"},{"stopId":737644,"stopName":"Arriba Perú","stopTypeGroup":"bus","stopLat":-12.2058322,"stopLon":-76.9411933,"routeNames":"1061 1802 2805 3813 3814 8109 8212 8611 8612 8619 8720 SH24"},{"stopId":793542,"stopName":"Villa Rica","stopTypeGroup":"bus","stopLat":-12.2058197,"stopLon":-76.9748993,"routeNames":"1058 8406 8504 8505 8508 8510 8511 8618"},{"stopId":1312628,"stopName":"Virgen de Chapi","stopTypeGroup":"bus","stopLat":-12.2057588,"stopLon":-76.9799942,"routeNames":"7705"},{"stopId":1308995,"stopName":"Villa Rica","stopTypeGroup":"bus","stopLat":-12.2057169,"stopLon":-76.9751072,"routeNames":"7505 7701 IO03"},{"stopId":1331393,"stopName":"Arriba Perú","stopTypeGroup":"bus","stopLat":-12.2055648,"stopLon":-76.9414455,"routeNames":"8720"},{"stopId":739298,"stopName":"El Sol","stopTypeGroup":"bus","stopLat":-12.2053289,"stopLon":-76.9534242,"routeNames":"1801-(Lima-Callao) 8107 8108 8111 8112 8214 8503 8513 8723 IO06"},{"stopId":793493,"stopName":"Pastor Sevilla","stopTypeGroup":"bus","stopLat":-12.2052974,"stopLon":-76.9527698,"routeNames":"AS04"},{"stopId":1300783,"stopName":"Los Nogales","stopTypeGroup":"bus","stopLat":-12.2051244,"stopLon":-76.9248641,"routeNames":"8614 IM06"},{"stopId":1330542,"stopName":"Renacel","stopTypeGroup":"bus","stopLat":-12.2051165,"stopLon":-76.9297081,"routeNames":"7801"},{"stopId":1330638,"stopName":"Jirón Unión","stopTypeGroup":"bus","stopLat":-12.2047679,"stopLon":-76.9336939,"routeNames":"7802 7803 8105"},{"stopId":1300781,"stopName":"Los Cedros","stopTypeGroup":"bus","stopLat":-12.2047417,"stopLon":-76.9239092,"routeNames":"8614 IM06"},{"stopId":1312662,"stopName":"Villa Del Mar","stopTypeGroup":"bus","stopLat":-12.20449,"stopLon":-76.9453669,"routeNames":"8720"},{"stopId":1304104,"stopName":"Jirón Unión","stopTypeGroup":"bus","stopLat":-12.2044166,"stopLon":-76.9336402,"routeNames":"7801 7802 7803 7807 8105 8892 OM36"},{"stopId":1312626,"stopName":"Santa Isabel","stopTypeGroup":"bus","stopLat":-12.2043222,"stopLon":-76.9799995,"routeNames":"7705"},{"stopId":737597,"stopName":"Arriba Perú","stopTypeGroup":"bus","stopLat":-12.2041544,"stopLon":-76.9389671,"routeNames":"1061 1802 2805 3813 3814 8109 8212 8611 8612 8619 SH24"},{"stopId":793483,"stopName":"Micaela Bastidas","stopTypeGroup":"bus","stopLat":-12.203908,"stopLon":-76.9493794,"routeNames":"AS04"},{"stopId":1304100,"stopName":"Avenida Pachacútec","stopTypeGroup":"bus","stopLat":-12.2037874,"stopLon":-76.929059,"routeNames":"7802 7803 8105 8892"},{"stopId":828183,"stopName":"El Sol","stopTypeGroup":"bus","stopLat":-12.2037743,"stopLon":-76.9489744,"routeNames":"7802 7803 7811 8201 8302 8306 8520 8613 8621 8718 9801-(Lima-Callao) IM22 OM19 OM21 OM37"},{"stopId":1304103,"stopName":"Juan Velasco Alvarado","stopTypeGroup":"bus","stopLat":-12.203672,"stopLon":-76.9329214,"routeNames":"7801 7807 OM36"},{"stopId":817159,"stopName":"Ferrocarril","stopTypeGroup":"bus","stopLat":-12.2036102,"stopLon":-76.907481,"routeNames":"8110 8404 8503 8506 8626 8701 8702 8711 8714 8715 8803"},{"stopId":817146,"stopName":"Ferrocarril","stopTypeGroup":"bus","stopLat":-12.2034309,"stopLon":-76.907655,"routeNames":"8110 8404 8506 8626 8701 8702 8711 8714 8715 8803"},{"stopId":1308303,"stopName":"Atocongo","stopTypeGroup":"bus","stopLat":-12.2034204,"stopLon":-76.9073761,"routeNames":"8503 8803"},{"stopId":737645,"stopName":"Villa del Mar","stopTypeGroup":"bus","stopLat":-12.2033889,"stopLon":-76.9426632,"routeNames":"1061 1802 2805 3813 3814 8109 8212 8611 8612 8619 8720 SH24"},{"stopId":1332595,"stopName":"Revolución","stopTypeGroup":"bus","stopLat":-12.2033863,"stopLon":-76.9428724,"routeNames":"8720"},{"stopId":793492,"stopName":"Micaela Bastidas","stopTypeGroup":"bus","stopLat":-12.2032185,"stopLon":-76.9491675,"routeNames":"7801 7807 AS04 OM36"},{"stopId":739351,"stopName":"Los Ángeles","stopTypeGroup":"bus","stopLat":-12.2031897,"stopLon":-76.9543952,"routeNames":"1801-(Lima-Callao) 8107 8108 8111 8112 8214 8503 8513 8723 IO06"},{"stopId":828136,"stopName":"El Sol","stopTypeGroup":"bus","stopLat":-12.2031779,"stopLon":-76.9494465,"routeNames":"7802 7803 7807 7811 8201 8302 8306 8520 8613 8621 8718 9801-(Lima-Callao) IM22 OM19 OM21 OM36 OM37"},{"stopId":1304102,"stopName":"Pachacútec","stopTypeGroup":"bus","stopLat":-12.2030271,"stopLon":-76.9304162,"routeNames":"7802 7803 8105 8892"},{"stopId":1308941,"stopName":"Puente Toyota","stopTypeGroup":"bus","stopLat":-12.2029852,"stopLon":-76.9749141,"routeNames":"1055 7505 7601 7701 IO03"},{"stopId":739297,"stopName":"Los Ángeles","stopTypeGroup":"bus","stopLat":-12.2029275,"stopLon":-76.9548565,"routeNames":"1801-(Lima-Callao) 8107 8108 8111 8112 8214 8503 8513 8723 IO06"},{"stopId":1312627,"stopName":"José Quiñones","stopTypeGroup":"bus","stopLat":-12.2029223,"stopLon":-76.9785619,"routeNames":"7705 8722"},{"stopId":1304101,"stopName":"Juan Velasco Alvarado","stopTypeGroup":"bus","stopLat":-12.2028908,"stopLon":-76.930038,"routeNames":"1110 1804 7802 7803 8104 8105 8211 8515 8716 8717 8722 8724 8728 8729 8892 IO28b NH25 NH27p"},{"stopId":1312629,"stopName":"Vista Alegre","stopTypeGroup":"bus","stopLat":-12.2028646,"stopLon":-76.9821453,"routeNames":"7705"},{"stopId":1331241,"stopName":"Puente Toyota","stopTypeGroup":"bus","stopLat":-12.2026942,"stopLon":-76.9741684,"routeNames":"1058 8406 8504 8505 8508 8510 8511 8618"},{"stopId":1390364,"stopName":"Puente Toyota","stopTypeGroup":"bus","stopLat":-12.2026496,"stopLon":-76.9739377,"routeNames":"2804-(Lima-Callao)"},{"stopId":1331240,"stopName":"Puente Toyota","stopTypeGroup":"bus","stopLat":-12.2025107,"stopLon":-76.9742864,"routeNames":"1058 8406 8504 8505 8508 8510 8511 8618"},{"stopId":1304288,"stopName":"Juan Velasco Alvarado","stopTypeGroup":"bus","stopLat":-12.2024713,"stopLon":-76.9305021,"routeNames":"1110 1804 8104 8211 8515 8716 8717 8722 8724 8728 8729 IO28b NH25 NH27p"},{"stopId":1316387,"stopName":"Estadio Ollaraya","stopTypeGroup":"bus","stopLat":-12.2024111,"stopLon":-76.9664866,"routeNames":"3805 8605 IO50 OM33"},{"stopId":1316386,"stopName":"Estadio Ollaraya","stopTypeGroup":"bus","stopLat":-12.2023953,"stopLon":-76.9665885,"routeNames":"3805 8605 IO50 OM33"},{"stopId":1131976,"stopName":"Los Álamos","stopTypeGroup":"bus","stopLat":-12.2023638,"stopLon":-76.9465634,"routeNames":"AS04"},{"stopId":1131968,"stopName":"Los Álamos","stopTypeGroup":"bus","stopLat":-12.2023536,"stopLon":-76.9468003,"routeNames":"7807 AS04 OM36"},{"stopId":1312630,"stopName":"Vilcanota","stopTypeGroup":"bus","stopLat":-12.2022826,"stopLon":-76.9817966,"routeNames":"7705"},{"stopId":1300780,"stopName":"Paseo Atahualpa","stopTypeGroup":"bus","stopLat":-12.2022406,"stopLon":-76.9254917,"routeNames":"7802 7803 8614 IM06"},{"stopId":1312611,"stopName":"Simón Bolívar","stopTypeGroup":"bus","stopLat":-12.202183,"stopLon":-76.926409,"routeNames":"8892"},{"stopId":1304099,"stopName":"General Córdova","stopTypeGroup":"bus","stopLat":-12.2020991,"stopLon":-76.9265699,"routeNames":"8892"},{"stopId":1311117,"stopName":"El Sol","stopTypeGroup":"bus","stopLat":-12.2018369,"stopLon":-76.9469547,"routeNames":"7801 8720"},{"stopId":1304117,"stopName":"Los Alamos","stopTypeGroup":"bus","stopLat":-12.2018264,"stopLon":-76.9467455,"routeNames":"7801 7807 OM36"},{"stopId":737595,"stopName":"Villa del Mar","stopTypeGroup":"bus","stopLat":-12.201753,"stopLon":-76.9404209,"routeNames":"1061 1802 2805 3813 3814 8109 8212 8611 8612 8619 SH24"},{"stopId":1308940,"stopName":"Los Pinos","stopTypeGroup":"bus","stopLat":-12.2014935,"stopLon":-76.977194,"routeNames":"1055 7505 7601 7701 7705 8722 IO03"},{"stopId":1311118,"stopName":"Asociación Deportiva San Francisco","stopTypeGroup":"bus","stopLat":-12.201407,"stopLon":-76.9293112,"routeNames":"7802 8105"},{"stopId":1308990,"stopName":"Misti","stopTypeGroup":"bus","stopLat":-12.2013965,"stopLon":-76.9920695,"routeNames":"1055 7701"},{"stopId":1304105,"stopName":"Proyectistas","stopTypeGroup":"bus","stopLat":-12.2009875,"stopLon":-76.9358504,"routeNames":"7801 7807 OM36"},{"stopId":828184,"stopName":"Los Ángeles","stopTypeGroup":"bus","stopLat":-12.2009849,"stopLon":-76.9506508,"routeNames":"7801 7802 7803 7807 7811 8201 8302 8306 8520 8613 8621 8718 9801-(Lima-Callao) IM22 OM19 OM21 OM36 OM37"},{"stopId":1304116,"stopName":"Revolución","stopTypeGroup":"bus","stopLat":-12.2009456,"stopLon":-76.9443476,"routeNames":"7801 7807 OM36"},{"stopId":737646,"stopName":"El Sol","stopTypeGroup":"bus","stopLat":-12.2009403,"stopLon":-76.9441116,"routeNames":"1061 1802 2805 3813 3814 8109 8212 8611 8612 8619 8720 SH24"},{"stopId":1308991,"stopName":"Coropuna","stopTypeGroup":"bus","stopLat":-12.2008302,"stopLon":-76.9894624,"routeNames":"1055 7505 7701 7706"},{"stopId":739352,"stopName":"Pacto Andino","stopTypeGroup":"bus","stopLat":-12.2007673,"stopLon":-76.9558597,"routeNames":"1801-(Lima-Callao) 8107 8108 8111 8112 8214 8503 8513 8723 IO06"},{"stopId":828135,"stopName":"Los Ángeles","stopTypeGroup":"bus","stopLat":-12.2007463,"stopLon":-76.950911,"routeNames":"7802 7803 7807 7811 8201 8302 8306 8520 8613 8621 8718 9801-(Lima-Callao) IM22 OM19 OM21 OM36 OM37"},{"stopId":739296,"stopName":"Pacto Andino","stopTypeGroup":"bus","stopLat":-12.2006205,"stopLon":-76.9562352,"routeNames":"1801-(Lima-Callao) 8107 8108 8111 8112 8214 8503 8513 8723 IO06"},{"stopId":823642,"stopName":"Premio Real","stopTypeGroup":"bus","stopLat":-12.2004475,"stopLon":-76.9964093,"routeNames":"7101 8308"},{"stopId":964911,"stopName":"Simón Bolívar","stopTypeGroup":"bus","stopLat":-12.2004449,"stopLon":-76.9276432,"routeNames":"7802 8105 8892"},{"stopId":1300779,"stopName":"General Mariano Necochea","stopTypeGroup":"bus","stopLat":-12.2004422,"stopLon":-76.9266558,"routeNames":"7802 7803 8614 8892 IM06"},{"stopId":1304115,"stopName":"Revolución","stopTypeGroup":"bus","stopLat":-12.2004003,"stopLon":-76.9442993,"routeNames":"7801 7807 OM36"},{"stopId":823643,"stopName":"Premio Real","stopTypeGroup":"bus","stopLat":-12.2002849,"stopLon":-76.9962591,"routeNames":"7101 8308"},{"stopId":1304106,"stopName":"Proyectistas","stopTypeGroup":"bus","stopLat":-12.2000962,"stopLon":-76.9351315,"routeNames":"7801 7807 OM36"},{"stopId":1308992,"stopName":"Cordillera Negra","stopTypeGroup":"bus","stopLat":-12.1996243,"stopLon":-76.9879067,"routeNames":"1055 7505 7701 7706"},{"stopId":817160,"stopName":"Parque de Atocongo","stopTypeGroup":"bus","stopLat":-12.1995509,"stopLon":-76.9087654,"routeNames":"8110 8404 8506 8626 8701 8702 8711 8714 8715 8803"},{"stopId":1304114,"stopName":"Estación Parque Industrial","stopTypeGroup":"bus","stopLat":-12.1995194,"stopLon":-76.9419497,"routeNames":"7801 7807 OM36"},{"stopId":1303816,"stopName":"Alameda del Remero","stopTypeGroup":"bus","stopLat":-12.1993936,"stopLon":-77.0002878,"routeNames":"2703"},{"stopId":1308939,"stopName":"San Martín","stopTypeGroup":"bus","stopLat":-12.1993831,"stopLon":-76.978873,"routeNames":"7601 IO03"},{"stopId":817144,"stopName":"Parque de Atocongo","stopTypeGroup":"bus","stopLat":-12.1993464,"stopLon":-76.9089103,"routeNames":"8110 8404 8506 8626 8701 8702 8711 8714 8715 8803"},{"stopId":1311116,"stopName":"Los Ángeles","stopTypeGroup":"bus","stopLat":-12.1993097,"stopLon":-76.9485211,"routeNames":"7801 8720"},{"stopId":1304107,"stopName":"Forjadores","stopTypeGroup":"bus","stopLat":-12.1991104,"stopLon":-76.9369018,"routeNames":"7801 7807 OM36"},{"stopId":1325406,"stopName":"Los Forestales","stopTypeGroup":"bus","stopLat":-12.199016,"stopLon":-76.9611007,"routeNames":"2804-(Lima-Callao) 8723"},{"stopId":1330301,"stopName":"Sara Sara","stopTypeGroup":"bus","stopLat":-12.1990056,"stopLon":-76.9913614,"routeNames":"7505 7706"},{"stopId":1308994,"stopName":"Parque 3 de Octubre","stopTypeGroup":"bus","stopLat":-12.1990056,"stopLon":-76.9795489,"routeNames":"1055 7701 7705 8722"},{"stopId":737594,"stopName":"El Sol","stopTypeGroup":"bus","stopLat":-12.1989898,"stopLon":-76.942116,"routeNames":"1061 1802 2805 3813 3814 8109 8212 8611 8612 8619 SH24"},{"stopId":814975,"stopName":"Los Forestales","stopTypeGroup":"bus","stopLat":-12.1989701,"stopLon":-76.960921,"routeNames":"2804-(Lima-Callao)"},{"stopId":1304113,"stopName":"Avenida Central","stopTypeGroup":"bus","stopLat":-12.1989689,"stopLon":-76.941821,"routeNames":"7801 7807 OM36"},{"stopId":1308989,"stopName":"Valdelomar","stopTypeGroup":"bus","stopLat":-12.1987486,"stopLon":-76.9948268,"routeNames":"1055 7505 7701 7706"},{"stopId":1300778,"stopName":"Unión","stopTypeGroup":"bus","stopLat":-12.1987224,"stopLon":-76.9279218,"routeNames":"7803 8507 8614 8703 8704 IM06"},{"stopId":1308988,"stopName":"Valdelomar","stopTypeGroup":"bus","stopLat":-12.1987067,"stopLon":-76.9950038,"routeNames":"1055 7505 7701 7706"},{"stopId":1308938,"stopName":"San Juan","stopTypeGroup":"bus","stopLat":-12.1987014,"stopLon":-76.9779289,"routeNames":"7601 IO03"},{"stopId":1325404,"stopName":"Avenida A","stopTypeGroup":"bus","stopLat":-12.1986333,"stopLon":-76.9632465,"routeNames":"2804-(Lima-Callao) 8723"},{"stopId":1330502,"stopName":"Parque Jesús Artesano","stopTypeGroup":"bus","stopLat":-12.198628,"stopLon":-76.9927508,"routeNames":"7706"},{"stopId":828185,"stopName":"Pacto Andino","stopTypeGroup":"bus","stopLat":-12.1985625,"stopLon":-76.9521073,"routeNames":"7801 7802 7803 7807 7811 8201 8302 8306 8520 8613 8621 8718 9801-(Lima-Callao) IM22 OM19 OM21 OM36 OM37"},{"stopId":814976,"stopName":"Avenida A","stopTypeGroup":"bus","stopLat":-12.1985139,"stopLon":-76.9632331,"routeNames":"2804-(Lima-Callao)"},{"stopId":814979,"stopName":"Pastor Sevilla","stopTypeGroup":"bus","stopLat":-12.1984615,"stopLon":-76.9578257,"routeNames":"2804-(Lima-Callao)"},{"stopId":964915,"stopName":"Tacna","stopTypeGroup":"bus","stopLat":-12.1983686,"stopLon":-76.9241563,"routeNames":"7802 8105 8507 8703 8704 8892"},{"stopId":1316389,"stopName":"Unicachi","stopTypeGroup":"bus","stopLat":-12.1983685,"stopLon":-76.96455,"routeNames":"2804-(Lima-Callao) 3805 8605 8617 8723 IO50 OM33"},{"stopId":739353,"stopName":"1ro de Mayo","stopTypeGroup":"bus","stopLat":-12.1983554,"stopLon":-76.9573295,"routeNames":"1801-(Lima-Callao) 8107 8108 8111 8112 8214 8503 8513 8723 IO06"},{"stopId":828134,"stopName":"Pacto Andino","stopTypeGroup":"bus","stopLat":-12.1983318,"stopLon":-76.9523594,"routeNames":"7802 7803 7807 7811 8201 8302 8306 8520 8613 8621 8718 9801-(Lima-Callao) IM22 OM19 OM21 OM36 OM37"},{"stopId":1304108,"stopName":"Forjadores","stopTypeGroup":"bus","stopLat":-12.1983134,"stopLon":-76.9361293,"routeNames":"7801 7807 OM36"},{"stopId":814977,"stopName":"Unicachi","stopTypeGroup":"bus","stopLat":-12.1982937,"stopLon":-76.9645259,"routeNames":"2804-(Lima-Callao) 3805 8605 8617 8723 IO50 OM33"},{"stopId":1304221,"stopName":"Metalúrgicos","stopTypeGroup":"bus","stopLat":-12.1981771,"stopLon":-76.9330662,"routeNames":"1110 1804 8104 8211 8515 8716 8717 8722 8724 8728 8729 IO28b NH25 NH27p"},{"stopId":737647,"stopName":"Los Ángeles","stopTypeGroup":"bus","stopLat":-12.1981666,"stopLon":-76.9457799,"routeNames":"1061 1802 2805 3813 3814 8109 8212 8611 8612 8619 8720 SH24"},{"stopId":1316385,"stopName":"Forestales","stopTypeGroup":"bus","stopLat":-12.1981352,"stopLon":-76.963166,"routeNames":"8605 8723 IO50 OM33"},{"stopId":1304220,"stopName":"San Francisco","stopTypeGroup":"bus","stopLat":-12.1981247,"stopLon":-76.932916,"routeNames":"1110 1804 8104 8211 8515 8716 8717 8722 8724 8728 8729 IO28b NH25 NH27p"},{"stopId":739295,"stopName":"1ro de Mayo","stopTypeGroup":"bus","stopLat":-12.1980146,"stopLon":-76.9578767,"routeNames":"1801-(Lima-Callao) 8107 8108 8109 8111 8112 8212 8214 8503 8513 8611 8612 8613 8619 8723 IO06 SH24"},{"stopId":1308937,"stopName":"Vista Alegre","stopTypeGroup":"bus","stopLat":-12.1979884,"stopLon":-76.9776821,"routeNames":"7601 IO03"},{"stopId":760635,"stopName":"Pastor Sevilla","stopTypeGroup":"bus","stopLat":-12.197915,"stopLon":-76.9574207,"routeNames":"2804-(Lima-Callao) 8109 8212 8611 8612 8613 8619 SH24"},{"stopId":1304112,"stopName":"Estación Parque Industrial","stopTypeGroup":"bus","stopLat":-12.1978258,"stopLon":-76.9391817,"routeNames":"7801 7807 OM36"},{"stopId":1311119,"stopName":"Tacna","stopTypeGroup":"bus","stopLat":-12.1977157,"stopLon":-76.9244027,"routeNames":"7802"},{"stopId":1308986,"stopName":"Mercadito","stopTypeGroup":"bus","stopLat":-12.1976685,"stopLon":-76.9962135,"routeNames":"1055 7505 7701 7706"},{"stopId":1308987,"stopName":"Mercadito","stopTypeGroup":"bus","stopLat":-12.1976633,"stopLon":-76.9960633,"routeNames":"1055 7505 7701 7706"},{"stopId":1312625,"stopName":"Pico Tutupaca","stopTypeGroup":"bus","stopLat":-12.1975269,"stopLon":-76.9802141,"routeNames":"7705 8722"},{"stopId":1304111,"stopName":"Estación Parque Industrial","stopTypeGroup":"bus","stopLat":-12.1974798,"stopLon":-76.9389242,"routeNames":"7801 7807 OM36"},{"stopId":1325405,"stopName":"Villa del Mar","stopTypeGroup":"bus","stopLat":-12.1974483,"stopLon":-76.9693297,"routeNames":"2804-(Lima-Callao) 8723"},{"stopId":1303849,"stopName":"Caminos del Inca","stopTypeGroup":"bus","stopLat":-12.1974326,"stopLon":-76.9994885,"routeNames":"2703 7101"},{"stopId":1316384,"stopName":"Calle 9","stopTypeGroup":"bus","stopLat":-12.1973696,"stopLon":-76.9613099,"routeNames":"8605 8723 IO50 OM33"},{"stopId":814978,"stopName":"Villa del Mar","stopTypeGroup":"bus","stopLat":-12.1973604,"stopLon":-76.9693163,"routeNames":"2804-(Lima-Callao) 8723"},{"stopId":823644,"stopName":"Los Horizontes","stopTypeGroup":"bus","stopLat":-12.1973592,"stopLon":-76.9992149,"routeNames":"7101 8308"},{"stopId":793617,"stopName":"9 de Diciembre","stopTypeGroup":"bus","stopLat":-12.1973394,"stopLon":-76.9731733,"routeNames":"1058 8406 8504 8505 8508 8510 8511 8618"},{"stopId":1304109,"stopName":"Unión","stopTypeGroup":"bus","stopLat":-12.1973382,"stopLon":-76.9379747,"routeNames":"7801 7807 OM36"},{"stopId":823641,"stopName":"Los Horizontes","stopTypeGroup":"bus","stopLat":-12.1972858,"stopLon":-76.9994724,"routeNames":"2703 8308"},{"stopId":1390363,"stopName":"9 de Diciembre","stopTypeGroup":"bus","stopLat":-12.1972569,"stopLon":-76.9729453,"routeNames":"2804-(Lima-Callao)"},{"stopId":793541,"stopName":"9 de Diciembre","stopTypeGroup":"bus","stopLat":-12.197224,"stopLon":-76.9733289,"routeNames":"1058 8406 8504 8505 8508 8510 8511 8618"},{"stopId":1330527,"stopName":"Cordillera Oriental","stopTypeGroup":"bus","stopLat":-12.1972019,"stopLon":-76.9914687,"routeNames":"7799"},{"stopId":1332449,"stopName":"Mercado Unión","stopTypeGroup":"bus","stopLat":-12.197076,"stopLon":-76.9245422,"routeNames":"8704"},{"stopId":1311115,"stopName":"Pacto Andino","stopTypeGroup":"bus","stopLat":-12.196903,"stopLon":-76.9499159,"routeNames":"7801 8720"},{"stopId":1308993,"stopName":"San Pedro","stopTypeGroup":"bus","stopLat":-12.1968768,"stopLon":-76.9817376,"routeNames":"1055 7701"},{"stopId":1312631,"stopName":"Estadio Túpac Amaru","stopTypeGroup":"bus","stopLat":-12.1968453,"stopLon":-76.9801176,"routeNames":"7705"},{"stopId":1304110,"stopName":"Solidaridad","stopTypeGroup":"bus","stopLat":-12.1967667,"stopLon":-76.9372827,"routeNames":"7801 7807 OM36"},{"stopId":737593,"stopName":"Los Ángeles","stopTypeGroup":"bus","stopLat":-12.196494,"stopLon":-76.943602,"routeNames":"1061 1802 2805 3813 3814 8109 8212 8611 8612 8619 SH24"},{"stopId":1304239,"stopName":"Cordillera La Viuda","stopTypeGroup":"bus","stopLat":-12.1962476,"stopLon":-76.9845915,"routeNames":"1055 7701 7706 7708 8724"},{"stopId":1468577,"stopName":"Triángulo","stopTypeGroup":"bus","stopLat":-12.1961689,"stopLon":-76.920374,"routeNames":"7802 8105 8507 8892"},{"stopId":828186,"stopName":"Curva del Diablo","stopTypeGroup":"bus","stopLat":-12.1961637,"stopLon":-76.9535919,"routeNames":"7801 7802 7803 7807 7811 8201 8302 8306 8520 8613 8621 8718 9801-(Lima-Callao) IM22 OM19 OM21 OM36 OM37"},{"stopId":1311120,"stopName":"Lima","stopTypeGroup":"bus","stopLat":-12.1961637,"stopLon":-76.9218278,"routeNames":"7802"},{"stopId":760673,"stopName":"Curva del Diablo","stopTypeGroup":"bus","stopLat":-12.1961584,"stopLon":-76.9538105,"routeNames":"2804-(Lima-Callao) 8109 8212 8611 8612 8613 8619 SH24"},{"stopId":1317169,"stopName":"Colegio Antúnez de Mayolo","stopTypeGroup":"bus","stopLat":-12.1959592,"stopLon":-76.9611061,"routeNames":"3805"},{"stopId":738118,"stopName":"Parque Industrial","stopTypeGroup":"metro","stopLat":-12.1958386,"stopLon":-76.9402814,"routeNames":"Línea-1"},{"stopId":737648,"stopName":"Pacto Andino","stopTypeGroup":"bus","stopLat":-12.1957704,"stopLon":-76.9472337,"routeNames":"1061 1802 2805 3813 3814 8109 8212 8611 8612 8619 8720 SH24"},{"stopId":760634,"stopName":"Curva del Diablo","stopTypeGroup":"bus","stopLat":-12.1957652,"stopLon":-76.9537085,"routeNames":"8109 8212 8302 8611 8612 8619 8718 SH24"},{"stopId":1332416,"stopName":"Santa Rosa","stopTypeGroup":"bus","stopLat":-12.1957442,"stopLon":-76.9222033,"routeNames":"8703 8704"},{"stopId":1300776,"stopName":"Mariscal José La Mar","stopTypeGroup":"bus","stopLat":-12.1957232,"stopLon":-76.9297671,"routeNames":"7803 8507 8614 8703 8704 IM06"},{"stopId":1308936,"stopName":"Simón Bolívar","stopTypeGroup":"bus","stopLat":-12.1957128,"stopLon":-76.9793022,"routeNames":"7601 IO03"},{"stopId":814974,"stopName":"Curva del Diablo","stopTypeGroup":"bus","stopLat":-12.1956799,"stopLon":-76.9539392,"routeNames":"2804-(Lima-Callao) 7801 7802 7803 7807 7811 8201 8306 8520 8621 9801-(Lima-Callao) IM22 OM19 OM21 OM36 OM37"},{"stopId":1308935,"stopName":"Simón Bolívar","stopTypeGroup":"bus","stopLat":-12.1956393,"stopLon":-76.979624,"routeNames":"7601 IO03"},{"stopId":739354,"stopName":"Modelo","stopTypeGroup":"bus","stopLat":-12.1956393,"stopLon":-76.9589871,"routeNames":"1801-(Lima-Callao) 8107 8108 8109 8111 8112 8212 8214 8503 8513 8611 8612 8613 8619 8723 IO06 SH24"},{"stopId":1316390,"stopName":"Calle 6","stopTypeGroup":"bus","stopLat":-12.1956289,"stopLon":-76.9636917,"routeNames":"3805 8605 8617 IO50 OM33"},{"stopId":739294,"stopName":"Modelo","stopTypeGroup":"bus","stopLat":-12.195524,"stopLon":-76.959368,"routeNames":"1801-(Lima-Callao) 3805 8107 8108 8109 8111 8112 8212 8214 8503 8513 8605 8611 8612 8613 8619 IO06 IO50 OM33 SH24"},{"stopId":1308985,"stopName":"Ecológica","stopTypeGroup":"bus","stopLat":-12.1954296,"stopLon":-76.9983137,"routeNames":"1055 7505 7701 7706"},{"stopId":1304223,"stopName":"El Sol","stopTypeGroup":"bus","stopLat":-12.1954244,"stopLon":-76.9345307,"routeNames":"1110 1804 8104 8211 8515 8716 8717 8722 8724 8728 8729 IO28b NH25 NH27p"},{"stopId":1312624,"stopName":"Leoncio Prado","stopTypeGroup":"bus","stopLat":-12.1954086,"stopLon":-76.9824296,"routeNames":"7705 8722"},{"stopId":1317168,"stopName":"Pastor Sevilla","stopTypeGroup":"bus","stopLat":-12.1953982,"stopLon":-76.958912,"routeNames":"3805"},{"stopId":1312632,"stopName":"Leoncio Prado","stopTypeGroup":"bus","stopLat":-12.1951674,"stopLon":-76.9817805,"routeNames":"7705"},{"stopId":1304237,"stopName":"San Martín","stopTypeGroup":"bus","stopLat":-12.195094,"stopLon":-76.9833684,"routeNames":"7706 7708 8724"},{"stopId":1330526,"stopName":"Delicias de Villa","stopTypeGroup":"bus","stopLat":-12.1949367,"stopLon":-76.9921446,"routeNames":"7799"},{"stopId":1304224,"stopName":"El Sol","stopTypeGroup":"bus","stopLat":-12.1948738,"stopLon":-76.9350457,"routeNames":"1110 1804 8104 8211 8515 8716 8717 8722 8724 8728 8729 IO28b NH25 NH27p"},{"stopId":1317174,"stopName":"Alfa","stopTypeGroup":"bus","stopLat":-12.1948057,"stopLon":-76.957764,"routeNames":"3805"},{"stopId":760674,"stopName":"Los Álamos","stopTypeGroup":"bus","stopLat":-12.1947689,"stopLon":-76.9514179,"routeNames":"7801 8109 8212 8302 8611 8612 8619 8718 SH24"},{"stopId":1330525,"stopName":"Nevado Carhuaz","stopTypeGroup":"bus","stopLat":-12.1947585,"stopLon":-76.9896662,"routeNames":"7799"},{"stopId":1330528,"stopName":"Nevado Huandoy","stopTypeGroup":"bus","stopLat":-12.1946851,"stopLon":-76.9945264,"routeNames":"7799"},{"stopId":1317170,"stopName":"Calle 8","stopTypeGroup":"bus","stopLat":-12.1946641,"stopLon":-76.962297,"routeNames":"3805"},{"stopId":1317167,"stopName":"Alfa","stopTypeGroup":"bus","stopLat":-12.1946588,"stopLon":-76.957646,"routeNames":"3805"},{"stopId":1317171,"stopName":"Calle 3","stopTypeGroup":"bus","stopLat":-12.1944491,"stopLon":-76.9630426,"routeNames":"3805"},{"stopId":1606434,"stopName":"Los Algarrobos","stopTypeGroup":"bus","stopLat":-12.1943836,"stopLon":-76.965529},{"stopId":760633,"stopName":"Los Álamos","stopTypeGroup":"bus","stopLat":-12.194297,"stopLon":-76.951198,"routeNames":"8109 8212 8302 8611 8612 8619 8718 8720 SH24"},{"stopId":964933,"stopName":"Ayacucho","stopTypeGroup":"bus","stopLat":-12.194118,"stopLon":-76.919887,"routeNames":"8105 8892"},{"stopId":737592,"stopName":"Pacto Andino","stopTypeGroup":"bus","stopLat":-12.194103,"stopLon":-76.9450316,"routeNames":"1061 1802 2805 3813 3814 8109 8212 8611 8612 8619 SH24"},{"stopId":1300775,"stopName":"Jirón José Olaya","stopTypeGroup":"bus","stopLat":-12.1939195,"stopLon":-76.9289088,"routeNames":"7803 8507 8614 IM06"},{"stopId":1332070,"stopName":"Castilla","stopTypeGroup":"bus","stopLat":-12.1937622,"stopLon":-76.9272834,"routeNames":"8614 8703 8704"},{"stopId":1304240,"stopName":"Atalaya","stopTypeGroup":"bus","stopLat":-12.1937142,"stopLon":-76.9875882,"routeNames":"7708 8724"},{"stopId":1330499,"stopName":"San Juan","stopTypeGroup":"bus","stopLat":-12.193542,"stopLon":-76.9818583,"routeNames":"7705 7706 7708 8722 8724"},{"stopId":1308934,"stopName":"Túpac Amaru","stopTypeGroup":"bus","stopLat":-12.1935105,"stopLon":-76.9816089,"routeNames":"7601 IO03"},{"stopId":1317175,"stopName":"Micaela Bastidas","stopTypeGroup":"bus","stopLat":-12.1934476,"stopLon":-76.955409,"routeNames":"3805"},{"stopId":814980,"stopName":"Modelo","stopTypeGroup":"bus","stopLat":-12.193441,"stopLon":-76.9551931,"routeNames":"2804-(Lima-Callao) 7801 7802 7803 7807 7811 8201 8306 8520 8621 9801-(Lima-Callao) IM22 OM19 OM21 OM36 OM37"},{"stopId":1308933,"stopName":"Túpac Amaru","stopTypeGroup":"bus","stopLat":-12.1934162,"stopLon":-76.9819629,"routeNames":"1703-(Lima-Callao) 7601 7607 IO03 IO89"},{"stopId":817161,"stopName":"Cementos Lima","stopTypeGroup":"bus","stopLat":-12.1933693,"stopLon":-76.9069302,"routeNames":"8110 8404 8506 8626 8701 8702 8711 8714 8715 8803"},{"stopId":1330530,"stopName":"Nevado Raura","stopTypeGroup":"bus","stopLat":-12.1933218,"stopLon":-76.9959641,"routeNames":"7799"},{"stopId":760675,"stopName":"Revolución","stopTypeGroup":"bus","stopLat":-12.1933113,"stopLon":-76.9489235,"routeNames":"8109 8212 8302 8611 8612 8619 8718 SH24"},{"stopId":737649,"stopName":"1 de Mayo","stopTypeGroup":"bus","stopLat":-12.1933008,"stopLon":-76.9487089,"routeNames":"1061 1802 2805 3813 3814 8109 8212 8611 8612 8619 8720 SH24"},{"stopId":1330468,"stopName":"San Juan","stopTypeGroup":"bus","stopLat":-12.1932929,"stopLon":-76.9816732,"routeNames":"1703-(Lima-Callao) 7607 7705 7706 7708 8722 8724 IO89"},{"stopId":1304222,"stopName":"Senati","stopTypeGroup":"bus","stopLat":-12.1932693,"stopLon":-76.9358236,"routeNames":"1110 1804 8104 8211 8515 8716 8717 8722 8724 8728 8729 IO28b NH25 NH27p"},{"stopId":814973,"stopName":"Modelo","stopTypeGroup":"bus","stopLat":-12.1932372,"stopLon":-76.9554104,"routeNames":"2804-(Lima-Callao) 7801 7802 7803 7807 7811 8201 8306 8520 8621 9801-(Lima-Callao) IM22 OM19 OM21 OM36 OM37"},{"stopId":1317166,"stopName":"Micaela Bastidas","stopTypeGroup":"bus","stopLat":-12.1932326,"stopLon":-76.9551784,"routeNames":"3805"},{"stopId":817140,"stopName":"Cementos Lima","stopTypeGroup":"bus","stopLat":-12.1931582,"stopLon":-76.9069896,"routeNames":"8110 8404 8506 8626 8701 8702 8711 8714 8715 8803"},{"stopId":739292,"stopName":"Algarrobos","stopTypeGroup":"bus","stopLat":-12.1931278,"stopLon":-76.964888,"routeNames":"1801-(Lima-Callao) 8107 8108 8109 8111 8112 8212 8214 8503 8513 8611 8612 8613 8619 SH24"},{"stopId":739356,"stopName":"Algarrobos","stopTypeGroup":"bus","stopLat":-12.1929652,"stopLon":-76.9647217,"routeNames":"1801-(Lima-Callao) 8107 8108 8109 8111 8112 8212 8214 8503 8513 8611 8612 8613 8619 SH24"},{"stopId":965385,"stopName":"Senati","stopTypeGroup":"bus","stopLat":-12.1929227,"stopLon":-76.9362337,"routeNames":"1110 1804 8104 8105 8211 8507 8515 8614 8703 8704 8716 8717 8722 8724 8728 8729 IM06 IO28b NH25 NH27p"},{"stopId":1311096,"stopName":"Revolución","stopTypeGroup":"bus","stopLat":-12.1928866,"stopLon":-76.9487572,"routeNames":"8302 8718 8720"},{"stopId":739291,"stopName":"San Francisco","stopTypeGroup":"bus","stopLat":-12.1928551,"stopLon":-76.9696462,"routeNames":"1801-(Lima-Callao) 8107 8108 8109 8111 8112 8212 8214 8503 8513 8611 8612 8613 8619 SH24"},{"stopId":739355,"stopName":"Óvalo Cocharcas","stopTypeGroup":"bus","stopLat":-12.1928132,"stopLon":-76.9606984,"routeNames":"1801-(Lima-Callao) 8107 8108 8109 8111 8112 8212 8214 8503 8513 8611 8612 8613 8619 IO06 SH24"},{"stopId":739357,"stopName":"San Francisco","stopTypeGroup":"bus","stopLat":-12.1927974,"stopLon":-76.9693351,"routeNames":"1801-(Lima-Callao) 8107 8108 8109 8111 8112 8212 8214 8503 8513 8611 8612 8613 8619 SH24"},{"stopId":739293,"stopName":"Óvalo Cocharcas","stopTypeGroup":"bus","stopLat":-12.1927083,"stopLon":-76.9614333,"routeNames":"1801-(Lima-Callao) 3805 8107 8108 8109 8111 8112 8212 8214 8503 8513 8605 8611 8612 8613 8617 8619 IO50 OM33 SH24"},{"stopId":1300860,"stopName":"Óvalo Cocharcas","stopTypeGroup":"bus","stopLat":-12.1925195,"stopLon":-76.9607091,"routeNames":"3701"},{"stopId":984502,"stopName":"Micaela Bastidas","stopTypeGroup":"bus","stopLat":-12.192472,"stopLon":-76.980842,"routeNames":"1703-(Lima-Callao) 7607 7705 7706 7708 8722 8724 AS07 IO89"},{"stopId":984496,"stopName":"Santa Rosa","stopTypeGroup":"bus","stopLat":-12.1923956,"stopLon":-76.9829365,"routeNames":"1703-(Lima-Callao) 7601 7607 AS07 IO03 IO89"},{"stopId":964972,"stopName":"Senati","stopTypeGroup":"bus","stopLat":-12.1923833,"stopLon":-76.9360542,"routeNames":"8105 8507 8614 8703 8704 IM06"},{"stopId":1300857,"stopName":"Óvalo Cocharcas","stopTypeGroup":"bus","stopLat":-12.1923727,"stopLon":-76.9610792,"routeNames":"3701 8605 8617 IO06 IO50 OM33"},{"stopId":964937,"stopName":"La Concordia","stopTypeGroup":"bus","stopLat":-12.1923608,"stopLon":-76.9209814,"routeNames":"8105 8892"},{"stopId":1300774,"stopName":"Jirón Arica","stopTypeGroup":"bus","stopLat":-12.1922783,"stopLon":-76.9260603,"routeNames":"7803 8507 8614 IM06"},{"stopId":984498,"stopName":"Mártir Olaya","stopTypeGroup":"bus","stopLat":-12.1922479,"stopLon":-76.9805269,"routeNames":"1703-(Lima-Callao) 7607 7705 7706 7708 8722 8724 AS07 IO89"},{"stopId":1332071,"stopName":"Lima","stopTypeGroup":"bus","stopLat":-12.1922207,"stopLon":-76.9246066,"routeNames":"8614 8703 8704"},{"stopId":984503,"stopName":"Unanue","stopTypeGroup":"bus","stopLat":-12.192127,"stopLon":-76.9830733,"routeNames":"1703-(Lima-Callao) 7601 7607 AS07 IO03 IO89"},{"stopId":1317176,"stopName":"Álamos","stopTypeGroup":"bus","stopLat":-12.1920371,"stopLon":-76.9529629,"routeNames":"3805"},{"stopId":737650,"stopName":"Central","stopTypeGroup":"bus","stopLat":-12.1919218,"stopLon":-76.9465095,"routeNames":"1061 1802 2805 3813 3814 8109 8212 8302 8611 8612 8619 8718 8720 SH24"},{"stopId":1317165,"stopName":"Los Álamos","stopTypeGroup":"bus","stopLat":-12.1918169,"stopLon":-76.9527429,"routeNames":"3805"},{"stopId":1316717,"stopName":"Las Dalias","stopTypeGroup":"bus","stopLat":-12.1917068,"stopLon":-76.9597757,"routeNames":"8605 8617 IO50"},{"stopId":737591,"stopName":"Central","stopTypeGroup":"bus","stopLat":-12.1915128,"stopLon":-76.9463915,"routeNames":"1061 1802 2805 3813 3814 8302 8718 8720"},{"stopId":793540,"stopName":"Parque Zonal","stopTypeGroup":"bus","stopLat":-12.1914825,"stopLon":-76.9728944,"routeNames":"1058 8406 8504 8505 8508 8510 8511 8618 Lima-Ica-(Perú-Bus)"},{"stopId":793618,"stopName":"Parque Zonal","stopTypeGroup":"bus","stopLat":-12.1914366,"stopLon":-76.9725645,"routeNames":"1058 8406 8504 8505 8508 8510 8511 8618 Lima-Ica-(Perú-Bus)"},{"stopId":814981,"stopName":"Pumacahua","stopTypeGroup":"bus","stopLat":-12.1913089,"stopLon":-76.9564618,"routeNames":"2804-(Lima-Callao) 3701 7801 7802 7803 7807 7811 8201 8306 8520 8621 9801-(Lima-Callao) IM22 OM19 OM21 OM36 OM37"},{"stopId":1304243,"stopName":"San Mateo","stopTypeGroup":"bus","stopLat":-12.1912454,"stopLon":-76.9906104,"routeNames":"7708 8724"},{"stopId":1332415,"stopName":"Mariscala","stopTypeGroup":"bus","stopLat":-12.191172,"stopLon":-76.9233835,"routeNames":"8703 8704"},{"stopId":1330529,"stopName":"Nevado Conquis","stopTypeGroup":"bus","stopLat":-12.1911431,"stopLon":-76.9982198,"routeNames":"7799"},{"stopId":814972,"stopName":"Pumacahua","stopTypeGroup":"bus","stopLat":-12.1911201,"stopLon":-76.9566979,"routeNames":"2804-(Lima-Callao) 7801 7802 7803 7807 7811 8201 8306 8520 8621 9801-(Lima-Callao) IM22 OM19 OM21 OM36 OM37"},{"stopId":965386,"stopName":"Hipólito Unanue","stopTypeGroup":"bus","stopLat":-12.191031,"stopLon":-76.9316768,"routeNames":"8105 8507 8614 8703 8704 IM06"},{"stopId":964970,"stopName":"Bartolomé Herrera","stopTypeGroup":"bus","stopLat":-12.190804,"stopLon":-76.9315082,"routeNames":"8105 8507 8614 8703 8704 IM06"},{"stopId":1317177,"stopName":"Revolución","stopTypeGroup":"bus","stopLat":-12.1906162,"stopLon":-76.9505328,"routeNames":"3805"},{"stopId":737652,"stopName":"Separadora Industrial","stopTypeGroup":"bus","stopLat":-12.1904903,"stopLon":-76.9440526,"routeNames":"1061 1802 2805 3813 3814 8302 8718 8720"},{"stopId":1308416,"stopName":"Velasco Alvarado","stopTypeGroup":"bus","stopLat":-12.1904641,"stopLon":-76.9848168,"routeNames":"1703-(Lima-Callao) 7601 7607 AS07 IO03 IO89"},{"stopId":984494,"stopName":"Velasco Alvarado","stopTypeGroup":"bus","stopLat":-12.1904391,"stopLon":-76.9850535,"routeNames":"1703-(Lima-Callao) 7601 7607 AS07 IO03 IO89"},{"stopId":1317163,"stopName":"Revolución","stopTypeGroup":"bus","stopLat":-12.1904326,"stopLon":-76.9503236,"routeNames":"3805"},{"stopId":1300856,"stopName":"Calle 7","stopTypeGroup":"bus","stopLat":-12.1904117,"stopLon":-76.9621575,"routeNames":"3701 IO06 OM33"},{"stopId":1300855,"stopName":"Calle 7","stopTypeGroup":"bus","stopLat":-12.1903225,"stopLon":-76.9623077,"routeNames":"3701 8605 8617 IO06 IO50 OM33"},{"stopId":1468576,"stopName":"Mormones","stopTypeGroup":"bus","stopLat":-12.1900525,"stopLon":-76.9224393,"routeNames":"7803 8105 8507 8614 8892 IM06"},{"stopId":737590,"stopName":"1ro de Mayo","stopTypeGroup":"bus","stopLat":-12.1899555,"stopLon":-76.9441062,"routeNames":"1061 1802 2805 3813 3814 8302 8718 8720"},{"stopId":1316720,"stopName":"Calle 7","stopTypeGroup":"bus","stopLat":-12.1896514,"stopLon":-76.9608164,"routeNames":"8605 8617 IO50"},{"stopId":984499,"stopName":"Mártires","stopTypeGroup":"bus","stopLat":-12.1893804,"stopLon":-76.9800826,"routeNames":"7607 7705 7706 7708 8722 8724 AS07 IO89"},{"stopId":1317178,"stopName":"Central","stopTypeGroup":"bus","stopLat":-12.1892843,"stopLon":-76.9481349,"routeNames":"3805"},{"stopId":965387,"stopName":"Billinghurst","stopTypeGroup":"bus","stopLat":-12.1892566,"stopLon":-76.9282078,"routeNames":"8105 8507 8614 8703 8704 IM06"},{"stopId":964963,"stopName":"Billinghurst","stopTypeGroup":"bus","stopLat":-12.1891237,"stopLon":-76.9280952,"routeNames":"8105 8507 8614 8703 8704 IM06"},{"stopId":814982,"stopName":"Comercial","stopTypeGroup":"bus","stopLat":-12.1891034,"stopLon":-76.9577385,"routeNames":"2804-(Lima-Callao) 7801 7802 7803 7807 7811 8201 8306 8520 8621 9801-(Lima-Callao) IM22 OM19 OM21 OM36 OM37"},{"stopId":1317161,"stopName":"Central","stopTypeGroup":"bus","stopLat":-12.1889907,"stopLon":-76.9478774,"routeNames":"3805"},{"stopId":814971,"stopName":"Comercial","stopTypeGroup":"bus","stopLat":-12.188948,"stopLon":-76.9579457,"routeNames":"2804-(Lima-Callao) 7801 7802 7803 7807 7811 8201 8306 8520 8621 9801-(Lima-Callao) IM22 OM19 OM21 OM36 OM37"},{"stopId":1330514,"stopName":"Hipólito Unanue","stopTypeGroup":"bus","stopLat":-12.1888911,"stopLon":-76.9925952,"routeNames":"7708"},{"stopId":1332414,"stopName":"Institución Educativa N° 520","stopTypeGroup":"bus","stopLat":-12.1888019,"stopLon":-76.9247782,"routeNames":"8703 8704"},{"stopId":1330531,"stopName":"General Córdova","stopTypeGroup":"bus","stopLat":-12.188739,"stopLon":-76.9980669,"routeNames":"7799"},{"stopId":965390,"stopName":"Flor de Amancaes","stopTypeGroup":"bus","stopLat":-12.1886624,"stopLon":-76.9225309,"routeNames":"8105 8507 8614 8892 IM06"},{"stopId":964957,"stopName":"Flor de Amancaes","stopTypeGroup":"bus","stopLat":-12.1886541,"stopLon":-76.9224759,"routeNames":"8105 8507 8614 8892 IM06"},{"stopId":965388,"stopName":"Mercado Central","stopTypeGroup":"bus","stopLat":-12.1882828,"stopLon":-76.9262664,"routeNames":"8105 8507 8614 8703 8704 IM06"},{"stopId":1330640,"stopName":"Apurímac","stopTypeGroup":"bus","stopLat":-12.1882828,"stopLon":-76.9195265,"routeNames":"7803"},{"stopId":984492,"stopName":"Calle 3","stopTypeGroup":"bus","stopLat":-12.1880435,"stopLon":-76.9880824,"routeNames":"1703-(Lima-Callao) 7601 7607 AS07 IO03 IO89"},{"stopId":964962,"stopName":"Mercado Central","stopTypeGroup":"bus","stopLat":-12.1880278,"stopLon":-76.9260912,"routeNames":"8105 8507 8614 8703 8704 IM06"},{"stopId":1317179,"stopName":"Separadora Industrial","stopTypeGroup":"bus","stopLat":-12.1878266,"stopLon":-76.9456458,"routeNames":"3805"},{"stopId":1304244,"stopName":"Vista Alegre","stopTypeGroup":"bus","stopLat":-12.1877952,"stopLon":-76.9917315,"routeNames":"8724"},{"stopId":1330512,"stopName":"Los Pinos","stopTypeGroup":"bus","stopLat":-12.1877532,"stopLon":-76.9901115,"routeNames":"7708"},{"stopId":737653,"stopName":"Modelo","stopTypeGroup":"bus","stopLat":-12.1877218,"stopLon":-76.9452274,"routeNames":"1061 1802 2805 3813 3814 8302 8718 8720"},{"stopId":984504,"stopName":"Vista Alegre","stopTypeGroup":"bus","stopLat":-12.187661,"stopLon":-76.9885883,"routeNames":"1703-(Lima-Callao) 7601 7607 AS07 IO03"},{"stopId":1053002,"stopName":"Puente de la Mecánica","stopTypeGroup":"bus","stopLat":-12.1876586,"stopLon":-76.9737707,"routeNames":"1058 1801-(Lima-Callao) 8107 8108 8109 8111 8112 8212 8214 8406 8503 8504 8505 8508 8510 8511 8513 8611 8612 8618 8619 SH24"},{"stopId":1330513,"stopName":"Mercado Vista Alegre","stopTypeGroup":"bus","stopLat":-12.1875645,"stopLon":-76.9934964,"routeNames":"7708"},{"stopId":1048647,"stopName":"Puente de la Mecánica","stopTypeGroup":"bus","stopLat":-12.1875287,"stopLon":-76.9739727,"routeNames":"1058 1801-(Lima-Callao) 8107 8108 8109 8111 8112 8212 8214 8406 8503 8504 8505 8508 8510 8511 8513 8611 8612 8618 8619 SH24"},{"stopId":1330532,"stopName":"Vista Alegre","stopTypeGroup":"bus","stopLat":-12.1874806,"stopLon":-76.9985497,"routeNames":"7799"},{"stopId":737589,"stopName":"Modelo","stopTypeGroup":"bus","stopLat":-12.1874229,"stopLon":-76.9456404,"routeNames":"1061 1802 2805 3805 3813 3814 8302 8718 8720"},{"stopId":1331492,"stopName":"Entrada Acceso 5 Bosque Intihuatana","stopTypeGroup":"bus","stopLat":-12.1871292,"stopLon":-76.972779,"routeNames":"8613 8723"},{"stopId":1300853,"stopName":"Los Geranios","stopTypeGroup":"bus","stopLat":-12.1870611,"stopLon":-76.964432,"routeNames":"3701 8605 8617 IO06 IO50 OM33"},{"stopId":1311128,"stopName":"Entrada Anexo 5 Bosque Intihuatana","stopTypeGroup":"bus","stopLat":-12.1870558,"stopLon":-76.9730151,"routeNames":"8613 8723"},{"stopId":964945,"stopName":"27 de Diciembre","stopTypeGroup":"bus","stopLat":-12.1870022,"stopLon":-76.9231958,"routeNames":"8105 8507 8614 8892 IM06"},{"stopId":965389,"stopName":"Los Incas","stopTypeGroup":"bus","stopLat":-12.1869748,"stopLon":-76.9233833,"routeNames":"8105 8507 8614 IM06"},{"stopId":1300854,"stopName":"Los Geranios","stopTypeGroup":"bus","stopLat":-12.1868723,"stopLon":-76.9641316,"routeNames":"3701 IO06 OM33"},{"stopId":1316721,"stopName":"Geranios","stopTypeGroup":"bus","stopLat":-12.1868723,"stopLon":-76.9624257,"routeNames":"8605 8617 IO50"},{"stopId":1330489,"stopName":"Mercado José María Arguedas","stopTypeGroup":"bus","stopLat":-12.186833,"stopLon":-76.9549584,"routeNames":"7612"},{"stopId":1312573,"stopName":"27 de Diciembre","stopTypeGroup":"bus","stopLat":-12.1865892,"stopLon":-76.9235015,"routeNames":"7803 8892"},{"stopId":1330642,"stopName":"27 de Diciembre","stopTypeGroup":"bus","stopLat":-12.1864948,"stopLon":-76.9221121,"routeNames":"7803"},{"stopId":984500,"stopName":"Unión","stopTypeGroup":"bus","stopLat":-12.1863806,"stopLon":-76.9798371,"routeNames":"7607 7705 7706 7708 8722 8724 AS07"},{"stopId":736461,"stopName":"Los Libertadores","stopTypeGroup":"bus","stopLat":-12.1863689,"stopLon":-76.9399649,"routeNames":"1110 1804 8104 8105 8211 8507 8515 8614 8703 8704 8716 8717 8722 8724 8728 8729 IM06 IO28b NH25 NH27p"},{"stopId":737322,"stopName":"Contumazá","stopTypeGroup":"bus","stopLat":-12.186348,"stopLon":-76.9397503,"routeNames":"1110 1804 8104 8105 8211 8507 8515 8614 8703 8704 8716 8717 8722 8724 8728 8729 IM06 IO28b NH25 NH27p"},{"stopId":1330641,"stopName":"Antonio Raimondi","stopTypeGroup":"bus","stopLat":-12.1860019,"stopLon":-76.9207817,"routeNames":"7803"},{"stopId":1304245,"stopName":"Los Naranjos","stopTypeGroup":"bus","stopLat":-12.1859495,"stopLon":-76.9920158,"routeNames":"8724"},{"stopId":737654,"stopName":"Puente Pumacahua","stopTypeGroup":"bus","stopLat":-12.18553,"stopLon":-76.946488,"routeNames":"1061 1802 2805 3805 3813 3814 8302 8718 8720"},{"stopId":1316723,"stopName":"Calle 6","stopTypeGroup":"bus","stopLat":-12.1853936,"stopLon":-76.9621146,"routeNames":"8605 8617 IO50"},{"stopId":1330533,"stopName":"Mercado Comerciantes de Villa","stopTypeGroup":"bus","stopLat":-12.185336,"stopLon":-76.9980884,"routeNames":"7799"},{"stopId":737596,"stopName":"Puente Pumacahua","stopTypeGroup":"bus","stopLat":-12.1853202,"stopLon":-76.9467509,"routeNames":"1061 1802 2805 3805 3813 3814 8302 8718 8720"},{"stopId":814983,"stopName":"Paradero 108","stopTypeGroup":"bus","stopLat":-12.1852618,"stopLon":-76.9600211,"routeNames":"2804-(Lima-Callao) 7801 7802 7803 7807 7811 8201 8306 8520 8621 9801-(Lima-Callao) IM22 OM19 OM21 OM36 OM37"},{"stopId":1330488,"stopName":"Calle 6","stopTypeGroup":"bus","stopLat":-12.1851944,"stopLon":-76.9554305,"routeNames":"7504 7612"},{"stopId":984501,"stopName":"Paradero E","stopTypeGroup":"bus","stopLat":-12.1851161,"stopLon":-76.9757149,"routeNames":"7607 7705 7706 7708 8722 8724 AS07"},{"stopId":1330659,"stopName":"Francisco Machuca","stopTypeGroup":"bus","stopLat":-12.1851,"stopLon":-76.9493258,"routeNames":"7804"},{"stopId":814970,"stopName":"Paradero 108","stopTypeGroup":"bus","stopLat":-12.1849583,"stopLon":-76.9603577,"routeNames":"2804-(Lima-Callao) 7801 7802 7803 7807 7811 8201 8306 8520 8621 9801-(Lima-Callao) IM22 OM19 OM21 OM36 OM37"},{"stopId":1300852,"stopName":"Santa Rita","stopTypeGroup":"bus","stopLat":-12.1849322,"stopLon":-76.9648504,"routeNames":"3701 IO06 OM33"},{"stopId":1304246,"stopName":"Los Álamos","stopTypeGroup":"bus","stopLat":-12.1848588,"stopLon":-76.9909,"routeNames":"8724"},{"stopId":984505,"stopName":"Los Naranjos","stopTypeGroup":"bus","stopLat":-12.1847628,"stopLon":-76.9906484,"routeNames":"1703-(Lima-Callao) 7601 7607 7708 AS07 IO03 IO89"},{"stopId":1300851,"stopName":"Santa Rita","stopTypeGroup":"bus","stopLat":-12.184691,"stopLon":-76.9653225,"routeNames":"3701 8605 8617 IO06 IO50 OM33"},{"stopId":984490,"stopName":"Los Naranjos","stopTypeGroup":"bus","stopLat":-12.1846902,"stopLon":-76.9907961,"routeNames":"1703-(Lima-Callao) 7601 7607 7708 8724 AS07 IO03 IO89"},{"stopId":1316725,"stopName":"Parque Sta. Úrsula","stopTypeGroup":"bus","stopLat":-12.1844393,"stopLon":-76.9639599,"routeNames":"8605 8617 IO50"},{"stopId":1330663,"stopName":"Los Rosales","stopTypeGroup":"bus","stopLat":-12.1843292,"stopLon":-76.9510236,"routeNames":"7804"},{"stopId":1073630,"stopName":"San Martín","stopTypeGroup":"bus","stopLat":-12.184257,"stopLon":-76.9091049,"routeNames":"8506 8626 8701 8711 8714 8715"},{"stopId":1073629,"stopName":"San Martín","stopTypeGroup":"bus","stopLat":-12.1841421,"stopLon":-76.9090788,"routeNames":"8506 8626 8701 8711 8714 8715"},{"stopId":1330534,"stopName":"Guardia Peruana","stopTypeGroup":"bus","stopLat":-12.1840198,"stopLon":-76.9976592,"routeNames":"7799"},{"stopId":1330660,"stopName":"Mariano Melgar","stopTypeGroup":"bus","stopLat":-12.1839674,"stopLon":-76.9490522,"routeNames":"7804"},{"stopId":1330477,"stopName":"América","stopTypeGroup":"bus","stopLat":-12.1839359,"stopLon":-76.9756705,"routeNames":"7607 7705 7706 7708 8722 8724"},{"stopId":1847832,"stopName":"San Martín","stopTypeGroup":"bus","stopLat":-12.183914948772298,"stopLon":-76.9092831015587,"routeNames":"8110 8404 8702 8803"},{"stopId":1330643,"stopName":"Túpac Yupanqui","stopTypeGroup":"bus","stopLat":-12.1839018,"stopLon":-76.9233057,"routeNames":"7803"},{"stopId":739290,"stopName":"América","stopTypeGroup":"bus","stopLat":-12.1838979,"stopLon":-76.9751126,"routeNames":"1058 1801-(Lima-Callao) 8107 8108 8109 8111 8112 8212 8214 8406 8503 8504 8505 8508 8510 8511 8513 8611 8612 8618 8619 SH24"},{"stopId":1330467,"stopName":"América","stopTypeGroup":"bus","stopLat":-12.183852,"stopLon":-76.9754183,"routeNames":"7607 7705 7706 7708 8722 8724"},{"stopId":739358,"stopName":"América","stopTypeGroup":"bus","stopLat":-12.183772035888333,"stopLon":-76.97500657301637,"routeNames":"1058 1801-(Lima-Callao) 8107 8108 8109 8111 8112 8212 8214 8406 8503 8504 8505 8508 8510 8511 8513 8611 8612 8618 8619 SH24"},{"stopId":1312575,"stopName":"Mayta Cápac","stopTypeGroup":"bus","stopLat":-12.1837367,"stopLon":-76.9246548,"routeNames":"8892"},{"stopId":1312574,"stopName":"Mayta Cápac","stopTypeGroup":"bus","stopLat":-12.1836266,"stopLon":-76.9248426,"routeNames":"7803 8892"},{"stopId":1300850,"stopName":"Santa María","stopTypeGroup":"bus","stopLat":-12.1834116,"stopLon":-76.9654191,"routeNames":"3701 IO06 OM33"},{"stopId":1304334,"stopName":"Calle 2","stopTypeGroup":"bus","stopLat":-12.1833801,"stopLon":-76.9541323,"routeNames":"7504 7709 7804"},{"stopId":1300849,"stopName":"Santa María","stopTypeGroup":"bus","stopLat":-12.1831913,"stopLon":-76.9659019,"routeNames":"3701 8605 8617 IO06 IO50 OM33"}]