[{"stopId":761323,"stopName":"Larco","stopTypeGroup":"bus","stopLat":-12.12453,"stopLon":-77.029489,"routeNames":"1057 1110 1491 3408 3816 4511 7501 7606 8306 8525 8616 CR14 CR75 IM18 IO03 IO30b NH25 NH27p OM18 OM19 OM21 OM36 OM37"},{"stopId":828130,"stopName":"Caballero Orrego","stopTypeGroup":"bus","stopLat":-12.1244932,"stopLon":-77.0041341,"routeNames":"1099 2803 7505 7612 7613 8201 8611 8612 8614 8619 8621 8703 8704 8711 8714 8715 8803 9801-(Lima-Callao) SH24"},{"stopId":1304118,"stopName":"Avenida José Larco","stopTypeGroup":"bus","stopLat":-12.124488,"stopLon":-77.0292878,"routeNames":"1057 1110 1491 3408 3816 4511 8306 8616 CR14 CR75 IM18 IO03 IO30b NH25 NH27p OM18 OM19 OM21 OM36 OM37"},{"stopId":1196269,"stopName":"Gaston","stopTypeGroup":"bus","stopLat":-12.1243218,"stopLon":-77.009656,"routeNames":"8515 IO50"},{"stopId":1196295,"stopName":"Montagne","stopTypeGroup":"bus","stopLat":-12.1241783,"stopLon":-77.0127026,"routeNames":"8515 IO50"},{"stopId":1331507,"stopName":"Manuel Villarán","stopTypeGroup":"bus","stopLat":-12.1240684,"stopLon":-77.0130336,"routeNames":"8515 IO50"},{"stopId":1196274,"stopName":"Higuereta","stopTypeGroup":"bus","stopLat":-12.1240387,"stopLon":-76.990581,"routeNames":"8515 IO50"},{"stopId":1196294,"stopName":"Gastón","stopTypeGroup":"bus","stopLat":-12.1239064,"stopLon":-77.0087904,"routeNames":"8515 IO50"},{"stopId":827062,"stopName":"Óvalo Bolognesi","stopTypeGroup":"bus","stopLat":-12.12378,"stopLon":-77.0358941,"routeNames":"7501 8525 8604"},{"stopId":1196289,"stopName":"Venturo","stopTypeGroup":"bus","stopLat":-12.1237286,"stopLon":-76.9903443,"routeNames":"8515 IO50"},{"stopId":938141,"stopName":"Hotel María Angola","stopTypeGroup":"bus","stopLat":-12.1236912,"stopLon":-77.0268531,"routeNames":"Airport-Express-Lima"},{"stopId":935967,"stopName":"Ricardo Palma","stopTypeGroup":"bus","stopLat":-12.1234499,"stopLon":-77.0181339,"routeNames":"1053 1055 3702 3805 7607 7610 8308"},{"stopId":1331498,"stopName":"Ricardo Palma","stopTypeGroup":"bus","stopLat":-12.1233446,"stopLon":-77.0128834,"routeNames":"8515 IO50"},{"stopId":936002,"stopName":"Ricardo Palma","stopTypeGroup":"bus","stopLat":-12.1230742,"stopLon":-77.0182182,"routeNames":"1053 1055 3702 3805 7607 7610 8308"},{"stopId":737348,"stopName":"Velasco Astete","stopTypeGroup":"bus","stopLat":-12.1230509,"stopLon":-76.9854766,"routeNames":"1059 1703-(Lima-Callao) 2702 3701 3809 7504 7614 8104 8515 8523 8803 IO50"},{"stopId":735450,"stopName":"Schell","stopTypeGroup":"bus","stopLat":-12.1230462,"stopLon":-77.0291936,"routeNames":"1057 1110 1491 301 3408 3816 4511 8306 8616 CR14 CR75 IM18 IO03 IO30b NH25 NH27p OM18 OM19 OM21 OM36 OM37"},{"stopId":1333229,"stopName":"Kennedy Park Wong","stopTypeGroup":"bus","stopLat":-12.1230247,"stopLon":-77.0319566,"routeNames":"Airport-Express-Lima"},{"stopId":1680350,"stopName":"Ricardo Palma","stopTypeGroup":"bus","stopLat":-12.1229729,"stopLon":-77.0130605,"routeNames":"8515 IO50"},{"stopId":736436,"stopName":"Velasco Astete","stopTypeGroup":"bus","stopLat":-12.1228464,"stopLon":-76.9858789,"routeNames":"1059 1703-(Lima-Callao) 2702 3701 3809 7504 7614 8104 8515 8523 8803 IO50"},{"stopId":827108,"stopName":"Bajada Balta","stopTypeGroup":"bus","stopLat":-12.1228149,"stopLon":-77.0319217,"routeNames":"7501 8525"},{"stopId":1333231,"stopName":"Schell","stopTypeGroup":"bus","stopLat":-12.1227572,"stopLon":-77.0301461,"routeNames":"Airport-Express-Lima"},{"stopId":828189,"stopName":"Manuel Villarán","stopTypeGroup":"bus","stopLat":-12.1224792,"stopLon":-77.005455,"routeNames":"1099 2803 7505 7612 7613 8201 8611 8612 8614 8619 8621 8703 8704 8711 8714 8715 8803 9801-(Lima-Callao) SH24"},{"stopId":1300307,"stopName":"Valles del Sur","stopTypeGroup":"bus","stopLat":-12.1224373,"stopLon":-76.9986838,"routeNames":"1060 1061 1804 2701-(Lima-Callao) 2703 3810 3813 3814 4703 7103 7601 8520 8605 8617 8729 CR19 IM22 IO06 IO28b OM33"},{"stopId":1300308,"stopName":"Valles del Sur","stopTypeGroup":"bus","stopLat":-12.1223901,"stopLon":-76.9983727,"routeNames":"1060 1061 1804 2701-(Lima-Callao) 2703 3810 3813 3814 4703 7103 7601 8520 8605 8617 8729 CR19 IM22 IO06 OM33"},{"stopId":1196270,"stopName":"Marsano","stopTypeGroup":"bus","stopLat":-12.1223835,"stopLon":-77.0059355,"routeNames":"8515 IO50"},{"stopId":737685,"stopName":"Instituto Monterrico","stopTypeGroup":"bus","stopLat":-12.1222485,"stopLon":-76.9770169,"routeNames":"1054 1058 1801-(Lima-Callao) 1802 2804-(Lima-Callao) 2805 3408 3705 4511 7101 7204 8105 8107 8108 8109 8110 8111 8112 8209 8211 8212 8214 8302 8404 8406 8502 8503 8504 8505 8506 8507 8508 8510 8511 8513 8618 9802-(Lima-Callao) CR14 CR75 IM06 IM"},{"stopId":737564,"stopName":"Instituto Monterrico","stopTypeGroup":"bus","stopLat":-12.1222432,"stopLon":-76.9771993,"routeNames":"1054 1058 1801-(Lima-Callao) 1802 2804-(Lima-Callao) 2805 3408 3705 4511 7101 7204 8105 8107 8108 8109 8110 8111 8112 8209 8211 8212 8214 8302 8404 8406 8502 8503 8504 8505 8506 8507 8508 8510 8511 8513 8618 9802-(Lima-Callao) CR14 CR75 IM06 IM"},{"stopId":827183,"stopName":"Diez Canseco","stopTypeGroup":"bus","stopLat":-12.1221986,"stopLon":-77.0246851,"routeNames":"1047 1702 1704 1706 7606 8626 IO07 IO89"},{"stopId":735431,"stopName":"Parque Kennedy","stopTypeGroup":"bus","stopLat":-12.1219941,"stopLon":-77.0310071,"routeNames":"1057 1110 1491 301 3408 3816 4511 7606 8306 8616 8626 CR14 CR75 IM18 IO03 IO30b NH25 NH27p OM18 OM19 OM21 OM36 OM37"},{"stopId":817708,"stopName":"Diez Canseco","stopTypeGroup":"bus","stopLat":-12.1219705,"stopLon":-77.0252538,"routeNames":"1047 1702 1704 1706 8604 IO07 IO89"},{"stopId":1196290,"stopName":"Cadiz","stopTypeGroup":"bus","stopLat":-12.1219619,"stopLon":-76.9924275,"routeNames":"8515 IO50"},{"stopId":1196293,"stopName":"Marsano","stopTypeGroup":"bus","stopLat":-12.1219145,"stopLon":-77.0055659,"routeNames":"8515 IO50"},{"stopId":1595175,"stopName":"Parque Las Tradiciones","stopTypeGroup":"bus","stopLat":-12.1218787,"stopLon":-77.0202273,"routeNames":"8515 IO50"},{"stopId":1196273,"stopName":"Galicia","stopTypeGroup":"bus","stopLat":-12.1218001,"stopLon":-76.992783,"routeNames":"8515 IO50"},{"stopId":828129,"stopName":"Manuel Villarán","stopTypeGroup":"bus","stopLat":-12.1217371,"stopLon":-77.0059875,"routeNames":"1099 2803 7505 7612 7613 8201 8611 8612 8614 8619 8621 8703 8704 8711 8714 8715 8803 9801-(Lima-Callao) SH24"},{"stopId":827063,"stopName":"José Gálvez","stopTypeGroup":"bus","stopLat":-12.1213306,"stopLon":-77.0358324,"routeNames":"7501 8525 8604"},{"stopId":827106,"stopName":"Recavaren","stopTypeGroup":"bus","stopLat":-12.121252,"stopLon":-77.0337617,"routeNames":"7501 8525"},{"stopId":827104,"stopName":"Bolognesi","stopTypeGroup":"bus","stopLat":-12.1212415,"stopLon":-77.0359558,"routeNames":"7501 8525"},{"stopId":1196265,"stopName":"Parque Las Tradiciones","stopTypeGroup":"bus","stopLat":-12.121107,"stopLon":-77.0223487,"routeNames":"8515 IO50"},{"stopId":1332288,"stopName":"José Gálvez","stopTypeGroup":"bus","stopLat":-12.120974,"stopLon":-77.0370877,"routeNames":"7501 8525"},{"stopId":1196271,"stopName":"Principal","stopTypeGroup":"bus","stopLat":-12.1208937,"stopLon":-77.0037242,"routeNames":"8515 IO50"},{"stopId":1196275,"stopName":"Caminos Del Inca","stopTypeGroup":"bus","stopLat":-12.1207922,"stopLon":-76.9880544,"routeNames":"8515 IO50"},{"stopId":737349,"stopName":"Higuereta","stopTypeGroup":"bus","stopLat":-12.1207642,"stopLon":-76.9877994,"routeNames":"1059 1703-(Lima-Callao) 2702 3701 3809 7504 7614 8104 8515 8523 8803 IO50"},{"stopId":935968,"stopName":"Roca y Boloña","stopTypeGroup":"bus","stopLat":-12.1207557,"stopLon":-77.0182016,"routeNames":"1053 1055 3702 3805 7607 7610 8308"},{"stopId":1595172,"stopName":"Roca y Boloña","stopTypeGroup":"bus","stopLat":-12.120696,"stopLon":-77.0129478,"routeNames":"8515 IO50"},{"stopId":1196292,"stopName":"Principal","stopTypeGroup":"bus","stopLat":-12.1206295,"stopLon":-77.0034738,"routeNames":"8515 IO50"},{"stopId":1595178,"stopName":"Roosevelt","stopTypeGroup":"bus","stopLat":-12.1206252,"stopLon":-77.0183793,"routeNames":"8515 IO50"},{"stopId":1595179,"stopName":"Lola Pardo","stopTypeGroup":"bus","stopLat":-12.1205964,"stopLon":-77.0160645,"routeNames":"8515 IO50"},{"stopId":1595180,"stopName":"Ernesto Montagne","stopTypeGroup":"bus","stopLat":-12.120536,"stopLon":-77.0132992,"routeNames":"8515 IO50"},{"stopId":736435,"stopName":"Higuereta","stopTypeGroup":"bus","stopLat":-12.1205229,"stopLon":-76.9880891,"routeNames":"1059 1703-(Lima-Callao) 2702 3701 3809 7504 7614 8104 8523 8803"},{"stopId":1595174,"stopName":"Roosevelt","stopTypeGroup":"bus","stopLat":-12.1204862,"stopLon":-77.0181137,"routeNames":"8515 IO50"},{"stopId":1595173,"stopName":"Lola Pardo","stopTypeGroup":"bus","stopLat":-12.120439,"stopLon":-77.015925,"routeNames":"8515 IO50"},{"stopId":936000,"stopName":"Roca y Boloña","stopTypeGroup":"bus","stopLat":-12.1203345,"stopLon":-77.0182765,"routeNames":"1053 1055 3702 3805 7607 7610 8308"},{"stopId":827065,"stopName":"Jorge Chávez","stopTypeGroup":"bus","stopLat":-12.120161,"stopLon":-77.0367497,"routeNames":"7501"},{"stopId":1300306,"stopName":"Manuel Villarán","stopTypeGroup":"bus","stopLat":-12.1201558,"stopLon":-76.998142,"routeNames":"1060 1061 1804 2701-(Lima-Callao) 2703 3810 3813 3814 4703 7103 7601 8520 8605 8617 8729 CR19 IM22 IO06 IO28b OM33"},{"stopId":1196299,"stopName":"Caceres","stopTypeGroup":"bus","stopLat":-12.1201408,"stopLon":-77.0234683,"routeNames":"8515 IO50"},{"stopId":827066,"stopName":"Alfredo León","stopTypeGroup":"bus","stopLat":-12.1201033,"stopLon":-77.0388526,"routeNames":"7501"},{"stopId":1196272,"stopName":"Aviación","stopTypeGroup":"bus","stopLat":-12.1200795,"stopLon":-76.9985299,"routeNames":"8515 IO50"},{"stopId":735451,"stopName":"Óvalo Miraflores","stopTypeGroup":"bus","stopLat":-12.1199584,"stopLon":-77.0289716,"routeNames":"1057 1110 1491 301 3408 3816 4511 8306 8616 CR14 CR75 IM18 IO03 IO30b NH25 NH27p OM18 OM19 OM21 OM36 OM37"},{"stopId":1196291,"stopName":"Aviación","stopTypeGroup":"bus","stopLat":-12.1198835,"stopLon":-76.9980455,"routeNames":"8515 IO50"},{"stopId":1131528,"stopName":"Artesania Metalica Avila","stopTypeGroup":"bus","stopLat":-12.1198012,"stopLon":-77.0242617,"routeNames":"8515 IO50"},{"stopId":1300305,"stopName":"Manuel Villarán","stopTypeGroup":"bus","stopLat":-12.1197939,"stopLon":-76.998421,"routeNames":"1060 1061 1804 2701-(Lima-Callao) 2703 3810 3813 3814 4703 7103 7601 8520 8605 8617 8729 CR19 IM22 IO06 IO28b OM33"},{"stopId":1335397,"stopName":"Ricardo Palma","stopTypeGroup":"bus","stopLat":-12.1197205,"stopLon":-77.0238322},{"stopId":1131531,"stopName":"Manuel Irribarren","stopTypeGroup":"bus","stopLat":-12.1196687,"stopLon":-77.0213318},{"stopId":1131541,"stopName":"Manuel Irribarren","stopTypeGroup":"bus","stopLat":-12.119515,"stopLon":-77.0212018},{"stopId":1332283,"stopName":"José Pardo","stopTypeGroup":"bus","stopLat":-12.119474,"stopLon":-77.0358217,"routeNames":"8525 8604"},{"stopId":827184,"stopName":"Ricardo Palma","stopTypeGroup":"bus","stopLat":-12.119335,"stopLon":-77.02553,"routeNames":"1047 1702 1704 1706 7606 8626 IO07 IO89"},{"stopId":1623278,"stopName":"Hotel Boulevard","stopTypeGroup":"bus","stopLat":-12.1192406,"stopLon":-77.0368972,"routeNames":"336"},{"stopId":817707,"stopName":"Paseo de la República","stopTypeGroup":"bus","stopLat":-12.1192012,"stopLon":-77.0262247,"routeNames":"1702 1704 1706 8604 IO07 IO50 IO89"},{"stopId":761322,"stopName":"Óvalo de Miraflores","stopTypeGroup":"bus","stopLat":-12.1191802,"stopLon":-77.0294434,"routeNames":"1057 1110 1491 1702 1704 1706 3408 3816 4511 4911-(Lima-Callao) 7606 8306 8604 8616 CR14 CR75 IM18 IO03 IO07 IO14-(Lima-Callao) IO30b IO50 IO89 NH25 OM18 OM19 OM21 OM36 OM37"},{"stopId":826043,"stopName":"Ricardo Palma","stopTypeGroup":"bus","stopLat":-12.1191593,"stopLon":-77.0258814,"routeNames":"B C EX2 EX5 L"},{"stopId":761321,"stopName":"Tropicana Casino","stopTypeGroup":"bus","stopLat":-12.1191435,"stopLon":-77.0327264,"routeNames":"1057 1110 1491 1702 1704 1706 3408 3816 4511 4911-(Lima-Callao) 7606 8306 8604 8616 Airport-Express-Lima CR14 CR75 IM18 IO03 IO07 IO14-(Lima-Callao) IO30b IO50 IO89 NH25 OM18 OM19 OM21 OM36 OM37"},{"stopId":761319,"stopName":"Jorge Chávez","stopTypeGroup":"bus","stopLat":-12.1190911,"stopLon":-77.0371681,"routeNames":"1057 1110 1491 1701 1702 1704 1706 3816 4511 4911-(Lima-Callao) 7501 7505 7613 8306 8523 8525 8604 8612 8616 8617 CR14 CR71 CR75 IM18 IO03 IO07 IO14-(Lima-Callao) IO30b IO89 OM18 OM19 OM21 OM36 OM37"},{"stopId":761318,"stopName":"Julio Ramón Ribeyro","stopTypeGroup":"bus","stopLat":-12.1190858,"stopLon":-77.0405263,"routeNames":"1057 1110 1491 1612 1701 1702 1704 1706 3816 4511 4911-(Lima-Callao) 7501 7505 7613 8306 8515 8523 8525 8604 8612 8616 8617 CR14 CR71 CR75 IM18 IO03 IO07 IO14-(Lima-Callao) IO30b IO89 OM18 OM19 OM21 OM36 OM37"},{"stopId":1304043,"stopName":"Ricardo Palma","stopTypeGroup":"bus","stopLat":-12.1190858,"stopLon":-77.025463,"routeNames":"8515 IO50"},{"stopId":817733,"stopName":"Óvalo de Miraflores","stopTypeGroup":"bus","stopLat":-12.1190308,"stopLon":-77.0287769,"routeNames":"1702 1704 1706 4911-(Lima-Callao) 7606 8626 IO07 IO14-(Lima-Callao) IO50 IO89"},{"stopId":761192,"stopName":"Jokers Casino","stopTypeGroup":"bus","stopLat":-12.1190124,"stopLon":-77.0326245,"routeNames":"1057 1110 1491 1702 1704 1706 3408 3816 4511 4911-(Lima-Callao) 7606 8306 8616 Airport-Express-Lima CR14 CR75 IM18 IO03 IO07 IO14-(Lima-Callao) IO30b IO50 IO89 OM18 OM19 OM21 OM36 OM37"},{"stopId":737686,"stopName":"Subaru","stopTypeGroup":"bus","stopLat":-12.1190073,"stopLon":-76.977113,"routeNames":"1054 1058 1801-(Lima-Callao) 1802 2804-(Lima-Callao) 2805 3408 3705 4511 7101 7204 8105 8107 8108 8109 8110 8111 8112 8209 8211 8212 8214 8302 8404 8406 8502 8503 8504 8505 8506 8507 8508 8510 8511 8513 8618 9802-(Lima-Callao) CR14 CR75 IM06 IM"},{"stopId":827333,"stopName":"Ricardo Palma","stopTypeGroup":"bus","stopLat":-12.1189809,"stopLon":-77.0261228,"routeNames":"1047 8515"},{"stopId":761193,"stopName":"Hotel Boulevard","stopTypeGroup":"bus","stopLat":-12.1189764,"stopLon":-77.0367574,"routeNames":"1057 1110 1491 1702 1704 1706 3408 3816 4511 4911-(Lima-Callao) 7606 8306 8525 8604 8616 Airport-Express-Lima CR14 CR75 IM18 IO03 IO07 IO14-(Lima-Callao) IO30b IO50 IO89 OM18 OM19 OM21 OM36 OM37"},{"stopId":761194,"stopName":"Julio Ramón Ribeyro","stopTypeGroup":"bus","stopLat":-12.118939,"stopLon":-77.0396572,"routeNames":"1057 1110 1491 1701 1702 1704 1706 3816 4511 4911-(Lima-Callao) 7505 7613 8306 8515 8523 8525 8604 8612 8616 8617 CR14 CR71 CR75 IM18 IO03 IO07 IO14-(Lima-Callao) IO30b IO50 IO89 OM18 OM19 OM21 OM36 OM37"},{"stopId":761195,"stopName":"Plaza Centroamérica","stopTypeGroup":"bus","stopLat":-12.118918,"stopLon":-77.0423877,"routeNames":"1057 1110 1491 1701 1702 1704 1706 3816 4511 4911-(Lima-Callao) 7501 7505 7613 8306 8515 8523 8525 8604 8612 8616 8617 CR14 CR71 CR75 IM18 IO03 IO07 IO14-(Lima-Callao) IO30b IO89 OM18 OM19 OM21 OM36 OM37"},{"stopId":737563,"stopName":"Subaru","stopTypeGroup":"bus","stopLat":-12.1188489,"stopLon":-76.9772922,"routeNames":"1054 1058 1801-(Lima-Callao) 1802 2804-(Lima-Callao) 2805 3408 3705 4511 7101 7204 8105 8107 8108 8109 8110 8111 8112 8209 8211 8212 8214 8302 8404 8406 8502 8503 8504 8505 8506 8507 8508 8510 8511 8513 8618 9802-(Lima-Callao) CR14 CR75 IM06 IM"},{"stopId":735430,"stopName":"Pardo","stopTypeGroup":"bus","stopLat":-12.1188472,"stopLon":-77.0291403,"routeNames":"301"},{"stopId":938136,"stopName":"Hotel Boulevard","stopTypeGroup":"bus","stopLat":-12.1188446,"stopLon":-77.0370555,"routeNames":"1701 336 3408 7505 7606 7613 8515 8523 8612 8617 Airport-Express-Lima CR71 IO50 NH25"},{"stopId":761317,"stopName":"Plaza Centroamérica","stopTypeGroup":"bus","stopLat":-12.1187187,"stopLon":-77.0431173,"routeNames":"1057 1110 1491 1612 1701 1702 1704 1706 3816 4511 4911-(Lima-Callao) 7501 7505 8306 8515 8523 8525 8616 CR14 CR71 CR75 IM18 IO03 IO07 IO14-(Lima-Callao) IO30b IO89 OM18 OM19 OM21 OM36 OM37"},{"stopId":737352,"stopName":"Mariel","stopTypeGroup":"bus","stopLat":-12.1187135,"stopLon":-76.9888455,"routeNames":"1059 1703-(Lima-Callao) 2702 3701 3809 7504 7614 8104 8523 8803"},{"stopId":736434,"stopName":"Cádiz","stopTypeGroup":"bus","stopLat":-12.118619,"stopLon":-76.9890761,"routeNames":"1059 1703-(Lima-Callao) 2702 3701 3809 7504 7614 8104 8523 8803"},{"stopId":827185,"stopName":"Narciso de la Colina","stopTypeGroup":"bus","stopLat":-12.1183542,"stopLon":-77.0281881,"routeNames":"1047 4911-(Lima-Callao) 8515 IO14-(Lima-Callao) NH25"},{"stopId":828190,"stopName":"Roca y Boloña","stopTypeGroup":"bus","stopLat":-12.11805,"stopLon":-77.0084363,"routeNames":"1099 2803 7505 7612 7613 8201 8611 8612 8614 8619 8621 8703 8704 8711 8714 8715 8803 9801-(Lima-Callao) SH24"},{"stopId":1304057,"stopName":"Coronel Inclán","stopTypeGroup":"bus","stopLat":-12.1179634,"stopLon":-77.0314711,"routeNames":"8515"},{"stopId":1304056,"stopName":"General Borgoño","stopTypeGroup":"bus","stopLat":-12.1179582,"stopLon":-77.0336008,"routeNames":"8515"},{"stopId":1304055,"stopName":"Calle Arica","stopTypeGroup":"bus","stopLat":-12.1179372,"stopLon":-77.0358914,"routeNames":"8515"},{"stopId":1131522,"stopName":"General Iglesias","stopTypeGroup":"bus","stopLat":-12.1179173,"stopLon":-77.038176,"routeNames":"4405 4703 8515 8611 CR02 CR31 CR38 CR39"},{"stopId":1328986,"stopName":"Cesáreo Chacaltana","stopTypeGroup":"bus","stopLat":-12.1179005,"stopLon":-77.0402151,"routeNames":"4405 4703 8611 CR02 CR31 CR38 CR39"},{"stopId":732420,"stopName":"Dos de Mayo","stopTypeGroup":"bus","stopLat":-12.1176645,"stopLon":-77.0292771,"routeNames":"303 305"},{"stopId":1595176,"stopName":"Prado","stopTypeGroup":"bus","stopLat":-12.117494,"stopLon":-77.0273808,"routeNames":"8515"},{"stopId":1595177,"stopName":"Paseo de la República","stopTypeGroup":"bus","stopLat":-12.1174862,"stopLon":-77.0264608,"routeNames":"1047 8515"},{"stopId":828128,"stopName":"Roca y Boloña","stopTypeGroup":"bus","stopLat":-12.1173301,"stopLon":-77.008958,"routeNames":"1099 2803 7505 7612 7613 8201 8611 8612 8614 8619 8621 8703 8704 8711 8714 8715 8803 9801-(Lima-Callao) SH24"},{"stopId":1327195,"stopName":"Bernardo Alcedo","stopTypeGroup":"bus","stopLat":-12.1173131,"stopLon":-77.0429564,"routeNames":"4405 4703 8611 CR02 CR31 CR38 CR39"},{"stopId":1196300,"stopName":"Parroquia","stopTypeGroup":"bus","stopLat":-12.1171919,"stopLon":-77.0418387,"routeNames":"1612 IO50"},{"stopId":1304050,"stopName":"General Valera","stopTypeGroup":"bus","stopLat":-12.1171085,"stopLon":-77.0389169,"routeNames":"4405 4703 8611 CR02 CR31 CR38 CR39"},{"stopId":1304044,"stopName":"Teniente Enrique Palacios","stopTypeGroup":"bus","stopLat":-12.1171033,"stopLon":-77.028172,"routeNames":"1047 4911-(Lima-Callao) 8515 IO14-(Lima-Callao) NH25"},{"stopId":1304051,"stopName":"Parroquia","stopTypeGroup":"bus","stopLat":-12.1170718,"stopLon":-77.0418459,"routeNames":"4405 4703 8611 CR02 CR31 CR38 CR39"},{"stopId":1304119,"stopName":"D\u0027nnos Pizza","stopTypeGroup":"bus","stopLat":-12.1170036,"stopLon":-77.0368463,"routeNames":"1701 3408 4405 4703 7505 7606 7613 8523 8611 8612 8617 Airport-Express-Lima CR02 CR31 CR38 CR39 CR71"},{"stopId":1304120,"stopName":"D\u0027nnos Pizza","stopTypeGroup":"bus","stopLat":-12.1169826,"stopLon":-77.0370287,"routeNames":"1701 3408 4405 4703 7505 7606 7613 8523 8611 8612 8617 Airport-Express-Lima CR02 CR31 CR38 CR39 CR71 IO50 NH25"},{"stopId":1304046,"stopName":"Independencia","stopTypeGroup":"bus","stopLat":-12.1169512,"stopLon":-77.0323133,"routeNames":"8515"},{"stopId":1304045,"stopName":"Avenida Arequipa","stopTypeGroup":"bus","stopLat":-12.1169354,"stopLon":-77.0290303,"routeNames":"8515"},{"stopId":1304047,"stopName":"Elías Aguirre","stopTypeGroup":"bus","stopLat":-12.1169197,"stopLon":-77.0345986,"routeNames":"8515"},{"stopId":1329835,"stopName":"General Suárez","stopTypeGroup":"bus","stopLat":-12.1168882,"stopLon":-77.0275363,"routeNames":"8515"},{"stopId":1304048,"stopName":"Comandante Espinar","stopTypeGroup":"bus","stopLat":-12.116883,"stopLon":-77.0367175,"routeNames":"8515"},{"stopId":761196,"stopName":"Tovar","stopTypeGroup":"bus","stopLat":-12.1168279,"stopLon":-77.0448406,"routeNames":"1057 1110 1491 1701 1702 1704 1706 3816 4511 4911-(Lima-Callao) 7501 7505 8306 8515 8523 8525 8616 CR14 CR71 CR75 IM18 IO03 IO07 IO14-(Lima-Callao) IO30b IO89 OM18 OM19 OM21 OM36 OM37"},{"stopId":1131525,"stopName":"Teniente Enrique Palacios","stopTypeGroup":"bus","stopLat":-12.1167047,"stopLon":-77.0273995,"routeNames":"4911-(Lima-Callao) IO14-(Lima-Callao)"},{"stopId":761316,"stopName":"Tovar","stopTypeGroup":"bus","stopLat":-12.1167007,"stopLon":-77.0450766,"routeNames":"1057 1110 1491 1612 1701 1702 1704 1706 3816 4511 4911-(Lima-Callao) 7501 7505 8306 8515 8523 8525 8616 CR14 CR71 CR75 IM18 IO03 IO07 IO14-(Lima-Callao) IO30b IO89 OM18 OM19 OM21 OM36 OM37"},{"stopId":1196301,"stopName":"Ugarte","stopTypeGroup":"bus","stopLat":-12.1162158,"stopLon":-77.0428163,"routeNames":"1612 4405 4703 8611 CR02 CR31 CR38 CR39 IO50"},{"stopId":735452,"stopName":"Piura","stopTypeGroup":"bus","stopLat":-12.1160097,"stopLon":-77.029379,"routeNames":"301 305"},{"stopId":1019067,"stopName":"Los Ángeles","stopTypeGroup":"bus","stopLat":-12.1159597,"stopLon":-77.0098546,"routeNames":"1099 7505 7612 7613 8201 8611 8612 8614 8619 8621 8703 8704 8711 8714 8715 8803 9801-(Lima-Callao) SH24"},{"stopId":1327194,"stopName":"Manuel Tovar","stopTypeGroup":"bus","stopLat":-12.1159494,"stopLon":-77.0443296,"routeNames":"4405 4703 8611 CR02 CR31 CR38 CR39"},{"stopId":735429,"stopName":"Piura","stopTypeGroup":"bus","stopLat":-12.1156163,"stopLon":-77.0296043,"routeNames":"301 305"},{"stopId":935969,"stopName":"San Agustín","stopTypeGroup":"bus","stopLat":-12.1155672,"stopLon":-77.0183242,"routeNames":"1053 1055 3702 3805 7607 7610 8308"},{"stopId":1300304,"stopName":"Sanzio","stopTypeGroup":"bus","stopLat":-12.115556,"stopLon":-76.9991076,"routeNames":"1060 1061 1804 2701-(Lima-Callao) 2703 3810 3813 3814 4703 7103 7601 8520 8605 8617 8729 CR19 IM22 IO06 IO28b OM33"},{"stopId":828127,"stopName":"Los Ángeles","stopTypeGroup":"bus","stopLat":-12.1155049,"stopLon":-77.0101798,"routeNames":"1099 2803 7505 7612 7613 8201 8611 8612 8614 8619 8621 8703 8704 8711 8714 8715 8803 9801-(Lima-Callao) SH24"},{"stopId":1300303,"stopName":"Sanzio","stopTypeGroup":"bus","stopLat":-12.1154249,"stopLon":-76.999408,"routeNames":"1060 1061 1804 2701-(Lima-Callao) 2703 3810 3813 3814 4703 7103 7601 8520 8605 8617 8729 CR19 IM22 IO06 IO28b OM33"},{"stopId":935996,"stopName":"San Agustín","stopTypeGroup":"bus","stopLat":-12.1153696,"stopLon":-77.0184051,"routeNames":"1053 1055 3702 3805 7607 7610 8308"},{"stopId":761197,"stopName":"Pacheco","stopTypeGroup":"bus","stopLat":-12.1153515,"stopLon":-77.046293,"routeNames":"1057 1110 1491 1701 1702 1704 1706 3816 4511 4911-(Lima-Callao) 7501 7505 8306 8515 8523 8525 8616 CR14 CR71 CR75 IM18 IO03 IO07 IO14-(Lima-Callao) IO30b IO89 OM18 OM19 OM21 OM36 OM37"},{"stopId":761315,"stopName":"Pacheco","stopTypeGroup":"bus","stopLat":-12.1152754,"stopLon":-77.04647,"routeNames":"1057 1110 1491 1612 1701 1702 1704 1706 3816 4511 4911-(Lima-Callao) 7501 7505 8306 8515 8523 8525 8616 CR14 CR71 CR75 IM18 IO03 IO07 IO14-(Lima-Callao) IO30b IO89 OM18 OM19 OM21 OM36 OM37"},{"stopId":1196302,"stopName":"Capello","stopTypeGroup":"bus","stopLat":-12.1147673,"stopLon":-77.0442199,"routeNames":"1612 4405 4703 8611 CR02 CR31 CR38 CR39 IO50"},{"stopId":827186,"stopName":"Las Flores","stopTypeGroup":"bus","stopLat":-12.1146172,"stopLon":-77.028569,"routeNames":"1047 4911-(Lima-Callao) IO14-(Lima-Callao) NH25"},{"stopId":1327193,"stopName":"Toribio Pacheco","stopTypeGroup":"bus","stopLat":-12.1144703,"stopLon":-77.0457351,"routeNames":"4405 4703 8611 CR02 CR31 CR38 CR39"},{"stopId":737353,"stopName":"Aricota","stopTypeGroup":"bus","stopLat":-12.1144284,"stopLon":-76.9915974,"routeNames":"1059 1703-(Lima-Callao) 2702 3701 3809 7504 7614 8104 8523 8803"},{"stopId":1304649,"stopName":"General Vidal","stopTypeGroup":"bus","stopLat":-12.1144179,"stopLon":-77.0272923,"routeNames":"4911-(Lima-Callao) IO14-(Lima-Callao)"},{"stopId":736433,"stopName":"Aricota","stopTypeGroup":"bus","stopLat":-12.1143602,"stopLon":-76.9918442,"routeNames":"1059 1703-(Lima-Callao) 2702 3701 3809 7504 7614 8104 8523 8803"},{"stopId":1304121,"stopName":"Angamos Oeste","stopTypeGroup":"bus","stopLat":-12.1141479,"stopLon":-77.0368382,"routeNames":"1701 336 3408 4405 4703 7505 7606 7613 8523 8611 8612 8617 CR02 CR31 CR38 CR39 CR71"},{"stopId":868273,"stopName":"Santa Cruz","stopTypeGroup":"bus","stopLat":-12.1141084,"stopLon":-77.0397511,"routeNames":"4609 4610 4622 7612 7614 8614"},{"stopId":868231,"stopName":"Comandante Espinar","stopTypeGroup":"bus","stopLat":-12.1140586,"stopLon":-77.0371091,"routeNames":"4609 4610 4622 7612 7614 8614 IO50"},{"stopId":1041145,"stopName":"Santa Cruz","stopTypeGroup":"bus","stopLat":-12.1140363,"stopLon":-77.0400539,"routeNames":"4609 4610 4622 7612 7614 8614 IO50"},{"stopId":868272,"stopName":"Comandante Espinar","stopTypeGroup":"bus","stopLat":-12.1139721,"stopLon":-77.0367014,"routeNames":"1701 3408 4405 4609 4610 4622 4703 7505 7612 7613 7614 8523 8605 8611 8612 8614 8617 8619 CR02 CR31 CR38 CR39 CR71"},{"stopId":761198,"stopName":"Polo","stopTypeGroup":"bus","stopLat":-12.1139314,"stopLon":-77.0477079,"routeNames":"1057 1110 1491 1701 1702 1704 1706 3816 4511 4911-(Lima-Callao) 7501 7505 8306 8515 8523 8525 8616 CR14 CR71 CR75 IM18 IO03 IO07 IO14-(Lima-Callao) IO30b IO89 OM18 OM19 OM21 OM36 OM37"},{"stopId":868232,"stopName":"General Borgoño","stopTypeGroup":"bus","stopLat":-12.1139144,"stopLon":-77.0335579,"routeNames":"1701 3408 4405 4609 4610 4622 4703 7505 7612 7613 7614 8523 8605 8611 8612 8614 8617 8619 CR02 CR31 CR38 CR39 CR71"},{"stopId":732423,"stopName":"Angamos","stopTypeGroup":"bus","stopLat":-12.1139091,"stopLon":-77.0297411,"routeNames":"301 303 305"},{"stopId":1304122,"stopName":"Angamos Oeste","stopTypeGroup":"bus","stopLat":-12.1138986,"stopLon":-77.0369911,"routeNames":"336 7606 8605 8619 NH25"},{"stopId":761314,"stopName":"Natura","stopTypeGroup":"bus","stopLat":-12.1138488,"stopLon":-77.0478836,"routeNames":"1057 1110 1491 1612 1701 1702 1704 1706 3816 4511 4911-(Lima-Callao) 7501 7505 8306 8515 8523 8525 8616 CR14 CR71 CR75 IM18 IO03 IO07 IO14-(Lima-Callao) IO30b IO89 OM18 OM19 OM21 OM36 OM37"},{"stopId":868271,"stopName":"General Borgoño","stopTypeGroup":"bus","stopLat":-12.1138357,"stopLon":-77.0333648,"routeNames":"1701 3408 4405 4609 4610 4622 4703 7505 7612 7613 7614 8523 8605 8611 8612 8614 8617 8619 CR02 CR31 CR38 CR39 CR71"},{"stopId":868233,"stopName":"Arequipa","stopTypeGroup":"bus","stopLat":-12.1137885,"stopLon":-77.0300549,"routeNames":"1701 3408 4405 4609 4610 4622 4703 7505 7612 7613 7614 8523 8605 8611 8612 8614 8617 8619 CR02 CR31 CR38 CR39 CR71 OM33"},{"stopId":868268,"stopName":"Arequipa","stopTypeGroup":"bus","stopLat":-12.1136941,"stopLon":-77.0296311,"routeNames":"1701 3408 4405 4609 4610 4622 4703 7505 7612 7613 7614 8523 8605 8611 8612 8614 8617 8619 CR02 CR31 CR38 CR39 CR71 OM33"},{"stopId":1589496,"stopName":"Angamos","stopTypeGroup":"bus","stopLat":-12.1136049,"stopLon":-77.0255005},{"stopId":868234,"stopName":"Paseo de la República","stopTypeGroup":"bus","stopLat":-12.1135944,"stopLon":-77.02645,"routeNames":"1701 3408 4405 4609 4610 4622 4703 4911-(Lima-Callao) 7505 7612 7613 7614 8523 8605 8611 8612 8614 8617 8619 CR02 CR31 CR38 CR39 CR71 IO14-(Lima-Callao) OM33 SH24"},{"stopId":732419,"stopName":"Angamos","stopTypeGroup":"bus","stopLat":-12.1135472,"stopLon":-77.0299691,"routeNames":"301 303 305"},{"stopId":826042,"stopName":"Angamos","stopTypeGroup":"bus","stopLat":-12.1135026,"stopLon":-77.0259243,"routeNames":"B C EX1 EX12 EX3 EX5 EX6 EX7 EX8 EX9 SX"},{"stopId":868265,"stopName":"Paseo de la República","stopTypeGroup":"bus","stopLat":-12.1133899,"stopLon":-77.0254093,"routeNames":"1701 2703 3408 4405 4609 4610 4622 4703 4911-(Lima-Callao) 7505 7612 7613 7614 8523 8605 8611 8612 8614 8617 8619 8703 8704 8711 8714 8715 CR02 CR31 CR38 CR39 CR71 IO14-(Lima-Callao) IO28b OM33 SH24"},{"stopId":1196303,"stopName":"Merino","stopTypeGroup":"bus","stopLat":-12.1133681,"stopLon":-77.0455843,"routeNames":"1612 4405 4703 8611 CR02 CR31 CR38 CR39 IO50"},{"stopId":827332,"stopName":"Angamos","stopTypeGroup":"bus","stopLat":-12.1133164,"stopLon":-77.0263213,"routeNames":"1047 2703 IO28b"},{"stopId":868236,"stopName":"Irribarren","stopTypeGroup":"bus","stopLat":-12.1133059,"stopLon":-77.0223838,"routeNames":"1701 2703 3408 4405 4609 4610 4622 4703 4911-(Lima-Callao) 7505 7612 7613 7614 8523 8605 8611 8612 8614 8617 8619 8703 8704 8711 8714 8715 CR02 CR31 CR38 CR39 CR71 IO14-(Lima-Callao) IO28b OM33 SH24"},{"stopId":737354,"stopName":"Monterrey","stopTypeGroup":"bus","stopLat":-12.113222,"stopLon":-76.9924021,"routeNames":"1059 1703-(Lima-Callao) 2702 3809 7504 7614 8104 8523 8803"},{"stopId":868263,"stopName":"Iribarren","stopTypeGroup":"bus","stopLat":-12.1131643,"stopLon":-77.0222443,"routeNames":"1701 2703 3408 4405 4609 4610 4622 4703 4911-(Lima-Callao) 7505 7612 7613 7614 8523 8605 8611 8612 8614 8617 8619 8703 8704 8711 8714 8715 CR02 CR31 CR38 CR39 CR71 IO14-(Lima-Callao) IO28b OM33 SH24"},{"stopId":935970,"stopName":"Angamos","stopTypeGroup":"bus","stopLat":-12.11316,"stopLon":-77.0183792,"routeNames":"1053 1055 3702 3805 7607 7610 8308"},{"stopId":868237,"stopName":"República de Panamá","stopTypeGroup":"bus","stopLat":-12.1130489,"stopLon":-77.0185697,"routeNames":"1701 2703 3408 4405 4609 4610 4622 4703 4911-(Lima-Callao) 7505 7612 7613 7614 8523 8605 8611 8612 8614 8617 8619 8703 8704 8711 8714 8715 CR02 CR31 CR38 CR39 CR71 IO14-(Lima-Callao) IO28b OM33 SH24"},{"stopId":736432,"stopName":"Monterrey","stopTypeGroup":"bus","stopLat":-12.1130227,"stopLon":-76.9926918,"routeNames":"1059 1703-(Lima-Callao) 2702 3701 3809 7504 7614 8104 8523 8803"},{"stopId":828191,"stopName":"Angamos","stopTypeGroup":"bus","stopLat":-12.1129099,"stopLon":-77.0118803,"routeNames":"1099 2803 7505 7612 7613 8201 8611 8612 8614 8619 8621 8703 8704 8711 8714 8715 8803 9801-(Lima-Callao) SH24"},{"stopId":868238,"stopName":"San Felipe","stopTypeGroup":"bus","stopLat":-12.1129021,"stopLon":-77.0163971,"routeNames":"1701 2703 3408 4405 4609 4610 4622 4703 4911-(Lima-Callao) 7505 7612 7613 7614 8523 8605 8611 8612 8614 8617 8619 8703 8704 8711 8714 8715 9405-(Lima-Callao) CR02 CR31 CR38 CR39 CR71 IO14-(Lima-Callao) IO28b OM33 SH24"},{"stopId":868262,"stopName":"República De Panamá","stopTypeGroup":"bus","stopLat":-12.1128863,"stopLon":-77.0182371,"routeNames":"1701 2703 3408 4405 4609 4610 4622 4703 4911-(Lima-Callao) 7505 7612 7613 7614 8523 8605 8611 8612 8614 8617 8619 8703 8704 8711 8714 8715 9405-(Lima-Callao) CR02 CR31 CR38 CR39 CR71 IO14-(Lima-Callao) IO28b OM33 SH24"},{"stopId":868260,"stopName":"San Felipe","stopTypeGroup":"bus","stopLat":-12.1127657,"stopLon":-77.0162362,"routeNames":"1701 2703 3408 4405 4609 4610 4622 4703 4911-(Lima-Callao) 7505 7612 7613 7614 8523 8605 8611 8612 8614 8617 8619 8703 8704 8711 8714 8715 9405-(Lima-Callao) CR02 CR31 CR38 CR39 CR71 IO14-(Lima-Callao) IO28b OM33 SH24"},{"stopId":1327192,"stopName":"José Toribio Polo","stopTypeGroup":"bus","stopLat":-12.1127605,"stopLon":-77.0474303,"routeNames":"4405 8611"},{"stopId":935995,"stopName":"Angamos","stopTypeGroup":"bus","stopLat":-12.11274,"stopLon":-77.0184496,"routeNames":"1053 1055 3702 3805 7607 7610 8308 9405-(Lima-Callao)"},{"stopId":868239,"stopName":"Marsano","stopTypeGroup":"bus","stopLat":-12.1126398,"stopLon":-77.0123577,"routeNames":"1701 2703 3408 4405 4609 4610 4622 4703 4911-(Lima-Callao) 7505 7612 7613 7614 8523 8605 8611 8612 8614 8617 8619 8703 8704 8711 8714 8715 9405-(Lima-Callao) CR02 CR31 CR38 CR39 CR71 IO14-(Lima-Callao) IO28b OM33 SH24"},{"stopId":868259,"stopName":"Marsano","stopTypeGroup":"bus","stopLat":-12.1124484,"stopLon":-77.0119634,"routeNames":"1701 2703 3408 4405 4609 4610 4622 4703 4911-(Lima-Callao) 7614 8523 8605 8617 9405-(Lima-Callao) CR02 CR31 CR38 CR39 CR71 IO14-(Lima-Callao) IO28b OM33"},{"stopId":868240,"stopName":"Miguel Iglesias","stopTypeGroup":"bus","stopLat":-12.1124326,"stopLon":-77.0097077,"routeNames":"1701 2703 3408 4405 4609 4610 4622 4703 4911-(Lima-Callao) 7614 8523 8605 8617 9405-(Lima-Callao) CR02 CR31 CR38 CR39 CR71 IO14-(Lima-Callao) IO28b OM33"},{"stopId":868258,"stopName":"Miguel Iglesias","stopTypeGroup":"bus","stopLat":-12.1123094,"stopLon":-77.009536,"routeNames":"1701 2703 3408 4405 4609 4610 4622 4703 4911-(Lima-Callao) 7614 8523 8605 8617 9405-(Lima-Callao) CR02 CR31 CR38 CR39 CR71 IO14-(Lima-Callao) IO28b OM33"},{"stopId":868241,"stopName":"Principal","stopTypeGroup":"bus","stopLat":-12.1122674,"stopLon":-77.0073956,"routeNames":"1701 2703 3408 4405 4609 4610 4622 4703 4911-(Lima-Callao) 7614 8523 8605 8617 9405-(Lima-Callao) CR02 CR31 CR38 CR39 CR71 IO14-(Lima-Callao) IO28b OM33"},{"stopId":828126,"stopName":"Angamos","stopTypeGroup":"bus","stopLat":-12.1122183,"stopLon":-77.012406,"routeNames":"1099 2803 8201 8621 8803 9801-(Lima-Callao)"},{"stopId":1315895,"stopName":"Dante","stopTypeGroup":"bus","stopLat":-12.112215,"stopLon":-77.0235801,"routeNames":"8714 8715"},{"stopId":868256,"stopName":"Raúl Porras Barrenechea","stopTypeGroup":"bus","stopLat":-12.1121311,"stopLon":-77.0070201,"routeNames":"1701 2703 3408 4405 4609 4610 4622 4703 4911-(Lima-Callao) 7614 8523 8605 8617 9405-(Lima-Callao) CR02 CR31 CR38 CR39 CR71 IO14-(Lima-Callao) IO28b OM33"},{"stopId":868242,"stopName":"Ricardo Malachowsky","stopTypeGroup":"bus","stopLat":-12.1120314,"stopLon":-77.0035574,"routeNames":"1701 2703 3408 4405 4609 4610 4622 4703 4911-(Lima-Callao) 7614 8523 8605 8617 9405-(Lima-Callao) CR02 CR31 CR38 CR39 CR71 IO14-(Lima-Callao) IO28b OM33"},{"stopId":868255,"stopName":"Ricardo Malachowsky","stopTypeGroup":"bus","stopLat":-12.1118898,"stopLon":-77.0033294,"routeNames":"1701 2703 3408 4405 4609 4610 4622 4703 4911-(Lima-Callao) 7614 8523 8605 8617 9405-(Lima-Callao) CR02 CR31 CR38 CR39 CR71 IO14-(Lima-Callao) IO28b OM33"},{"stopId":1196304,"stopName":"Villareal","stopTypeGroup":"bus","stopLat":-12.1118888,"stopLon":-77.047068,"routeNames":"1612 4405 4703 8611 CR02 CR31 CR38 CR39 IO50"},{"stopId":868243,"stopName":"Aviación","stopTypeGroup":"bus","stopLat":-12.111819,"stopLon":-77.0003924,"routeNames":"1701 2703 3408 4405 4609 4610 4622 4703 4911-(Lima-Callao) 7614 8523 8605 8617 9405-(Lima-Callao) CR02 CR31 CR38 CR39 CR71 IO14-(Lima-Callao) IO28b OM33"},{"stopId":1676890,"stopName":"La Mar","stopTypeGroup":"bus","stopLat":-12.1117587,"stopLon":-77.0470655,"routeNames":"1612"},{"stopId":761199,"stopName":"Melgar","stopTypeGroup":"bus","stopLat":-12.1117534,"stopLon":-77.0498282,"routeNames":"1057 1110 1491 1701 1702 1704 1706 3816 4405 4511 4703 4911-(Lima-Callao) 7501 7505 8306 8515 8523 8525 CR02 CR14 CR31 CR38 CR39 CR71 CR75 IM18 IO03 IO07 IO14-(Lima-Callao) IO30b IO89 OM18 OM19 OM21 OM36 OM37"},{"stopId":827187,"stopName":"Lizardo Montero","stopTypeGroup":"bus","stopLat":-12.111701,"stopLon":-77.0290089,"routeNames":"1047 IO28b NH25"},{"stopId":735453,"stopName":"Lizardo Montero","stopTypeGroup":"bus","stopLat":-12.11168,"stopLon":-77.0301354,"routeNames":"301 305"},{"stopId":868249,"stopName":"Aviación","stopTypeGroup":"bus","stopLat":-12.111638,"stopLon":-76.9999176,"routeNames":"1701 1703-(Lima-Callao) 3408 4609 4610 4622 7614 8523 8729 9405-(Lima-Callao) CR02 CR31 CR38 CR39 CR71 IO14-(Lima-Callao)"},{"stopId":737355,"stopName":"Primavera","stopTypeGroup":"bus","stopLat":-12.1115961,"stopLon":-76.9934052,"routeNames":"1059 1703-(Lima-Callao) 2702 3701 3809 7504 7614 8104 8523 8803"},{"stopId":1331909,"stopName":"Hipólito Unanue","stopTypeGroup":"bus","stopLat":-12.1115698,"stopLon":-77.0483798,"routeNames":"8611"},{"stopId":868244,"stopName":"Caminos del Inca","stopTypeGroup":"bus","stopLat":-12.1114492,"stopLon":-76.9940972,"routeNames":"1701 1703-(Lima-Callao) 3408 3701 4609 4610 4622 7614 8523 8729 9405-(Lima-Callao) CR02 CR31 CR38 CR39 CR71 IO14-(Lima-Callao)"},{"stopId":735428,"stopName":"Ayacucho","stopTypeGroup":"bus","stopLat":-12.1113679,"stopLon":-77.0303231,"routeNames":"301 305"},{"stopId":868248,"stopName":"San Luis","stopTypeGroup":"bus","stopLat":-12.1110978,"stopLon":-76.9932872,"routeNames":"1701 3408 4609 4610 4622 8729 9405-(Lima-Callao) CR02 CR31 CR38 CR39 CR71 IO14-(Lima-Callao)"},{"stopId":1332413,"stopName":"Jirón Lizardo Montero","stopTypeGroup":"bus","stopLat":-12.1110821,"stopLon":-77.0235318,"routeNames":"8703 8704"},{"stopId":1041144,"stopName":"Ignacio Merino","stopTypeGroup":"bus","stopLat":-12.1110367,"stopLon":-77.0430292,"routeNames":"4609 4610 4622 7612 7614 8614 IO50"},{"stopId":736431,"stopName":"Angamos","stopTypeGroup":"bus","stopLat":-12.1109824,"stopLon":-76.9939202,"routeNames":"1059 2702 3809 7504 8104 8803"},{"stopId":761313,"stopName":"Choquehuanca","stopTypeGroup":"bus","stopLat":-12.1109457,"stopLon":-77.0507509,"routeNames":"1057 1110 1491 1701 1702 1704 1706 3816 4405 4511 4703 4911-(Lima-Callao) 7501 7505 8306 8515 8523 8525 CR02 CR14 CR31 CR38 CR39 CR71 CR75 IM18 IO03 IO07 IO14-(Lima-Callao) IO30b IO89 OM18 OM19 OM21 OM36 OM37"},{"stopId":737687,"stopName":"Primavera","stopTypeGroup":"bus","stopLat":-12.1109453,"stopLon":-76.9779753,"routeNames":"1054 1058 1801-(Lima-Callao) 1802 2804-(Lima-Callao) 2805 3408 3705 4511 7101 7204 8105 8107 8108 8109 8110 8111 8112 8209 8211 8212 8214 8302 8404 8406 8502 8503 8504 8505 8506 8507 8508 8510 8511 8513 8618 9802-(Lima-Callao) CR75 IM06 IM18"},{"stopId":1019068,"stopName":"Salvador Allende","stopTypeGroup":"bus","stopLat":-12.110887,"stopLon":-77.0132177,"routeNames":"1099 2803 8201 8621 8803 9801-(Lima-Callao)"},{"stopId":1304123,"stopName":"Óvalo Gutiérrez","stopTypeGroup":"bus","stopLat":-12.1108117,"stopLon":-77.0368007,"routeNames":"336 7606 8605 8619 Airport-Express-Lima"},{"stopId":1019610,"stopName":"San Fernando","stopTypeGroup":"bus","stopLat":-12.1107817,"stopLon":-77.0134422,"routeNames":"1099 2803 8201 8621 8803 9801-(Lima-Callao)"},{"stopId":868245,"stopName":"Velasco Astete","stopTypeGroup":"bus","stopLat":-12.110728,"stopLon":-76.9847229,"routeNames":"1701 3408 4609 4610 4622 9405-(Lima-Callao) CR02 CR31 CR38 CR39 CR71 IO14-(Lima-Callao)"},{"stopId":868247,"stopName":"Velasco Astete","stopTypeGroup":"bus","stopLat":-12.1105628,"stopLon":-76.984342,"routeNames":"1701 3408 4609 4610 4622 9405-(Lima-Callao) CR02 CR31 CR38 CR39 CR71 IO14-(Lima-Callao)"},{"stopId":1300301,"stopName":"Estación Angamos","stopTypeGroup":"bus","stopLat":-12.1105366,"stopLon":-77.0004916,"routeNames":"1060 1061 1703-(Lima-Callao) 1804 2701-(Lima-Callao) 3701 3810 3813 3814 4405 4911-(Lima-Callao) 7103 7601 8520 CR19 IM22 IO06"},{"stopId":1300302,"stopName":"Estación Angamos","stopTypeGroup":"bus","stopLat":-12.1105366,"stopLon":-77.0002288,"routeNames":"1060 1061 1804 2701-(Lima-Callao) 3701 3810 3813 3814 4405 7103 7601 8520 CR19 IM22 IO06"},{"stopId":1196305,"stopName":"Unanue","stopTypeGroup":"bus","stopLat":-12.1105143,"stopLon":-77.0483744,"routeNames":"1612 4622 7614 IO50"},{"stopId":1041142,"stopName":"Parque Mora","stopTypeGroup":"bus","stopLat":-12.1103919,"stopLon":-77.0472396,"routeNames":"1612 4609 4610 4622 7612 7614 8614 IO50"},{"stopId":738090,"stopName":"Angamos","stopTypeGroup":"metro","stopLat":-12.1103058,"stopLon":-77.000387,"routeNames":"Línea-1"},{"stopId":868246,"stopName":"Puente Primavera","stopTypeGroup":"bus","stopLat":-12.1103051,"stopLon":-76.9782521,"routeNames":"1701 3408 4609 4610 4622 9405-(Lima-Callao) CR02 CR31 CR38 CR39 CR71 IO14-(Lima-Callao)"},{"stopId":761177,"stopName":"Puente Primavera","stopTypeGroup":"bus","stopLat":-12.1101324,"stopLon":-76.9782702,"routeNames":"1701 3408 4609 4610 4622 9405-(Lima-Callao) CR02 CR14 CR31 CR38 CR39 CR71 CR75 IM18 IO14-(Lima-Callao)"},{"stopId":935971,"stopName":"Barbieri","stopTypeGroup":"bus","stopLat":-12.1099222,"stopLon":-77.0184642,"routeNames":"1053 1055 3702 3805 7607 7610 8308 9405-(Lima-Callao)"},{"stopId":761340,"stopName":"Encalada","stopTypeGroup":"bus","stopLat":-12.1098967,"stopLon":-76.973058,"routeNames":"1701 3408 4609 4610 4622 9405-(Lima-Callao) CR02 CR14 CR31 CR38 CR39 CR71 CR75 IM18 IO14-(Lima-Callao)"},{"stopId":1304124,"stopName":"Óvalo Guitérrez","stopTypeGroup":"bus","stopLat":-12.1098652,"stopLon":-77.0373505,"routeNames":"336 8605 8619 Airport-Express-Lima NH25"},{"stopId":935993,"stopName":"Barbieri","stopTypeGroup":"bus","stopLat":-12.1097613,"stopLon":-77.0185311,"routeNames":"1053 1055 3702 3805 7607 7610 8308 9405-(Lima-Callao)"},{"stopId":761176,"stopName":"Encalada","stopTypeGroup":"bus","stopLat":-12.1096921,"stopLon":-76.9723767,"routeNames":"1701 CR02 CR14 CR39 CR71 CR75 IM18"},{"stopId":827188,"stopName":"Salaverry","stopTypeGroup":"bus","stopLat":-12.1096869,"stopLon":-77.0293844,"routeNames":"1047 IO28b NH25"},{"stopId":1304648,"stopName":"Avenida Primavera","stopTypeGroup":"bus","stopLat":-12.1096502,"stopLon":-76.9727844,"routeNames":"3408 4609 4610 4622 9405-(Lima-Callao) CR31 CR38 IO14-(Lima-Callao)"},{"stopId":1196306,"stopName":"Cordova","stopTypeGroup":"bus","stopLat":-12.1093499,"stopLon":-77.0484441,"routeNames":"1612 4622 7614 IO50"},{"stopId":1332412,"stopName":"Jirón Salaverry","stopTypeGroup":"bus","stopLat":-12.109068,"stopLon":-77.0236444,"routeNames":"8703 8704"},{"stopId":828192,"stopName":"Alejandro Peralta","stopTypeGroup":"bus","stopLat":-12.1090601,"stopLon":-77.0145062,"routeNames":"1099 2803 8201 8621 8803 9801-(Lima-Callao)"},{"stopId":828124,"stopName":"Flaubert","stopTypeGroup":"bus","stopLat":-12.1088687,"stopLon":-77.0148468,"routeNames":"1099 2803 8201 8621 8803 9801-(Lima-Callao)"},{"stopId":735454,"stopName":"Tenaud","stopTypeGroup":"bus","stopLat":-12.108866,"stopLon":-77.0306048,"routeNames":"301 305"},{"stopId":737562,"stopName":"Primavera","stopTypeGroup":"bus","stopLat":-12.1087699,"stopLon":-76.9786502,"routeNames":"1054 1058 1801-(Lima-Callao) 1802 2804-(Lima-Callao) 2805 3705 4511 7101 7204 8105 8107 8108 8109 8110 8111 8112 8209 8211 8212 8214 8302 8404 8406 8502 8503 8504 8505 8506 8507 8508 8510 8511 8513 8618 9802-(Lima-Callao) IM06"},{"stopId":735427,"stopName":"Andalucía","stopTypeGroup":"bus","stopLat":-12.1087061,"stopLon":-77.0307818,"routeNames":"301 305"},{"stopId":1303851,"stopName":"Domingo Orué","stopTypeGroup":"bus","stopLat":-12.1086536,"stopLon":-77.0261067,"routeNames":"2703 8703 8704"},{"stopId":1323992,"stopName":"Víctor Martua","stopTypeGroup":"bus","stopLat":-12.1086379,"stopLon":-77.0480794,"routeNames":"1612 IO50"},{"stopId":826041,"stopName":"Domingo Orué","stopTypeGroup":"bus","stopLat":-12.1086143,"stopLon":-77.0263642,"routeNames":"B C"},{"stopId":827331,"stopName":"Domingo Orué","stopTypeGroup":"bus","stopLat":-12.1085854,"stopLon":-77.0267022,"routeNames":"1047 2703 IO28b"},{"stopId":1196260,"stopName":"Victor Maurtua","stopTypeGroup":"bus","stopLat":-12.1084814,"stopLon":-77.0481106,"routeNames":"1612 IO50"},{"stopId":761341,"stopName":"Tomasal","stopTypeGroup":"bus","stopLat":-12.1081553,"stopLon":-76.9695282,"routeNames":"1701 CR02 CR14 CR39 CR71 CR75 IM18"},{"stopId":737356,"stopName":"Joaquín de la Madrid","stopTypeGroup":"bus","stopLat":-12.1081081,"stopLon":-76.9924423,"routeNames":"1059 2702 3809 7504 8104 8803"},{"stopId":1041147,"stopName":"Álamo","stopTypeGroup":"bus","stopLat":-12.1080458,"stopLon":-76.9719852,"routeNames":"3408 4609 4610 4622 9405-(Lima-Callao) CR31 CR38 IO14-(Lima-Callao)"},{"stopId":761175,"stopName":"Tomasal","stopTypeGroup":"bus","stopLat":-12.1079088,"stopLon":-76.9693995,"routeNames":"1701 CR02 CR14 CR39 CR71 CR75 IM18"},{"stopId":2036950,"stopName":"Terminal OLTURSA - Surquillo","stopTypeGroup":"bus","stopLat":-12.107906181130133,"stopLon":-77.0176684856415},{"stopId":1041127,"stopName":"Álamo","stopTypeGroup":"bus","stopLat":-12.1078777,"stopLon":-76.9720353,"routeNames":"3408 4609 4610 4622 9405-(Lima-Callao) CR31 CR38 IO14-(Lima-Callao)"},{"stopId":736430,"stopName":"Joaquín de la Madrid","stopTypeGroup":"bus","stopLat":-12.1076938,"stopLon":-76.9925523,"routeNames":"1059 2702 3809 7504 8104 8803"},{"stopId":1001733,"stopName":"Coronel Portillo","stopTypeGroup":"bus","stopLat":-12.107676,"stopLon":-77.0540415,"routeNames":"1-(Expreso-San-Isidro) 1057 1110 1491 1701 1702 1704 1706 3816 4405 4511 4703 4911-(Lima-Callao) 7501 7505 8306 8515 8523 8525 CR02 CR14 CR31 CR38 CR39 CR71 CR75 IM18 IO03 IO07 IO14-(Lima-Callao) IO30b IO89 OM18 OM19 OM21 OM36 OM37"},{"stopId":1304126,"stopName":"Pardo y Aliaga","stopTypeGroup":"bus","stopLat":-12.1074053,"stopLon":-77.0370983,"routeNames":"336 8605 8619"},{"stopId":1304125,"stopName":"Francisco Tudela y Varela","stopTypeGroup":"bus","stopLat":-12.1073004,"stopLon":-77.0395392,"routeNames":"336 8605 8619 NH25"},{"stopId":1300300,"stopName":"Joaquín de La Madrid","stopTypeGroup":"bus","stopLat":-12.1072165,"stopLon":-77.0007062,"routeNames":"1060 1061 1703-(Lima-Callao) 1804 2701-(Lima-Callao) 3701 3810 3813 3814 4405 4911-(Lima-Callao) 7103 7601 8520 CR19 IM22 IO06"},{"stopId":761201,"stopName":"Complejo","stopTypeGroup":"bus","stopLat":-12.1071797,"stopLon":-77.0543182,"routeNames":"1057 1110 1491 1701 1702 1704 1706 3816 4405 4511 4703 4911-(Lima-Callao) 7501 7505 8306 8515 8523 8525 CR02 CR14 CR31 CR38 CR39 CR71 CR75 IM18 IO03 IO07 IO14-(Lima-Callao) IO30b IO89 OM18 OM19 OM21 OM36 OM37"},{"stopId":1300299,"stopName":"Joaquín de La Madrid","stopTypeGroup":"bus","stopLat":-12.1068598,"stopLon":-77.0010227,"routeNames":"1060 1061 1703-(Lima-Callao) 1804 2701-(Lima-Callao) 3701 3810 3813 3814 4405 4911-(Lima-Callao) 7103 7601 8520 CR19 IM22 IO06"},{"stopId":1019070,"stopName":"Guardia Civil","stopTypeGroup":"bus","stopLat":-12.1067749,"stopLon":-77.0165035,"routeNames":"1099 2803 8201 8621 8803 9801-(Lima-Callao)"},{"stopId":1002033,"stopName":"Plaza 31","stopTypeGroup":"bus","stopLat":-12.1067636,"stopLon":-77.012208,"routeNames":"2-(Expreso-San-Isidro)"},{"stopId":735426,"stopName":"Los Ángeles","stopTypeGroup":"bus","stopLat":-12.1065477,"stopLon":-77.0311546,"routeNames":"301 305"},{"stopId":1308944,"stopName":"Guardia Civil","stopTypeGroup":"bus","stopLat":-12.1064035,"stopLon":-77.0170569,"routeNames":"1099 2803 8201 8621 9801-(Lima-Callao)"},{"stopId":935972,"stopName":"Domingo Orué","stopTypeGroup":"bus","stopLat":-12.1058712,"stopLon":-77.018544,"routeNames":"1053 1055 3702 3805 7607 7610 8308 9405-(Lima-Callao)"},{"stopId":1196307,"stopName":"Salazar","stopTypeGroup":"bus","stopLat":-12.1058073,"stopLon":-77.0474856,"routeNames":"1612 IO50"},{"stopId":1001734,"stopName":"Residencial Santa Cruz","stopTypeGroup":"bus","stopLat":-12.1057454,"stopLon":-77.0485553,"routeNames":"1-(Expreso-San-Isidro)"},{"stopId":735455,"stopName":"Río de Janeiro","stopTypeGroup":"bus","stopLat":-12.1056613,"stopLon":-77.0311359,"routeNames":"301 305"},{"stopId":1196258,"stopName":"Salazar","stopTypeGroup":"bus","stopLat":-12.1056083,"stopLon":-77.0475125,"routeNames":"1612 IO50"},{"stopId":827189,"stopName":"Río de Janeiro","stopTypeGroup":"bus","stopLat":-12.1055852,"stopLon":-77.030071,"routeNames":"1047 IO28b NH25"},{"stopId":935990,"stopName":"Domingo Orué","stopTypeGroup":"bus","stopLat":-12.1055494,"stopLon":-77.0186974,"routeNames":"1053 1055 3702 3805 7607 7610 8308 9405-(Lima-Callao)"},{"stopId":1304127,"stopName":"Pardo y Aliaga","stopTypeGroup":"bus","stopLat":-12.1055328,"stopLon":-77.0390832,"routeNames":"8605 8619 NH25"},{"stopId":828193,"stopName":"Domingo Orué","stopTypeGroup":"bus","stopLat":-12.1054751,"stopLon":-77.0176792,"routeNames":"1099 2803 8201 8621 9801-(Lima-Callao)"},{"stopId":761202,"stopName":"Huaura","stopTypeGroup":"bus","stopLat":-12.1054174,"stopLon":-77.0559382,"routeNames":"1057 1110 1491 1701 1702 1704 1706 3816 4405 4511 4703 4911-(Lima-Callao) 7501 7505 8306 8515 8523 8525 CR02 CR14 CR31 CR38 CR39 CR71 CR75 IM18 IO03 IO07 IO14-(Lima-Callao) IO30b IO89 OM18 OM19 OM21 OM36 OM37"},{"stopId":1001739,"stopName":"Alberto Ulloa","stopTypeGroup":"bus","stopLat":-12.105382,"stopLon":-77.0402878,"routeNames":"1-(Expreso-San-Isidro)"},{"stopId":828122,"stopName":"Domingo Orué","stopTypeGroup":"bus","stopLat":-12.1052941,"stopLon":-77.0180386,"routeNames":"1099 2803 8201 8621 9801-(Lima-Callao)"},{"stopId":761342,"stopName":"Central","stopTypeGroup":"bus","stopLat":-12.1052286,"stopLon":-76.9655102,"routeNames":"1701 CR02 CR14 CR39 CR71 CR75 IM18"},{"stopId":1001740,"stopName":"Paz Soldán","stopTypeGroup":"bus","stopLat":-12.1051472,"stopLon":-77.0371846,"routeNames":"1-(Expreso-San-Isidro) 8605 8619"},{"stopId":1001736,"stopName":"Parque Hermasia Paget","stopTypeGroup":"bus","stopLat":-12.1044021,"stopLon":-77.0445966,"routeNames":"1-(Expreso-San-Isidro)"},{"stopId":737357,"stopName":"Romero Hidalgo","stopTypeGroup":"bus","stopLat":-12.1043946,"stopLon":-76.9934267,"routeNames":"1059 2702 3809 7504 8104 8803"},{"stopId":1002034,"stopName":"Del Parque Sur","stopTypeGroup":"bus","stopLat":-12.1043386,"stopLon":-77.0119885,"routeNames":"2-(Expreso-San-Isidro)"},{"stopId":736429,"stopName":"Romero Hidalgo","stopTypeGroup":"bus","stopLat":-12.1043316,"stopLon":-76.9936466,"routeNames":"1059 2702 3809 7504 8104 8803"},{"stopId":1001732,"stopName":"La Torre","stopTypeGroup":"bus","stopLat":-12.1040334,"stopLon":-77.0573833,"routeNames":"1-(Expreso-San-Isidro) 1057 1110 1491 1701 1702 1704 1706 3816 4405 4511 4703 4911-(Lima-Callao) 7501 7505 8306 8515 8523 8525 CR02 CR14 CR31 CR38 CR39 CR71 CR75 IM18 IO03 IO07 IO14-(Lima-Callao) IO30b IO89 OM18 OM19 OM21 OM36 OM37"},{"stopId":1041149,"stopName":"Aldebarán","stopTypeGroup":"bus","stopLat":-12.1038953,"stopLon":-76.970383,"routeNames":"3408 4609 4610 4622 9405-(Lima-Callao) CR31 CR38 IO14-(Lima-Callao)"},{"stopId":732425,"stopName":"Aramburú","stopTypeGroup":"bus","stopLat":-12.1037153,"stopLon":-77.0314711,"routeNames":"301 303 305"},{"stopId":827190,"stopName":"Aramburú","stopTypeGroup":"bus","stopLat":-12.1035816,"stopLon":-77.0304143,"routeNames":"1047 IO28b NH25"},{"stopId":1304128,"stopName":"General Juan Antonio Pezet","stopTypeGroup":"bus","stopLat":-12.1033474,"stopLon":-77.0386983,"routeNames":"336 8605 8619 NH25"},{"stopId":1041126,"stopName":"Aldebarán","stopTypeGroup":"bus","stopLat":-12.1032886,"stopLon":-76.9706788,"routeNames":"3408 4609 4610 4622 9405-(Lima-Callao) CR31 CR38 IO14-(Lima-Callao)"},{"stopId":737688,"stopName":"Pentagonito","stopTypeGroup":"bus","stopLat":-12.1032721,"stopLon":-76.9791198,"routeNames":"1054 1058 1801-(Lima-Callao) 1802 2804-(Lima-Callao) 2805 3705 4511 7101 7204 8105 8107 8108 8109 8110 8111 8112 8209 8211 8212 8214 8302 8404 8406 8502 8503 8504 8505 8506 8507 8508 8510 8511 8513 8618 9802-(Lima-Callao) IM06"},{"stopId":2057513,"stopName":"Hospital Central FAP","stopTypeGroup":"bus","stopLat":-12.103258997337033,"stopLon":-77.0303848385811},{"stopId":1304130,"stopName":"Conde de la Monclova","stopTypeGroup":"bus","stopLat":-12.1031829,"stopLon":-77.036916,"routeNames":"336 8605 8619"},{"stopId":1002032,"stopName":"Guardia Civil","stopTypeGroup":"bus","stopLat":-12.1031559,"stopLon":-77.0151803,"routeNames":"1053 2-(Expreso-San-Isidro) 3702 7610"},{"stopId":737561,"stopName":"Pentagonito","stopTypeGroup":"bus","stopLat":-12.103078,"stopLon":-76.9793344,"routeNames":"1054 1058 1801-(Lima-Callao) 1802 2804-(Lima-Callao) 2805 3705 4511 7101 7204 8105 8107 8108 8109 8110 8111 8112 8209 8211 8212 8214 8302 8404 8406 8502 8503 8504 8505 8506 8507 8508 8510 8511 8513 8618 9802-(Lima-Callao) IM06"},{"stopId":1196308,"stopName":"Pezet","stopTypeGroup":"bus","stopLat":-12.1030592,"stopLon":-77.0479308,"routeNames":"1612 IO50"},{"stopId":761203,"stopName":"Salaverry","stopTypeGroup":"bus","stopLat":-12.1030308,"stopLon":-77.0581377,"routeNames":"1057 1110 1491 1701 1702 1704 1706 3816 4405 4511 4703 4911-(Lima-Callao) 7501 7505 8306 8515 8523 8525 CR02 CR14 CR31 CR38 CR39 CR71 CR75 IM18 IO03 IO07 IO14-(Lima-Callao) IO30b IO89 OM18 OM19 OM21 OM36 OM37"},{"stopId":1303852,"stopName":"Andrés Aramburú","stopTypeGroup":"bus","stopLat":-12.1029994,"stopLon":-77.0270562,"routeNames":"2703"},{"stopId":1196256,"stopName":"Lima","stopTypeGroup":"bus","stopLat":-12.1029752,"stopLon":-77.0516679,"routeNames":"1612 IO50"},{"stopId":1196257,"stopName":"Lima","stopTypeGroup":"bus","stopLat":-12.1029442,"stopLon":-77.0481405,"routeNames":"1612 IO50"},{"stopId":1196309,"stopName":"Portillo","stopTypeGroup":"bus","stopLat":-12.1029246,"stopLon":-77.0512628,"routeNames":"1612 IO50"},{"stopId":826040,"stopName":"Aramburú","stopTypeGroup":"bus","stopLat":-12.102863,"stopLon":-77.0273083,"routeNames":"B C SX"},{"stopId":761309,"stopName":"Salaverry","stopTypeGroup":"bus","stopLat":-12.1027528,"stopLon":-77.0585775,"routeNames":"1491 1702 1706 3507 3511 4405 4703 4911-(Lima-Callao) 7505 8306 8525 CR02 CR14 CR31 CR38 CR39 CR71 CR75 IM18 IO89 OM18"},{"stopId":1308305,"stopName":"Del Parque Sur","stopTypeGroup":"bus","stopLat":-12.1027528,"stopLon":-77.014761,"routeNames":"1053 3702 7610 8803"},{"stopId":2057514,"stopName":"Paseo de la República","stopTypeGroup":"bus","stopLat":-12.102708253493624,"stopLon":-77.0268362760544},{"stopId":827330,"stopName":"Andrés Aramburú","stopTypeGroup":"bus","stopLat":-12.1027004,"stopLon":-77.027598,"routeNames":"1047 2703 IO28b"},{"stopId":732418,"stopName":"Raymundo Morales","stopTypeGroup":"bus","stopLat":-12.1026532,"stopLon":-77.0318078,"routeNames":"301 303 305"},{"stopId":827096,"stopName":"Del Ejército","stopTypeGroup":"bus","stopLat":-12.102627,"stopLon":-77.0582986,"routeNames":"1051 1057 1110 1701 1704 3507 3511 3816 4511 7501 8515 8523 IO03 IO07 IO14-(Lima-Callao) IO30b OM19 OM21 OM36 OM37"},{"stopId":828196,"stopName":"Aramburú","stopTypeGroup":"bus","stopLat":-12.1024014,"stopLon":-77.0186287,"routeNames":"1053 1055 1099 2803 3702 3805 7607 7610 8201 8308 8621 9405-(Lima-Callao) 9801-(Lima-Callao)"},{"stopId":2057515,"stopName":"Los Cisnes","stopTypeGroup":"bus","stopLat":-12.102367316259784,"stopLon":-77.02340304851533},{"stopId":1196255,"stopName":"Juan Delepiani","stopTypeGroup":"bus","stopLat":-12.1022671,"stopLon":-77.0555218,"routeNames":"1612 IO50"},{"stopId":1196310,"stopName":"Juan Delepiani","stopTypeGroup":"bus","stopLat":-12.1022427,"stopLon":-77.0552861,"routeNames":"1612 IO50"},{"stopId":1308948,"stopName":"República de Panamá","stopTypeGroup":"bus","stopLat":-12.1019451,"stopLon":-77.0184517,"routeNames":"1053 3702 7610"},{"stopId":828120,"stopName":"Aramburú","stopTypeGroup":"bus","stopLat":-12.1017772,"stopLon":-77.0189345,"routeNames":"1055 1099 2803 3805 7607 8201 8308 8621 9405-(Lima-Callao) 9801-(Lima-Callao)"},{"stopId":827069,"stopName":"Pezet","stopTypeGroup":"bus","stopLat":-12.1014678,"stopLon":-77.0574886,"routeNames":"1051 1057 1110 1701 1704 3507 3511 3816 4511 7501 8515 8523 IO03 IO07 IO14-(Lima-Callao) IO30b OM19 OM21 OM36 OM37"},{"stopId":1196311,"stopName":"Salaverry","stopTypeGroup":"bus","stopLat":-12.1013283,"stopLon":-77.0572373,"routeNames":"1612 IO50"},{"stopId":1001741,"stopName":"Ernesto Plasencia","stopTypeGroup":"bus","stopLat":-12.1011826,"stopLon":-77.03677,"routeNames":"1-(Expreso-San-Isidro) 8605 8619"},{"stopId":738089,"stopName":"San Borja Sur","stopTypeGroup":"metro","stopLat":-12.1009616,"stopLon":-77.0017201,"routeNames":"Línea-1"},{"stopId":827094,"stopName":"Pezet","stopTypeGroup":"bus","stopLat":-12.1009564,"stopLon":-77.0574296,"routeNames":"1-(Expreso-San-Isidro) 1051 1057 1110 1612 1701 1704 3507 3511 3816 4511 7501 8515 8523 IO03 IO07 IO14-(Lima-Callao) IO30b IO50 OM19 OM21 OM36 OM37"},{"stopId":1300295,"stopName":"Estación San Borja Sur","stopTypeGroup":"bus","stopLat":-12.1009223,"stopLon":-77.0018327,"routeNames":"1060 1061 1703-(Lima-Callao) 1804 2701-(Lima-Callao) 3701 3810 3813 3814 4405 4911-(Lima-Callao) 7103 7601 8520 CR19 IM22 IO06"},{"stopId":1300296,"stopName":"Estación San Borja Sur","stopTypeGroup":"bus","stopLat":-12.100917,"stopLon":-77.0016235,"routeNames":"1060 1061 1703-(Lima-Callao) 1804 2701-(Lima-Callao) 3701 3810 3813 3814 4405 4911-(Lima-Callao) 7103 7601 8520 CR19 IM22 IO06"},{"stopId":737358,"stopName":"San Borja Sur","stopTypeGroup":"bus","stopLat":-12.1006705,"stopLon":-76.9945371,"routeNames":"1059 2702 3809 7504 8104 8803"},{"stopId":1002029,"stopName":"Parque Juan Pablo II","stopTypeGroup":"bus","stopLat":-12.1005435,"stopLon":-77.0169866,"routeNames":"2-(Expreso-San-Isidro)"},{"stopId":1304131,"stopName":"Aurelio Miro Quesada","stopTypeGroup":"bus","stopLat":-12.100382,"stopLon":-77.0379674,"routeNames":"8605 8619 NH25"},{"stopId":1019071,"stopName":"Los Zorzales","stopTypeGroup":"bus","stopLat":-12.1003459,"stopLon":-77.0192726,"routeNames":"1055 1099 2803 3805 7607 8201 8308 8621 9405-(Lima-Callao) 9801-(Lima-Callao)"},{"stopId":1019575,"stopName":"Los Lamentos","stopTypeGroup":"bus","stopLat":-12.1003322,"stopLon":-77.0194183,"routeNames":"1055 1099 2803 3805 7607 8201 8308 8621 9405-(Lima-Callao) 9801-(Lima-Callao)"},{"stopId":1002016,"stopName":"Guardia Civil","stopTypeGroup":"bus","stopLat":-12.1003235,"stopLon":-77.012962,"routeNames":"2-(Expreso-San-Isidro)"},{"stopId":736428,"stopName":"San Borja Sur","stopTypeGroup":"bus","stopLat":-12.1002666,"stopLon":-76.9947463,"routeNames":"1059 2702 3809 7504 8104 8803"},{"stopId":1321149,"stopName":"CEV Los Cisnes","stopTypeGroup":"bus","stopLat":-12.1001407,"stopLon":-77.0239985,"routeNames":"2-(Expreso-San-Isidro)"},{"stopId":1308306,"stopName":"Óvalo José Quiñones","stopTypeGroup":"bus","stopLat":-12.0998785,"stopLon":-77.0130658,"routeNames":"1053 3702 7610 8803"},{"stopId":735456,"stopName":"La Habana","stopTypeGroup":"bus","stopLat":-12.099784,"stopLon":-77.032131,"routeNames":"301 305"},{"stopId":1002026,"stopName":"Arequipa","stopTypeGroup":"bus","stopLat":-12.0997388,"stopLon":-77.0324388,"routeNames":"2-(Expreso-San-Isidro)"},{"stopId":827191,"stopName":"La Habana","stopTypeGroup":"bus","stopLat":-12.0996896,"stopLon":-77.0310795,"routeNames":"1047 IO28b NH25"}]