[{"stopId":1543953,"stopName":"Villena","stopTypeGroup":"bus","stopLat":-12.2532995,"stopLon":-76.8769813,"routeNames":"8505 8618 8701 8718"},{"stopId":1300813,"stopName":"Villena","stopTypeGroup":"bus","stopLat":-12.2530931,"stopLon":-76.8769012,"routeNames":"8401 8505 8618 8701 8718"},{"stopId":793554,"stopName":"Santa Rosa","stopTypeGroup":"bus","stopLat":-12.2527076,"stopLon":-76.8981217,"routeNames":"8110 8504 8505 8508 8510 8611 8613 8618 8701 8702 8711 8714 8715 8718 8720 8802 NH25 NH27p SH24"},{"stopId":1332627,"stopName":"Santa Rosa","stopTypeGroup":"bus","stopLat":-12.252542,"stopLon":-76.8980205,"routeNames":"8801 RA03"},{"stopId":1332638,"stopName":"Begonias","stopTypeGroup":"bus","stopLat":-12.2520361,"stopLon":-76.8976021,"routeNames":"8801 RA03"},{"stopId":793608,"stopName":"Puente San Luis","stopTypeGroup":"bus","stopLat":-12.2504279,"stopLon":-76.9304082,"routeNames":"1058 8308 8406 8504 8505 8508 8510 8511 8618"},{"stopId":793550,"stopName":"Puente San Luis","stopTypeGroup":"bus","stopLat":-12.2504082,"stopLon":-76.930663,"routeNames":"1058 8308 8406 8504 8505 8508 8510 8511 8618"},{"stopId":1312652,"stopName":"Conchán","stopTypeGroup":"bus","stopLat":-12.2501646,"stopLon":-76.9303894,"routeNames":"8718"},{"stopId":1332637,"stopName":"Nogales","stopTypeGroup":"bus","stopLat":-12.2501122,"stopLon":-76.8983853,"routeNames":"8801 RA03"},{"stopId":1332628,"stopName":"Parroquia Santa Rosa de Lima","stopTypeGroup":"bus","stopLat":-12.2500912,"stopLon":-76.8960035,"routeNames":"8801 RA03"},{"stopId":1332636,"stopName":"Los Sauces","stopTypeGroup":"bus","stopLat":-12.2493573,"stopLon":-76.8969798,"routeNames":"8801 RA03"},{"stopId":1543955,"stopName":"Caisca - El Olivar","stopTypeGroup":"bus","stopLat":-12.2490559,"stopLon":-76.8732396,"routeNames":"8505 8618 8701 8718"},{"stopId":1300814,"stopName":"Caisca - El Olivar","stopTypeGroup":"bus","stopLat":-12.2489536,"stopLon":-76.8732476,"routeNames":"8401 8505 8618 8701 8718"},{"stopId":1332629,"stopName":"Jacarandá","stopTypeGroup":"bus","stopLat":-12.2489169,"stopLon":-76.8960786,"routeNames":"8801 RA03"},{"stopId":1332630,"stopName":"Mercado 6 de Febrero","stopTypeGroup":"bus","stopLat":-12.2479995,"stopLon":-76.8966848,"routeNames":"8801 RA03"},{"stopId":1312651,"stopName":"Antigua Panamericana Sur","stopTypeGroup":"bus","stopLat":-12.2479314,"stopLon":-76.9329643,"routeNames":"8718"},{"stopId":1310439,"stopName":"Parque Lucinda","stopTypeGroup":"bus","stopLat":-12.2470454,"stopLon":-76.9254971,"routeNames":"8718"},{"stopId":1312650,"stopName":"AA.HH Conchán","stopTypeGroup":"bus","stopLat":-12.2468305,"stopLon":-76.9302285,"routeNames":"8718"},{"stopId":793549,"stopName":"Las Malvinas","stopTypeGroup":"bus","stopLat":-12.24677,"stopLon":-76.9358665,"routeNames":"1058 8308 8406 8504 8505 8508 8510 8511 8618"},{"stopId":1050596,"stopName":"Prolongación Pastor Sevilla","stopTypeGroup":"bus","stopLat":-12.2466503,"stopLon":-76.9241246,"routeNames":"8718"},{"stopId":793609,"stopName":"Las Malvinas","stopTypeGroup":"bus","stopLat":-12.2466337,"stopLon":-76.9356412,"routeNames":"1058 8308 8406 8504 8505 8508 8510 8511 8618"},{"stopId":1332631,"stopName":"Ficus","stopTypeGroup":"bus","stopLat":-12.2466208,"stopLon":-76.8973339,"routeNames":"8801 RA03"},{"stopId":1332635,"stopName":"Tipac","stopTypeGroup":"bus","stopLat":-12.2464216,"stopLon":-76.8992543,"routeNames":"8801 RA03"},{"stopId":739323,"stopName":"María Reiche","stopTypeGroup":"bus","stopLat":-12.2463797,"stopLon":-76.9241935,"routeNames":"1801-(Lima-Callao) 8108 8513 8621 8718 8723 8892 9801-(Lima-Callao)"},{"stopId":739331,"stopName":"Forestal","stopTypeGroup":"bus","stopLat":-12.2461857,"stopLon":-76.9235927,"routeNames":"1801-(Lima-Callao) 8108 8513 8621 8723 8892 9801-(Lima-Callao)"},{"stopId":1332632,"stopName":"Julio César Tello II","stopTypeGroup":"bus","stopLat":-12.2456562,"stopLon":-76.8963468,"routeNames":"8801 RA03"},{"stopId":1312647,"stopName":"Tahuantinsuyo","stopTypeGroup":"bus","stopLat":-12.245478,"stopLon":-76.9278735,"routeNames":"8718"},{"stopId":1543956,"stopName":"Casica - Poro Portón","stopTypeGroup":"bus","stopLat":-12.2452526,"stopLon":-76.8704125,"routeNames":"8505 8618 8701 8718"},{"stopId":1332634,"stopName":"Paltos","stopTypeGroup":"bus","stopLat":-12.2452159,"stopLon":-76.8980205,"routeNames":"8801 RA03"},{"stopId":1300815,"stopName":"Casica - Poro Portón","stopTypeGroup":"bus","stopLat":-12.245132,"stopLon":-76.8704474,"routeNames":"8401 8505 8618 8701 8718"},{"stopId":739324,"stopName":"Colegio Hipólito Unanue","stopTypeGroup":"bus","stopLat":-12.2446549,"stopLon":-76.9206154,"routeNames":"1801-(Lima-Callao) 8108 8513 8621 8723 9801-(Lima-Callao)"},{"stopId":1312649,"stopName":"Prolongación Pastor Sevilla","stopTypeGroup":"bus","stopLat":-12.2443876,"stopLon":-76.9256151,"routeNames":"8718"},{"stopId":739330,"stopName":"Colegio Hipólito Unanue","stopTypeGroup":"bus","stopLat":-12.2443351,"stopLon":-76.9204223,"routeNames":"1801-(Lima-Callao) 8108 8513 8621 8723 9801-(Lima-Callao)"},{"stopId":1312648,"stopName":"Jesús de Nazareth","stopTypeGroup":"bus","stopLat":-12.2442827,"stopLon":-76.9297028,"routeNames":"8718"},{"stopId":739325,"stopName":"Revolución","stopTypeGroup":"bus","stopLat":-12.2431871,"stopLon":-76.9180888,"routeNames":"1801-(Lima-Callao) 8108 8513 8621 8723 9801-(Lima-Callao)"},{"stopId":1312646,"stopName":"Capilla Virgen de la Merced","stopTypeGroup":"bus","stopLat":-12.2430665,"stopLon":-76.9296062,"routeNames":"8718"},{"stopId":739332,"stopName":"Las Lomas","stopTypeGroup":"bus","stopLat":-12.2430245,"stopLon":-76.9256043,"routeNames":"1801-(Lima-Callao) 8108 8513 8621 8723 8892 9801-(Lima-Callao)"},{"stopId":739322,"stopName":"Las Lomas","stopTypeGroup":"bus","stopLat":-12.2429669,"stopLon":-76.9262213,"routeNames":"1801-(Lima-Callao) 8108 8513 8723 8892 9801-(Lima-Callao)"},{"stopId":828152,"stopName":"María Reiche","stopTypeGroup":"bus","stopLat":-12.2428712,"stopLon":-76.9181304,"routeNames":"8111 8201 8212 8611 8612 8613 8619 8621 8802 9801-(Lima-Callao) OM19 OM21 OM37 SH24"},{"stopId":739329,"stopName":"Revolución","stopTypeGroup":"bus","stopLat":-12.2428673,"stopLon":-76.9178474,"routeNames":"1801-(Lima-Callao) 8108 8111 8201 8212 8513 8611 8612 8613 8619 8723 8802 OM19 OM21 OM37 SH24"},{"stopId":1301616,"stopName":"Mariano Pastor Sevilla","stopTypeGroup":"bus","stopLat":-12.242786,"stopLon":-76.9256473,"routeNames":"2805"},{"stopId":793548,"stopName":"La Caleta","stopTypeGroup":"bus","stopLat":-12.2422406,"stopLon":-76.9445997,"routeNames":"1058 8308 8406 8504 8505 8508 8510 8511 8618"},{"stopId":793610,"stopName":"La Caleta","stopTypeGroup":"bus","stopLat":-12.2420833,"stopLon":-76.9443637,"routeNames":"1058 8308 8406 8504 8505 8508 8510 8511 8618"},{"stopId":1543957,"stopName":"Pampa Grande","stopTypeGroup":"bus","stopLat":-12.2418581,"stopLon":-76.8682292,"routeNames":"8505 8618 8701 8718"},{"stopId":1300816,"stopName":"Pampa Grande","stopTypeGroup":"bus","stopLat":-12.2417034,"stopLon":-76.8682748,"routeNames":"8401 8505 8618 8701 8718"},{"stopId":1019623,"stopName":"Calle J","stopTypeGroup":"bus","stopLat":-12.2415927,"stopLon":-76.9153313,"routeNames":"1801-(Lima-Callao) 8108 8111 8201 8212 8611 8612 8613 8723 8802 OM19 OM21 OM37 SH24"},{"stopId":739328,"stopName":"Calle J","stopTypeGroup":"bus","stopLat":-12.2413837,"stopLon":-76.9152497,"routeNames":"1801-(Lima-Callao) 8108 8111 8201 8212 8611 8612 8613 8723 8802 OM19 OM21 OM37 SH24"},{"stopId":1301615,"stopName":"Calle 88","stopTypeGroup":"bus","stopLat":-12.2411975,"stopLon":-76.9230428,"routeNames":"2805"},{"stopId":1301614,"stopName":"Calle 138","stopTypeGroup":"bus","stopLat":-12.2410586,"stopLon":-76.9230375,"routeNames":"2805"},{"stopId":1312642,"stopName":"Universitaria","stopTypeGroup":"bus","stopLat":-12.2410219,"stopLon":-76.9301212,"routeNames":"8718 8723"},{"stopId":1312643,"stopName":"Avenida C","stopTypeGroup":"bus","stopLat":-12.241001,"stopLon":-76.929971,"routeNames":"8718 8723"},{"stopId":739326,"stopName":"Separadora Industrial","stopTypeGroup":"bus","stopLat":-12.2408384,"stopLon":-76.9140226,"routeNames":"1801-(Lima-Callao) 8108 8111 8201 8212 8611 8612 8613 8723 8802 OM19 OM21 OM37 SH24"},{"stopId":737622,"stopName":"María Reiche","stopTypeGroup":"bus","stopLat":-12.2404767,"stopLon":-76.9139475,"routeNames":"1802 8109 8214 8306 8503 8720 IO06"},{"stopId":739327,"stopName":"Separadora Industrial","stopTypeGroup":"bus","stopLat":-12.2402827,"stopLon":-76.9133332,"routeNames":"1801-(Lima-Callao) 8108 8111 8201 8212 8611 8612 8613 8720 8723 8802 OM19 OM21 OM37 SH24"},{"stopId":1312645,"stopName":"Calle D","stopTypeGroup":"bus","stopLat":-12.2400259,"stopLon":-76.9318163,"routeNames":"8718 8723"},{"stopId":1562037,"stopName":"Calle 9","stopTypeGroup":"bus","stopLat":-12.2398738,"stopLon":-76.9333962,"routeNames":"8718 8723"},{"stopId":1301618,"stopName":"Revolución","stopTypeGroup":"bus","stopLat":-12.2393705,"stopLon":-76.9208863,"routeNames":"2805"},{"stopId":828158,"stopName":"Forestal","stopTypeGroup":"bus","stopLat":-12.2393234,"stopLon":-76.9284797,"routeNames":"1801-(Lima-Callao) 8108 8513 8723 8892"},{"stopId":828159,"stopName":"Las Lomas","stopTypeGroup":"bus","stopLat":-12.2393103,"stopLon":-76.9206208,"routeNames":"8111 8201 8212 8611 8612 8613 8619 8621 8802 9801-(Lima-Callao) OM19 OM21 OM37 SH24"},{"stopId":1312600,"stopName":"200 Millas","stopTypeGroup":"bus","stopLat":-12.2392395,"stopLon":-76.9386399,"routeNames":"8892"},{"stopId":828151,"stopName":"Las Lomas","stopTypeGroup":"bus","stopLat":-12.2391451,"stopLon":-76.9209266,"routeNames":"2805 8111 8201 8212 8611 8612 8613 8619 8621 8802 9801-(Lima-Callao) OM19 OM21 OM37 SH24"},{"stopId":739333,"stopName":"Universitaria","stopTypeGroup":"bus","stopLat":-12.239077,"stopLon":-76.9279486,"routeNames":"1801-(Lima-Callao) 8108 8513 8723 8892 9801-(Lima-Callao)"},{"stopId":1312601,"stopName":"Agroindustrial","stopTypeGroup":"bus","stopLat":-12.2390508,"stopLon":-76.9384038,"routeNames":"8892"},{"stopId":2060994,"stopName":"Universitaria","stopTypeGroup":"bus","stopLat":-12.238772904302756,"stopLon":-76.92839920520784},{"stopId":737624,"stopName":"Los Incas","stopTypeGroup":"bus","stopLat":-12.2386405,"stopLon":-76.9125259,"routeNames":"1801-(Lima-Callao) 1802 8108 8109 8110 8111 8201 8212 8214 8306 8503 8612 8701 8702 8711 8714 8715 8723 IO06 NH25 NH27p OM19 OM21 OM37"},{"stopId":1466952,"stopName":"Avenida 3","stopTypeGroup":"bus","stopLat":-12.2384846,"stopLon":-76.9306388,"routeNames":"1801-(Lima-Callao) 8108 8513 8892"},{"stopId":1330790,"stopName":"Mercado Mensajero de la Paz","stopTypeGroup":"bus","stopLat":-12.2384059,"stopLon":-76.913749,"routeNames":"1802 8109 8214 8306 8503 IO06"},{"stopId":737627,"stopName":"Los Incas","stopTypeGroup":"bus","stopLat":-12.2382906,"stopLon":-76.9126385,"routeNames":"1801-(Lima-Callao) 1802 8108 8109 8110 8111 8201 8212 8214 8306 8503 8612 8701 8702 8711 8714 8715 8723 IO06 NH25 NH27p OM19 OM21 OM37"},{"stopId":1312607,"stopName":"Óvalo de Oasis","stopTypeGroup":"bus","stopLat":-12.238212,"stopLon":-76.9372129,"routeNames":"8892"},{"stopId":1312602,"stopName":"Calle 13","stopTypeGroup":"bus","stopLat":-12.2378057,"stopLon":-76.9413087,"routeNames":"8892"},{"stopId":1312599,"stopName":"Calle 13","stopTypeGroup":"bus","stopLat":-12.2377716,"stopLon":-76.9415581,"routeNames":"8892"},{"stopId":739320,"stopName":"Óvalo de Oasis","stopTypeGroup":"bus","stopLat":-12.2376353,"stopLon":-76.9376528,"routeNames":"1061 3813 3814 8107 8108 8302 8513 8718 8723"},{"stopId":739336,"stopName":"Óvalo de Oasis","stopTypeGroup":"bus","stopLat":-12.2374623,"stopLon":-76.9372183,"routeNames":"3814 8107 8108 8513 8718 8723 8892"},{"stopId":793547,"stopName":"Touring 2","stopTypeGroup":"bus","stopLat":-12.237301,"stopLon":-76.9540063,"routeNames":"1058 8308 8406 8504 8505 8508 8510 8511 8618"},{"stopId":793611,"stopName":"Touring 2","stopTypeGroup":"bus","stopLat":-12.2372328,"stopLon":-76.9538024,"routeNames":"1058 8308 8406 8504 8505 8508 8510 8511 8618"},{"stopId":1466951,"stopName":"Avenida 2","stopTypeGroup":"bus","stopLat":-12.236862,"stopLon":-76.9329,"routeNames":"1801-(Lima-Callao) 8108 8513 8892"},{"stopId":739319,"stopName":"2do de Oasis","stopTypeGroup":"bus","stopLat":-12.2366916,"stopLon":-76.9390208,"routeNames":"1061 3813 3814 8107 8108 8302 8513 8718 8723"},{"stopId":739337,"stopName":"2do de Oasis","stopTypeGroup":"bus","stopLat":-12.2366759,"stopLon":-76.9387686,"routeNames":"1061 3813 3814 8107 8108 8302 8513 8718 8723"},{"stopId":739313,"stopName":"Calle C","stopTypeGroup":"bus","stopLat":-12.2364819,"stopLon":-76.9359684,"routeNames":"8107 8108 8513 8718 8723 8892"},{"stopId":737628,"stopName":"Las Lomas","stopTypeGroup":"bus","stopLat":-12.2362093,"stopLon":-76.9158143,"routeNames":"1802 8109 8214 8306 8503 8720 IO06"},{"stopId":737621,"stopName":"Las Lomas","stopTypeGroup":"bus","stopLat":-12.2361621,"stopLon":-76.9165224,"routeNames":"1802 8109 8214 8306 8503 8720 IO06"},{"stopId":828160,"stopName":"Universitaria","stopTypeGroup":"bus","stopLat":-12.2361202,"stopLon":-76.9229972,"routeNames":"2805 8111 8201 8212 8611 8612 8613 8619 8621 8802 9801-(Lima-Callao) OM19 OM21 OM37 SH24"},{"stopId":1050593,"stopName":"Calle E","stopTypeGroup":"bus","stopLat":-12.2360553,"stopLon":-76.9362053,"routeNames":"8107 8108 8513 8718 8723"},{"stopId":828150,"stopName":"Universitaria","stopTypeGroup":"bus","stopLat":-12.235879,"stopLon":-76.9232762,"routeNames":"2805 8111 8201 8212 8611 8612 8613 8619 8621 8802 9801-(Lima-Callao) OM19 OM21 OM37 SH24"},{"stopId":739318,"stopName":"1ro de Oasis","stopTypeGroup":"bus","stopLat":-12.235575,"stopLon":-76.9405174,"routeNames":"1061 3813 3814 8107 8108 8302 8513 8718 8723"},{"stopId":739338,"stopName":"1ro de Oasis","stopTypeGroup":"bus","stopLat":-12.2355697,"stopLon":-76.9402653,"routeNames":"1061 3813 3814 8107 8108 8302 8513 8718 8723"},{"stopId":737625,"stopName":"Terminal Los Chinos","stopTypeGroup":"bus","stopLat":-12.2350533,"stopLon":-76.9115871,"routeNames":"1801-(Lima-Callao) 1802 8108 8109 8110 8111 8201 8212 8214 8306 8503 8612 8701 8702 8711 8714 8715 IO06 NH25 NH27p OM19 OM21 OM37"},{"stopId":1312603,"stopName":"Talara","stopTypeGroup":"bus","stopLat":-12.2349721,"stopLon":-76.9441974,"routeNames":"8892"},{"stopId":737626,"stopName":"Terminal Los Chinos","stopTypeGroup":"bus","stopLat":-12.234862,"stopLon":-76.9115871,"routeNames":"1801-(Lima-Callao) 1802 8108 8109 8110 8111 8201 8212 8214 8306 8503 8612 8701 8702 8711 8714 8715 IO06 NH25 NH27p OM19 OM21 OM37"},{"stopId":1312570,"stopName":"Talara","stopTypeGroup":"bus","stopLat":-12.2346261,"stopLon":-76.944648,"routeNames":"8892"},{"stopId":1308777,"stopName":"Pastor Sevilla","stopTypeGroup":"bus","stopLat":-12.2346051,"stopLon":-76.9346327,"routeNames":"1801-(Lima-Callao) 8107"},{"stopId":2060987,"stopName":"200 Millas","stopTypeGroup":"bus","stopLat":-12.234332470247383,"stopLon":-76.93419277668},{"stopId":1009326,"stopName":"200 Millas","stopTypeGroup":"bus","stopLat":-12.2341403,"stopLon":-76.9349495,"routeNames":"1801-(Lima-Callao) 8107 8111"},{"stopId":1009290,"stopName":"Pastor Sevilla","stopTypeGroup":"bus","stopLat":-12.2338382,"stopLon":-76.9345736,"routeNames":"8111"},{"stopId":793546,"stopName":"Touring 1","stopTypeGroup":"bus","stopLat":-12.2336836,"stopLon":-76.9610444,"routeNames":"1058 8308 8406 8504 8505 8508 8510 8511 8618"},{"stopId":793612,"stopName":"Touring 1","stopTypeGroup":"bus","stopLat":-12.2335211,"stopLon":-76.960921,"routeNames":"1058 8308 8406 8504 8505 8508 8510 8511 8618"},{"stopId":739339,"stopName":"Talara","stopTypeGroup":"bus","stopLat":-12.2334307,"stopLon":-76.9416761,"routeNames":"1061 3813 3814 8107 8108 8302 8513 8718 8723"},{"stopId":739309,"stopName":"Talara","stopTypeGroup":"bus","stopLat":-12.2332577,"stopLon":-76.9419605,"routeNames":"8107 8108 8302 8513 8723"},{"stopId":737629,"stopName":"Óvalo Chama","stopTypeGroup":"bus","stopLat":-12.2332106,"stopLon":-76.9176382,"routeNames":"1802 8109 8214 8306 8503 8720 IO06"},{"stopId":1312639,"stopName":"Mercado Talara","stopTypeGroup":"bus","stopLat":-12.2332001,"stopLon":-76.9416654,"routeNames":"1061 3813 3814 8718"},{"stopId":737620,"stopName":"Óvalo Chama","stopTypeGroup":"bus","stopLat":-12.2329065,"stopLon":-76.9184482,"routeNames":"1802 8109 8214 8306 8503 8720 IO06"},{"stopId":1312604,"stopName":"José Olaya","stopTypeGroup":"bus","stopLat":-12.2325395,"stopLon":-76.9456565,"routeNames":"8892"},{"stopId":828161,"stopName":"Guardia Republicana","stopTypeGroup":"bus","stopLat":-12.2323979,"stopLon":-76.9252181,"routeNames":"2805 8111 8201 8212 8611 8612 8613 8619 8621 8802 9801-(Lima-Callao) OM19 OM21 OM37 SH24"},{"stopId":1312569,"stopName":"José Olaya","stopTypeGroup":"bus","stopLat":-12.2322564,"stopLon":-76.946032,"routeNames":"8892"},{"stopId":828149,"stopName":"Guardia Republicana","stopTypeGroup":"bus","stopLat":-12.2321725,"stopLon":-76.9254917,"routeNames":"2805 8111 8201 8212 8611 8612 8613 8619 8621 8802 9801-(Lima-Callao) OM19 OM21 OM37 SH24"},{"stopId":1303487,"stopName":"Villa Verde","stopTypeGroup":"bus","stopLat":-12.2317216,"stopLon":-76.8902206,"routeNames":"8201 8212 8724"},{"stopId":760676,"stopName":"Mega Plaza Villa El Salvador","stopTypeGroup":"bus","stopLat":-12.231719,"stopLon":-76.9102648,"routeNames":"1801-(Lima-Callao) 1802 8108 8109 8110 8111 8201 8212 8214 8503 8612 8701 8702 8711 8714 8715 IO06 NH25 NH27p OM19 OM21 OM37"},{"stopId":1312668,"stopName":"Micaela Bastidas","stopTypeGroup":"bus","stopLat":-12.2316692,"stopLon":-76.932503,"routeNames":"8111"},{"stopId":760631,"stopName":"Mega Plaza Villa El Salvador","stopTypeGroup":"bus","stopLat":-12.2315539,"stopLon":-76.9102862,"routeNames":"1801-(Lima-Callao) 1802 8108 8109 8110 8111 8201 8212 8214 8503 8612 8701 8702 8711 8714 8715 IO06 NH25 NH27p OM19 OM21 OM37"},{"stopId":1312638,"stopName":"Liga Distrital de Fútbol - Villa El Salvador","stopTypeGroup":"bus","stopLat":-12.2312918,"stopLon":-76.9382322,"routeNames":"1061 3813 3814 8718"},{"stopId":1009291,"stopName":"Liga Distrital de Fútbol - Villa El Salvador","stopTypeGroup":"bus","stopLat":-12.2311244,"stopLon":-76.9376249,"routeNames":"1801-(Lima-Callao) 8107 8111"},{"stopId":828165,"stopName":"Micaela Bastidas","stopTypeGroup":"bus","stopLat":-12.2310873,"stopLon":-76.9324279,"routeNames":"8111 8201 8621 9801-(Lima-Callao) OM19 OM21 OM37"},{"stopId":739340,"stopName":"José Olaya","stopTypeGroup":"bus","stopLat":-12.2310296,"stopLon":-76.9431138,"routeNames":"8107 8108 8302 8513 8723"},{"stopId":828147,"stopName":"200 Millas","stopTypeGroup":"bus","stopLat":-12.2310231,"stopLon":-76.9327042,"routeNames":"8201 8621 9801-(Lima-Callao) OM19 OM21 OM37"},{"stopId":1009325,"stopName":"Liga Distrital de Fútbol - Villa El Salvador","stopTypeGroup":"bus","stopLat":-12.2309261,"stopLon":-76.9381217,"routeNames":"1801-(Lima-Callao) 8107 8111"},{"stopId":1304195,"stopName":"Palma Roebellini","stopTypeGroup":"bus","stopLat":-12.2308723,"stopLon":-76.8918943,"routeNames":"8201 8724"},{"stopId":739308,"stopName":"José Olaya","stopTypeGroup":"bus","stopLat":-12.2308252,"stopLon":-76.9434035,"routeNames":"8107 8108 8302 8513 8723"},{"stopId":1312637,"stopName":"Liga Distrital de Fútbol - Villa El Salvador","stopTypeGroup":"bus","stopLat":-12.2308199,"stopLon":-76.9375831,"routeNames":"1061 3813 3814 8718"},{"stopId":1050613,"stopName":"Villa Las Palmas","stopTypeGroup":"bus","stopLat":-12.2307571,"stopLon":-76.889152,"routeNames":"8201 8212 8724"},{"stopId":760677,"stopName":"Óvalo José Gálvez","stopTypeGroup":"bus","stopLat":-12.2302537,"stopLon":-76.9097069,"routeNames":"1801-(Lima-Callao) 1802 8108 8109 8110 8111 8201 8212 8214 8503 8612 8701 8702 8711 8714 8715 IO06 NH25 NH27p OM19 OM21 OM37"},{"stopId":828163,"stopName":"Los Álamos","stopTypeGroup":"bus","stopLat":-12.2301908,"stopLon":-76.9301265,"routeNames":"8111 8201 8621 9801-(Lima-Callao) OM19 OM21 OM37"},{"stopId":1304157,"stopName":"Villa Las Palmas - Primera Etapa","stopTypeGroup":"bus","stopLat":-12.2301751,"stopLon":-76.8941474,"routeNames":"1110 8201 8626"},{"stopId":1312606,"stopName":"José Carlos Mariátegui","stopTypeGroup":"bus","stopLat":-12.2301017,"stopLon":-76.9471318,"routeNames":"8892"},{"stopId":760620,"stopName":"Las Palmas","stopTypeGroup":"bus","stopLat":-12.2297137,"stopLon":-76.9009227,"routeNames":"1804 8109"},{"stopId":828164,"stopName":"Los Álamos","stopTypeGroup":"bus","stopLat":-12.2296613,"stopLon":-76.9299656,"routeNames":"8111 8201 8621 9801-(Lima-Callao) OM19 OM21 OM37"},{"stopId":1304290,"stopName":"Curva de José Gálvez","stopTypeGroup":"bus","stopLat":-12.2295197,"stopLon":-76.9102621,"routeNames":"1110 1804 8211 8716 8717 8722 8724 8728 8729 IO28b NH25 NH27p"},{"stopId":1312598,"stopName":"Separadora Agroindustrial","stopTypeGroup":"bus","stopLat":-12.2294411,"stopLon":-76.9474053,"routeNames":"8892 IM22"},{"stopId":737630,"stopName":"Guardia Republicana","stopTypeGroup":"bus","stopLat":-12.2294201,"stopLon":-76.919902,"routeNames":"1802 8109 8214 8306 8503 8720 IO06"},{"stopId":1073627,"stopName":"Casa Club El Pamar","stopTypeGroup":"bus","stopLat":-12.2294012,"stopLon":-76.8935455,"routeNames":"1110 8201 8506 8626"},{"stopId":737619,"stopName":"Guardia Republicana","stopTypeGroup":"bus","stopLat":-12.2293415,"stopLon":-76.9205779,"routeNames":"1802 8109 8214 8306 8503 8720 IO06"},{"stopId":760630,"stopName":"Óvalo José Gálvez","stopTypeGroup":"bus","stopLat":-12.2293153,"stopLon":-76.9096425,"routeNames":"1110 1801-(Lima-Callao) 1804 8109 8110 8111 8201 8211 8212 8503 8612 8701 8702 8711 8714 8715 8716 8717 8722 8724 8728 8729 IO06 IO28b OM19 OM21 OM37"},{"stopId":1302360,"stopName":"Parques del Paraíso","stopTypeGroup":"bus","stopLat":-12.2292471,"stopLon":-76.8866909,"routeNames":"1801-(Lima-Callao)"}]