[{"stopId":1196306,"stopName":"Cordova","stopTypeGroup":"bus","stopLat":-12.1093499,"stopLon":-77.0484441,"routeNames":"1612 4622 7614 IO50"},{"stopId":1332412,"stopName":"Jirón Salaverry","stopTypeGroup":"bus","stopLat":-12.109068,"stopLon":-77.0236444,"routeNames":"8703 8704"},{"stopId":828192,"stopName":"Alejandro Peralta","stopTypeGroup":"bus","stopLat":-12.1090601,"stopLon":-77.0145062,"routeNames":"1099 2803 8201 8621 8803 9801-(Lima-Callao)"},{"stopId":828124,"stopName":"Flaubert","stopTypeGroup":"bus","stopLat":-12.1088687,"stopLon":-77.0148468,"routeNames":"1099 2803 8201 8621 8803 9801-(Lima-Callao)"},{"stopId":735454,"stopName":"Tenaud","stopTypeGroup":"bus","stopLat":-12.108866,"stopLon":-77.0306048,"routeNames":"301 305"},{"stopId":737562,"stopName":"Primavera","stopTypeGroup":"bus","stopLat":-12.1087699,"stopLon":-76.9786502,"routeNames":"1054 1058 1801-(Lima-Callao) 1802 2804-(Lima-Callao) 2805 3705 4511 7101 7204 8105 8107 8108 8109 8110 8111 8112 8209 8211 8212 8214 8302 8404 8406 8502 8503 8504 8505 8506 8507 8508 8510 8511 8513 8618 9802-(Lima-Callao) IM06"},{"stopId":735427,"stopName":"Andalucía","stopTypeGroup":"bus","stopLat":-12.1087061,"stopLon":-77.0307818,"routeNames":"301 305"},{"stopId":1303851,"stopName":"Domingo Orué","stopTypeGroup":"bus","stopLat":-12.1086536,"stopLon":-77.0261067,"routeNames":"2703 8703 8704"},{"stopId":1323992,"stopName":"Víctor Martua","stopTypeGroup":"bus","stopLat":-12.1086379,"stopLon":-77.0480794,"routeNames":"1612 IO50"},{"stopId":826041,"stopName":"Domingo Orué","stopTypeGroup":"bus","stopLat":-12.1086143,"stopLon":-77.0263642,"routeNames":"B C"},{"stopId":827331,"stopName":"Domingo Orué","stopTypeGroup":"bus","stopLat":-12.1085854,"stopLon":-77.0267022,"routeNames":"1047 2703 IO28b"},{"stopId":1196260,"stopName":"Victor Maurtua","stopTypeGroup":"bus","stopLat":-12.1084814,"stopLon":-77.0481106,"routeNames":"1612 IO50"},{"stopId":737356,"stopName":"Joaquín de la Madrid","stopTypeGroup":"bus","stopLat":-12.1081081,"stopLon":-76.9924423,"routeNames":"1059 2702 3809 7504 8104 8803"},{"stopId":2036950,"stopName":"Terminal OLTURSA - Surquillo","stopTypeGroup":"bus","stopLat":-12.107906181130133,"stopLon":-77.0176684856415},{"stopId":736430,"stopName":"Joaquín de la Madrid","stopTypeGroup":"bus","stopLat":-12.1076938,"stopLon":-76.9925523,"routeNames":"1059 2702 3809 7504 8104 8803"},{"stopId":1001733,"stopName":"Coronel Portillo","stopTypeGroup":"bus","stopLat":-12.107676,"stopLon":-77.0540415,"routeNames":"1-(Expreso-San-Isidro) 1057 1110 1491 1701 1702 1704 1706 3816 4405 4511 4703 4911-(Lima-Callao) 7501 7505 8306 8515 8523 8525 CR02 CR14 CR31 CR38 CR39 CR71 CR75 IM18 IO03 IO07 IO14-(Lima-Callao) IO30b IO89 OM18 OM19 OM21 OM36 OM37"},{"stopId":1304126,"stopName":"Pardo y Aliaga","stopTypeGroup":"bus","stopLat":-12.1074053,"stopLon":-77.0370983,"routeNames":"336 8605 8619"},{"stopId":1304125,"stopName":"Francisco Tudela y Varela","stopTypeGroup":"bus","stopLat":-12.1073004,"stopLon":-77.0395392,"routeNames":"336 8605 8619 NH25"},{"stopId":1300300,"stopName":"Joaquín de La Madrid","stopTypeGroup":"bus","stopLat":-12.1072165,"stopLon":-77.0007062,"routeNames":"1060 1061 1703-(Lima-Callao) 1804 2701-(Lima-Callao) 3701 3810 3813 3814 4405 4911-(Lima-Callao) 7103 7601 8520 CR19 IM22 IO06"},{"stopId":761201,"stopName":"Complejo","stopTypeGroup":"bus","stopLat":-12.1071797,"stopLon":-77.0543182,"routeNames":"1057 1110 1491 1701 1702 1704 1706 3816 4405 4511 4703 4911-(Lima-Callao) 7501 7505 8306 8515 8523 8525 CR02 CR14 CR31 CR38 CR39 CR71 CR75 IM18 IO03 IO07 IO14-(Lima-Callao) IO30b IO89 OM18 OM19 OM21 OM36 OM37"},{"stopId":1300299,"stopName":"Joaquín de La Madrid","stopTypeGroup":"bus","stopLat":-12.1068598,"stopLon":-77.0010227,"routeNames":"1060 1061 1703-(Lima-Callao) 1804 2701-(Lima-Callao) 3701 3810 3813 3814 4405 4911-(Lima-Callao) 7103 7601 8520 CR19 IM22 IO06"},{"stopId":1019070,"stopName":"Guardia Civil","stopTypeGroup":"bus","stopLat":-12.1067749,"stopLon":-77.0165035,"routeNames":"1099 2803 8201 8621 8803 9801-(Lima-Callao)"},{"stopId":1002033,"stopName":"Plaza 31","stopTypeGroup":"bus","stopLat":-12.1067636,"stopLon":-77.012208,"routeNames":"2-(Expreso-San-Isidro)"},{"stopId":735426,"stopName":"Los Ángeles","stopTypeGroup":"bus","stopLat":-12.1065477,"stopLon":-77.0311546,"routeNames":"301 305"},{"stopId":1308944,"stopName":"Guardia Civil","stopTypeGroup":"bus","stopLat":-12.1064035,"stopLon":-77.0170569,"routeNames":"1099 2803 8201 8621 9801-(Lima-Callao)"},{"stopId":935972,"stopName":"Domingo Orué","stopTypeGroup":"bus","stopLat":-12.1058712,"stopLon":-77.018544,"routeNames":"1053 1055 3702 3805 7607 7610 8308 9405-(Lima-Callao)"},{"stopId":1196307,"stopName":"Salazar","stopTypeGroup":"bus","stopLat":-12.1058073,"stopLon":-77.0474856,"routeNames":"1612 IO50"},{"stopId":1001734,"stopName":"Residencial Santa Cruz","stopTypeGroup":"bus","stopLat":-12.1057454,"stopLon":-77.0485553,"routeNames":"1-(Expreso-San-Isidro)"},{"stopId":735455,"stopName":"Río de Janeiro","stopTypeGroup":"bus","stopLat":-12.1056613,"stopLon":-77.0311359,"routeNames":"301 305"},{"stopId":1196258,"stopName":"Salazar","stopTypeGroup":"bus","stopLat":-12.1056083,"stopLon":-77.0475125,"routeNames":"1612 IO50"},{"stopId":827189,"stopName":"Río de Janeiro","stopTypeGroup":"bus","stopLat":-12.1055852,"stopLon":-77.030071,"routeNames":"1047 IO28b NH25"},{"stopId":935990,"stopName":"Domingo Orué","stopTypeGroup":"bus","stopLat":-12.1055494,"stopLon":-77.0186974,"routeNames":"1053 1055 3702 3805 7607 7610 8308 9405-(Lima-Callao)"},{"stopId":1304127,"stopName":"Pardo y Aliaga","stopTypeGroup":"bus","stopLat":-12.1055328,"stopLon":-77.0390832,"routeNames":"8605 8619 NH25"},{"stopId":828193,"stopName":"Domingo Orué","stopTypeGroup":"bus","stopLat":-12.1054751,"stopLon":-77.0176792,"routeNames":"1099 2803 8201 8621 9801-(Lima-Callao)"},{"stopId":761202,"stopName":"Huaura","stopTypeGroup":"bus","stopLat":-12.1054174,"stopLon":-77.0559382,"routeNames":"1057 1110 1491 1701 1702 1704 1706 3816 4405 4511 4703 4911-(Lima-Callao) 7501 7505 8306 8515 8523 8525 CR02 CR14 CR31 CR38 CR39 CR71 CR75 IM18 IO03 IO07 IO14-(Lima-Callao) IO30b IO89 OM18 OM19 OM21 OM36 OM37"},{"stopId":1001739,"stopName":"Alberto Ulloa","stopTypeGroup":"bus","stopLat":-12.105382,"stopLon":-77.0402878,"routeNames":"1-(Expreso-San-Isidro)"},{"stopId":828122,"stopName":"Domingo Orué","stopTypeGroup":"bus","stopLat":-12.1052941,"stopLon":-77.0180386,"routeNames":"1099 2803 8201 8621 9801-(Lima-Callao)"},{"stopId":1001740,"stopName":"Paz Soldán","stopTypeGroup":"bus","stopLat":-12.1051472,"stopLon":-77.0371846,"routeNames":"1-(Expreso-San-Isidro) 8605 8619"},{"stopId":1001736,"stopName":"Parque Hermasia Paget","stopTypeGroup":"bus","stopLat":-12.1044021,"stopLon":-77.0445966,"routeNames":"1-(Expreso-San-Isidro)"},{"stopId":737357,"stopName":"Romero Hidalgo","stopTypeGroup":"bus","stopLat":-12.1043946,"stopLon":-76.9934267,"routeNames":"1059 2702 3809 7504 8104 8803"},{"stopId":1002034,"stopName":"Del Parque Sur","stopTypeGroup":"bus","stopLat":-12.1043386,"stopLon":-77.0119885,"routeNames":"2-(Expreso-San-Isidro)"},{"stopId":736429,"stopName":"Romero Hidalgo","stopTypeGroup":"bus","stopLat":-12.1043316,"stopLon":-76.9936466,"routeNames":"1059 2702 3809 7504 8104 8803"},{"stopId":1001732,"stopName":"La Torre","stopTypeGroup":"bus","stopLat":-12.1040334,"stopLon":-77.0573833,"routeNames":"1-(Expreso-San-Isidro) 1057 1110 1491 1701 1702 1704 1706 3816 4405 4511 4703 4911-(Lima-Callao) 7501 7505 8306 8515 8523 8525 CR02 CR14 CR31 CR38 CR39 CR71 CR75 IM18 IO03 IO07 IO14-(Lima-Callao) IO30b IO89 OM18 OM19 OM21 OM36 OM37"},{"stopId":732425,"stopName":"Aramburú","stopTypeGroup":"bus","stopLat":-12.1037153,"stopLon":-77.0314711,"routeNames":"301 303 305"},{"stopId":827190,"stopName":"Aramburú","stopTypeGroup":"bus","stopLat":-12.1035816,"stopLon":-77.0304143,"routeNames":"1047 IO28b NH25"},{"stopId":1304128,"stopName":"General Juan Antonio Pezet","stopTypeGroup":"bus","stopLat":-12.1033474,"stopLon":-77.0386983,"routeNames":"336 8605 8619 NH25"},{"stopId":737688,"stopName":"Pentagonito","stopTypeGroup":"bus","stopLat":-12.1032721,"stopLon":-76.9791198,"routeNames":"1054 1058 1801-(Lima-Callao) 1802 2804-(Lima-Callao) 2805 3705 4511 7101 7204 8105 8107 8108 8109 8110 8111 8112 8209 8211 8212 8214 8302 8404 8406 8502 8503 8504 8505 8506 8507 8508 8510 8511 8513 8618 9802-(Lima-Callao) IM06"},{"stopId":2057513,"stopName":"Hospital Central FAP","stopTypeGroup":"bus","stopLat":-12.103258997337033,"stopLon":-77.0303848385811},{"stopId":1304130,"stopName":"Conde de la Monclova","stopTypeGroup":"bus","stopLat":-12.1031829,"stopLon":-77.036916,"routeNames":"336 8605 8619"},{"stopId":1002032,"stopName":"Guardia Civil","stopTypeGroup":"bus","stopLat":-12.1031559,"stopLon":-77.0151803,"routeNames":"1053 2-(Expreso-San-Isidro) 3702 7610"},{"stopId":737561,"stopName":"Pentagonito","stopTypeGroup":"bus","stopLat":-12.103078,"stopLon":-76.9793344,"routeNames":"1054 1058 1801-(Lima-Callao) 1802 2804-(Lima-Callao) 2805 3705 4511 7101 7204 8105 8107 8108 8109 8110 8111 8112 8209 8211 8212 8214 8302 8404 8406 8502 8503 8504 8505 8506 8507 8508 8510 8511 8513 8618 9802-(Lima-Callao) IM06"},{"stopId":1196308,"stopName":"Pezet","stopTypeGroup":"bus","stopLat":-12.1030592,"stopLon":-77.0479308,"routeNames":"1612 IO50"},{"stopId":761203,"stopName":"Salaverry","stopTypeGroup":"bus","stopLat":-12.1030308,"stopLon":-77.0581377,"routeNames":"1057 1110 1491 1701 1702 1704 1706 3816 4405 4511 4703 4911-(Lima-Callao) 7501 7505 8306 8515 8523 8525 CR02 CR14 CR31 CR38 CR39 CR71 CR75 IM18 IO03 IO07 IO14-(Lima-Callao) IO30b IO89 OM18 OM19 OM21 OM36 OM37"},{"stopId":1303852,"stopName":"Andrés Aramburú","stopTypeGroup":"bus","stopLat":-12.1029994,"stopLon":-77.0270562,"routeNames":"2703"},{"stopId":1196256,"stopName":"Lima","stopTypeGroup":"bus","stopLat":-12.1029752,"stopLon":-77.0516679,"routeNames":"1612 IO50"},{"stopId":1196257,"stopName":"Lima","stopTypeGroup":"bus","stopLat":-12.1029442,"stopLon":-77.0481405,"routeNames":"1612 IO50"},{"stopId":1196309,"stopName":"Portillo","stopTypeGroup":"bus","stopLat":-12.1029246,"stopLon":-77.0512628,"routeNames":"1612 IO50"},{"stopId":826040,"stopName":"Aramburú","stopTypeGroup":"bus","stopLat":-12.102863,"stopLon":-77.0273083,"routeNames":"B C SX"},{"stopId":761309,"stopName":"Salaverry","stopTypeGroup":"bus","stopLat":-12.1027528,"stopLon":-77.0585775,"routeNames":"1491 1702 1706 3507 3511 4405 4703 4911-(Lima-Callao) 7505 8306 8525 CR02 CR14 CR31 CR38 CR39 CR71 CR75 IM18 IO89 OM18"},{"stopId":1308305,"stopName":"Del Parque Sur","stopTypeGroup":"bus","stopLat":-12.1027528,"stopLon":-77.014761,"routeNames":"1053 3702 7610 8803"},{"stopId":2057514,"stopName":"Paseo de la República","stopTypeGroup":"bus","stopLat":-12.102708253493624,"stopLon":-77.0268362760544},{"stopId":827330,"stopName":"Andrés Aramburú","stopTypeGroup":"bus","stopLat":-12.1027004,"stopLon":-77.027598,"routeNames":"1047 2703 IO28b"},{"stopId":732418,"stopName":"Raymundo Morales","stopTypeGroup":"bus","stopLat":-12.1026532,"stopLon":-77.0318078,"routeNames":"301 303 305"},{"stopId":827096,"stopName":"Del Ejército","stopTypeGroup":"bus","stopLat":-12.102627,"stopLon":-77.0582986,"routeNames":"1051 1057 1110 1701 1704 3507 3511 3816 4511 7501 8515 8523 IO03 IO07 IO14-(Lima-Callao) IO30b OM19 OM21 OM36 OM37"},{"stopId":828196,"stopName":"Aramburú","stopTypeGroup":"bus","stopLat":-12.1024014,"stopLon":-77.0186287,"routeNames":"1053 1055 1099 2803 3702 3805 7607 7610 8201 8308 8621 9405-(Lima-Callao) 9801-(Lima-Callao)"},{"stopId":2057515,"stopName":"Los Cisnes","stopTypeGroup":"bus","stopLat":-12.102367316259784,"stopLon":-77.02340304851533},{"stopId":1196255,"stopName":"Juan Delepiani","stopTypeGroup":"bus","stopLat":-12.1022671,"stopLon":-77.0555218,"routeNames":"1612 IO50"},{"stopId":1196310,"stopName":"Juan Delepiani","stopTypeGroup":"bus","stopLat":-12.1022427,"stopLon":-77.0552861,"routeNames":"1612 IO50"},{"stopId":1308948,"stopName":"República de Panamá","stopTypeGroup":"bus","stopLat":-12.1019451,"stopLon":-77.0184517,"routeNames":"1053 3702 7610"},{"stopId":828120,"stopName":"Aramburú","stopTypeGroup":"bus","stopLat":-12.1017772,"stopLon":-77.0189345,"routeNames":"1055 1099 2803 3805 7607 8201 8308 8621 9405-(Lima-Callao) 9801-(Lima-Callao)"},{"stopId":827069,"stopName":"Pezet","stopTypeGroup":"bus","stopLat":-12.1014678,"stopLon":-77.0574886,"routeNames":"1051 1057 1110 1701 1704 3507 3511 3816 4511 7501 8515 8523 IO03 IO07 IO14-(Lima-Callao) IO30b OM19 OM21 OM36 OM37"},{"stopId":1196311,"stopName":"Salaverry","stopTypeGroup":"bus","stopLat":-12.1013283,"stopLon":-77.0572373,"routeNames":"1612 IO50"},{"stopId":1001741,"stopName":"Ernesto Plasencia","stopTypeGroup":"bus","stopLat":-12.1011826,"stopLon":-77.03677,"routeNames":"1-(Expreso-San-Isidro) 8605 8619"},{"stopId":761308,"stopName":"Aliaga","stopTypeGroup":"bus","stopLat":-12.1009957,"stopLon":-77.0609915,"routeNames":"1491 1702 1706 3507 3511 4405 4703 4911-(Lima-Callao) 7505 8306 8525 CR02 CR14 CR31 CR38 CR39 CR71 CR75 IM18 IO89 OM18"},{"stopId":738089,"stopName":"San Borja Sur","stopTypeGroup":"metro","stopLat":-12.1009616,"stopLon":-77.0017201,"routeNames":"Línea-1"},{"stopId":761204,"stopName":"Aliaga","stopTypeGroup":"bus","stopLat":-12.100959,"stopLon":-77.0607287,"routeNames":"1491 1702 1706 3507 3511 4405 4703 4911-(Lima-Callao) 7505 8306 8525 CR02 CR14 CR31 CR38 CR39 CR71 CR75 IM18 IO89 OM18"},{"stopId":827094,"stopName":"Pezet","stopTypeGroup":"bus","stopLat":-12.1009564,"stopLon":-77.0574296,"routeNames":"1-(Expreso-San-Isidro) 1051 1057 1110 1612 1701 1704 3507 3511 3816 4511 7501 8515 8523 IO03 IO07 IO14-(Lima-Callao) IO30b IO50 OM19 OM21 OM36 OM37"},{"stopId":1300295,"stopName":"Estación San Borja Sur","stopTypeGroup":"bus","stopLat":-12.1009223,"stopLon":-77.0018327,"routeNames":"1060 1061 1703-(Lima-Callao) 1804 2701-(Lima-Callao) 3701 3810 3813 3814 4405 4911-(Lima-Callao) 7103 7601 8520 CR19 IM22 IO06"},{"stopId":1300296,"stopName":"Estación San Borja Sur","stopTypeGroup":"bus","stopLat":-12.100917,"stopLon":-77.0016235,"routeNames":"1060 1061 1703-(Lima-Callao) 1804 2701-(Lima-Callao) 3701 3810 3813 3814 4405 4911-(Lima-Callao) 7103 7601 8520 CR19 IM22 IO06"},{"stopId":737358,"stopName":"San Borja Sur","stopTypeGroup":"bus","stopLat":-12.1006705,"stopLon":-76.9945371,"routeNames":"1059 2702 3809 7504 8104 8803"},{"stopId":1002029,"stopName":"Parque Juan Pablo II","stopTypeGroup":"bus","stopLat":-12.1005435,"stopLon":-77.0169866,"routeNames":"2-(Expreso-San-Isidro)"},{"stopId":761307,"stopName":"Marbella","stopTypeGroup":"bus","stopLat":-12.1004318,"stopLon":-77.0625311,"routeNames":"1491 1702 1706 3507 3511 4405 4703 4911-(Lima-Callao) 7505 8306 8525 CR02 CR14 CR31 CR38 CR39 CR71 CR75 IM18 IO89 OM18"},{"stopId":761205,"stopName":"Marbella","stopTypeGroup":"bus","stopLat":-12.1004082,"stopLon":-77.0622629,"routeNames":"1491 1702 1706 3507 3511 4405 4703 4911-(Lima-Callao) 7505 8306 8525 CR02 CR14 CR31 CR38 CR39 CR71 CR75 IM18 IO89 OM18"},{"stopId":1304131,"stopName":"Aurelio Miro Quesada","stopTypeGroup":"bus","stopLat":-12.100382,"stopLon":-77.0379674,"routeNames":"8605 8619 NH25"},{"stopId":1019071,"stopName":"Los Zorzales","stopTypeGroup":"bus","stopLat":-12.1003459,"stopLon":-77.0192726,"routeNames":"1055 1099 2803 3805 7607 8201 8308 8621 9405-(Lima-Callao) 9801-(Lima-Callao)"},{"stopId":1019575,"stopName":"Los Lamentos","stopTypeGroup":"bus","stopLat":-12.1003322,"stopLon":-77.0194183,"routeNames":"1055 1099 2803 3805 7607 8201 8308 8621 9405-(Lima-Callao) 9801-(Lima-Callao)"},{"stopId":1002016,"stopName":"Guardia Civil","stopTypeGroup":"bus","stopLat":-12.1003235,"stopLon":-77.012962,"routeNames":"2-(Expreso-San-Isidro)"},{"stopId":736428,"stopName":"San Borja Sur","stopTypeGroup":"bus","stopLat":-12.1002666,"stopLon":-76.9947463,"routeNames":"1059 2702 3809 7504 8104 8803"},{"stopId":1321149,"stopName":"CEV Los Cisnes","stopTypeGroup":"bus","stopLat":-12.1001407,"stopLon":-77.0239985,"routeNames":"2-(Expreso-San-Isidro)"},{"stopId":1308306,"stopName":"Óvalo José Quiñones","stopTypeGroup":"bus","stopLat":-12.0998785,"stopLon":-77.0130658,"routeNames":"1053 3702 7610 8803"},{"stopId":735456,"stopName":"La Habana","stopTypeGroup":"bus","stopLat":-12.099784,"stopLon":-77.032131,"routeNames":"301 305"},{"stopId":1002026,"stopName":"Arequipa","stopTypeGroup":"bus","stopLat":-12.0997388,"stopLon":-77.0324388,"routeNames":"2-(Expreso-San-Isidro)"},{"stopId":827191,"stopName":"La Habana","stopTypeGroup":"bus","stopLat":-12.0996896,"stopLon":-77.0310795,"routeNames":"1047 IO28b NH25"},{"stopId":735425,"stopName":"Choquehuanca","stopTypeGroup":"bus","stopLat":-12.0995847,"stopLon":-77.0323375,"routeNames":"301 305"},{"stopId":737689,"stopName":"El Derby","stopTypeGroup":"bus","stopLat":-12.0994693,"stopLon":-76.9796187,"routeNames":"1054 1058 1801-(Lima-Callao) 1802 2804-(Lima-Callao) 2805 3705 4511 7101 7204 8105 8107 8108 8109 8110 8111 8112 8209 8211 8212 8214 8302 8404 8406 8502 8503 8504 8505 8506 8507 8508 8510 8511 8513 8618 9802-(Lima-Callao) IM06"},{"stopId":1002027,"stopName":"CEV Los Halcones","stopTypeGroup":"bus","stopLat":-12.0994465,"stopLon":-77.0205606,"routeNames":"2-(Expreso-San-Isidro)"},{"stopId":1001742,"stopName":"El Olívar","stopTypeGroup":"bus","stopLat":-12.0992648,"stopLon":-77.0346618,"routeNames":"1-(Expreso-San-Isidro) 2-(Expreso-San-Isidro)"},{"stopId":1304132,"stopName":"José Choquehuanca","stopTypeGroup":"bus","stopLat":-12.0992176,"stopLon":-77.0363688,"routeNames":"336 8605 8619"},{"stopId":737560,"stopName":"El Derby","stopTypeGroup":"bus","stopLat":-12.0991441,"stopLon":-76.979903,"routeNames":"1054 1058 1801-(Lima-Callao) 1802 2804-(Lima-Callao) 2805 3705 4511 7101 7204 8105 8107 8108 8109 8110 8111 8112 8209 8211 8212 8214 8302 8404 8406 8502 8503 8504 8505 8506 8507 8508 8510 8511 8513 8618 9802-(Lima-Callao) IM06"},{"stopId":761306,"stopName":"Puericultorio","stopTypeGroup":"bus","stopLat":-12.0990969,"stopLon":-77.0663345,"routeNames":"1491 1702 1706 3507 3511 4405 4703 4911-(Lima-Callao) 7505 8306 8525 CR02 CR14 CR31 CR38 CR39 CR71 CR75 IM18 IO89 OM18"},{"stopId":761206,"stopName":"Puericultorio","stopTypeGroup":"bus","stopLat":-12.0990497,"stopLon":-77.0661521,"routeNames":"1491 1702 1706 3507 3511 4405 4703 4911-(Lima-Callao) 7505 8306 8525 CR02 CR14 CR31 CR38 CR39 CR71 CR75 IM18 IO89 OM18"},{"stopId":1304133,"stopName":"José Choquehuanca","stopTypeGroup":"bus","stopLat":-12.0987874,"stopLon":-77.0370662,"routeNames":"336 8605 8619 NH25"},{"stopId":761305,"stopName":"Raymondi","stopTypeGroup":"bus","stopLat":-12.0983101,"stopLon":-77.0686358,"routeNames":"1491 1702 1706 3507 3511 4405 4703 4911-(Lima-Callao) 7505 8306 8525 CR02 CR14 CR31 CR38 CR39 CR71 CR75 IM18 IO89 OM18"},{"stopId":761209,"stopName":"Raymondi","stopTypeGroup":"bus","stopLat":-12.0982629,"stopLon":-77.0684481,"routeNames":"1491 1702 1706 3507 3511 4405 4703 4911-(Lima-Callao) 7505 8306 8525 CR02 CR14 CR31 CR38 CR39 CR71 CR75 IM18 IO89 OM18"},{"stopId":827071,"stopName":"Alberto del Campo","stopTypeGroup":"bus","stopLat":-12.0981633,"stopLon":-77.0557719,"routeNames":"1051 1057 1110 1612 1701 1704 3507 3511 3816 4511 7501 8515 8523 IO03 IO07 IO14-(Lima-Callao) IO30b IO50 OM19 OM21 OM36 OM37"},{"stopId":828197,"stopName":"Canaval y Moreyra","stopTypeGroup":"bus","stopLat":-12.0980466,"stopLon":-77.020167,"routeNames":"1055 1099 2803 3805 7607 8201 8308 8621 9405-(Lima-Callao) 9801-(Lima-Callao)"},{"stopId":1300298,"stopName":"Fray Luis de León","stopTypeGroup":"bus","stopLat":-12.0980111,"stopLon":-77.0020473,"routeNames":"1060 1061 1703-(Lima-Callao) 1804 2701-(Lima-Callao) 3701 3810 3813 3814 4405 4911-(Lima-Callao) 7103 7601 8520 CR19 IM22 IO06"},{"stopId":1321148,"stopName":"Calle Augusto Tamayo","stopTypeGroup":"bus","stopLat":-12.0979482,"stopLon":-77.0272493,"routeNames":"2-(Expreso-San-Isidro)"},{"stopId":1300297,"stopName":"Fray Luis de León","stopTypeGroup":"bus","stopLat":-12.0978643,"stopLon":-77.0022619,"routeNames":"1060 1061 1703-(Lima-Callao) 1804 2701-(Lima-Callao) 3701 3810 3813 3814 4405 4911-(Lima-Callao) 7103 7601 8520 CR19 IM22 IO06"},{"stopId":1321156,"stopName":"Canaval y Moreyra","stopTypeGroup":"bus","stopLat":-12.0978092,"stopLon":-77.0258465,"routeNames":"1047 IO28b"},{"stopId":827092,"stopName":"Alberto del Campo","stopTypeGroup":"bus","stopLat":-12.0977699,"stopLon":-77.0558041,"routeNames":"1051 1057 1110 1612 1701 1704 3507 3511 3816 4511 7501 8515 8523 IO03 IO07 IO14-(Lima-Callao) IO30b IO50 OM19 OM21 OM36 OM37"},{"stopId":1002022,"stopName":"Pablo Carriquiry","stopTypeGroup":"bus","stopLat":-12.0976532,"stopLon":-77.0180811,"routeNames":"2-(Expreso-San-Isidro)"},{"stopId":935988,"stopName":"República de Panamá","stopTypeGroup":"bus","stopLat":-12.0974192,"stopLon":-77.0208805,"routeNames":"1099 2803 3805 7607 8201 8308 8621 9405-(Lima-Callao)"},{"stopId":1308998,"stopName":"Canaval y Moreyra","stopTypeGroup":"bus","stopLat":-12.0973922,"stopLon":-77.0182478,"routeNames":"1055"},{"stopId":1308982,"stopName":"Canaval y Moreyra","stopTypeGroup":"bus","stopLat":-12.0973817,"stopLon":-77.0184731,"routeNames":"1055"},{"stopId":1308983,"stopName":"República de Panamá","stopTypeGroup":"bus","stopLat":-12.0973398,"stopLon":-77.0203507,"routeNames":"1055"},{"stopId":1002020,"stopName":"Calle 21","stopTypeGroup":"bus","stopLat":-12.0972173,"stopLon":-77.0149274,"routeNames":"2-(Expreso-San-Isidro)"},{"stopId":735457,"stopName":"Juan de Arona","stopTypeGroup":"bus","stopLat":-12.0971614,"stopLon":-77.032544,"routeNames":"301 305"},{"stopId":827192,"stopName":"Juan de Arona","stopTypeGroup":"bus","stopLat":-12.097109,"stopLon":-77.0314765,"routeNames":"1047 IO28b NH25"},{"stopId":1001743,"stopName":"Paz Soldán","stopTypeGroup":"bus","stopLat":-12.0971032,"stopLon":-77.0339676,"routeNames":"1-(Expreso-San-Isidro)"},{"stopId":828119,"stopName":"Canaval y Moreyra","stopTypeGroup":"bus","stopLat":-12.0970513,"stopLon":-77.0207396,"routeNames":"9801-(Lima-Callao)"},{"stopId":1321147,"stopName":"Daniel Hernández","stopTypeGroup":"bus","stopLat":-12.0970198,"stopLon":-77.0338663,"routeNames":"2-(Expreso-San-Isidro) 8619"},{"stopId":1308307,"stopName":"Óvalo José Quiñones","stopTypeGroup":"bus","stopLat":-12.0969831,"stopLon":-77.0116925,"routeNames":"1053 3702 7610 8803"},{"stopId":935983,"stopName":"Schreiber","stopTypeGroup":"bus","stopLat":-12.096975,"stopLon":-77.0241615,"routeNames":"1099 2-(Expreso-San-Isidro) 2803 3805 7607 8201 8308 8621 9405-(Lima-Callao)"},{"stopId":735424,"stopName":"Paz Soldán","stopTypeGroup":"bus","stopLat":-12.0969568,"stopLon":-77.0327318,"routeNames":"301 305"},{"stopId":828200,"stopName":"Petit Thouars","stopTypeGroup":"bus","stopLat":-12.0969149,"stopLon":-77.0313907,"routeNames":"405 8201 8619 9405-(Lima-Callao) 9801-(Lima-Callao)"},{"stopId":1002023,"stopName":"Schreiber","stopTypeGroup":"bus","stopLat":-12.0968206,"stopLon":-77.0241089,"routeNames":"1099 2803 3805 7607 8201 8308 8621 9405-(Lima-Callao) 9801-(Lima-Callao)"},{"stopId":826039,"stopName":"Canaval y Moreyra","stopTypeGroup":"bus","stopLat":-12.0967838,"stopLon":-77.025007,"routeNames":"B C EX1 EX12 EX5 EX6 EX7 EX8 EX9 SX"},{"stopId":1304134,"stopName":"Óvalo Paz Soldán","stopTypeGroup":"bus","stopLat":-12.0967785,"stopLon":-77.0355749,"routeNames":"336 8605 8619"},{"stopId":828199,"stopName":"Las Camelias","stopTypeGroup":"bus","stopLat":-12.0965267,"stopLon":-77.0286065,"routeNames":"1099 2703 2803 405 7607 8201 8621 9405-(Lima-Callao) 9801-(Lima-Callao)"},{"stopId":828198,"stopName":"Tottus","stopTypeGroup":"bus","stopLat":-12.0964953,"stopLon":-77.0258734,"routeNames":"1099 2703 2803 3805 7607 8201 8308 8621 9405-(Lima-Callao) 9801-(Lima-Callao)"},{"stopId":1285053,"stopName":"Juan de Arona","stopTypeGroup":"bus","stopLat":-12.0964271,"stopLon":-77.0252645,"routeNames":"405 7607"},{"stopId":817705,"stopName":"La Virgen","stopTypeGroup":"bus","stopLat":-12.0963589,"stopLon":-77.0712939,"routeNames":"1702 1706 2204 4405 4703 5303 8306"},{"stopId":1002024,"stopName":"Sunat","stopTypeGroup":"bus","stopLat":-12.0963138,"stopLon":-77.027124,"routeNames":"1099 2-(Expreso-San-Isidro) 2703 2803 405 7607 8201 8621 9405-(Lima-Callao) 9801-(Lima-Callao)"},{"stopId":1304135,"stopName":"Óvalo Paz Soldán","stopTypeGroup":"bus","stopLat":-12.0962225,"stopLon":-77.0356607,"routeNames":"336 NH25"},{"stopId":867851,"stopName":"Juan de Arona","stopTypeGroup":"bus","stopLat":-12.0959996,"stopLon":-77.0264098,"routeNames":"1047 1099 2703 2803 3805 8201 8308 8621 9405-(Lima-Callao) IO28b"},{"stopId":1001746,"stopName":"Los Cedros","stopTypeGroup":"bus","stopLat":-12.0956763,"stopLon":-77.0434717,"routeNames":"1-(Expreso-San-Isidro)"},{"stopId":737359,"stopName":"Fray Angélico","stopTypeGroup":"bus","stopLat":-12.0956193,"stopLon":-76.9952559,"routeNames":"1059 2702 3809 7504 8104 8803"},{"stopId":1333246,"stopName":"Novotel Lima San Isidro","stopTypeGroup":"bus","stopLat":-12.0955747,"stopLon":-77.0349339,"routeNames":"Airport-Express-Lima"},{"stopId":827072,"stopName":"Javier Prado","stopTypeGroup":"bus","stopLat":-12.0955144,"stopLon":-77.0543933,"routeNames":"1051 1057 1110 1612 1701 1704 3507 3511 3816 4511 7501 8515 8523 IO03 IO07 IO14-(Lima-Callao) IO30b IO50 OM19 OM21 OM36 OM37"},{"stopId":1001749,"stopName":"CEV Polar","stopTypeGroup":"bus","stopLat":-12.095501,"stopLon":-77.0568454,"routeNames":"1-(Expreso-San-Isidro)"},{"stopId":1333237,"stopName":"Basadre Suites Boutique Hotel","stopTypeGroup":"bus","stopLat":-12.0954514,"stopLon":-77.042098,"routeNames":"Airport-Express-Lima"},{"stopId":736427,"stopName":"Fray Angélico","stopTypeGroup":"bus","stopLat":-12.0953885,"stopLon":-76.9954544,"routeNames":"1059 2702 3809 7504 8104 8803"},{"stopId":1005287,"stopName":"Salaverry","stopTypeGroup":"bus","stopLat":-12.0951858,"stopLon":-77.0546525,"routeNames":"1313-(Lima-Callao) 1611 1615 1704 2408 CR54 IO03 IO06 IO07 IO14-(Lima-Callao) OM22 OM36 OM37"},{"stopId":1311954,"stopName":"Salaverry","stopTypeGroup":"bus","stopLat":-12.0950528,"stopLon":-77.0541036},{"stopId":827091,"stopName":"Javier Prado","stopTypeGroup":"bus","stopLat":-12.094961,"stopLon":-77.054396,"routeNames":"1-(Expreso-San-Isidro) 1051 1057 1110 1313-(Lima-Callao) 1611 1612 1615 1701 2408 3507 3511 3816 4511 7501 8515 8523 CR54 IO06 IO30b IO50 OM19 OM21 OM22"},{"stopId":1331888,"stopName":"Pullman Lima San Isidro","stopTypeGroup":"bus","stopLat":-12.0949584,"stopLon":-77.0366156,"routeNames":"Airport-Express-Lima"},{"stopId":1001744,"stopName":"Las Palmeras","stopTypeGroup":"bus","stopLat":-12.0949253,"stopLon":-77.0381709,"routeNames":"1-(Expreso-San-Isidro)"},{"stopId":828117,"stopName":"República de Panamá","stopTypeGroup":"bus","stopLat":-12.0948902,"stopLon":-77.0218205,"routeNames":"9801-(Lima-Callao)"},{"stopId":1304139,"stopName":"Andrés Reyes","stopTypeGroup":"bus","stopLat":-12.094843,"stopLon":-77.0317984,"routeNames":"1047 405 8201 9405-(Lima-Callao) 9801-(Lima-Callao) IO28b NH25"},{"stopId":1332267,"stopName":"Andrés Reyes","stopTypeGroup":"bus","stopLat":-12.0947486,"stopLon":-77.0308542,"routeNames":"1099 2703 2803 7607 8619 8621"},{"stopId":1334562,"stopName":"Andrés Reyes","stopTypeGroup":"bus","stopLat":-12.094641,"stopLon":-77.0240736,"routeNames":"B EX1 EX8 EX9"},{"stopId":2055318,"stopName":"Andrés Reyes","stopTypeGroup":"bus","stopLat":-12.094496790439786,"stopLon":-77.02905178070068},{"stopId":1333252,"stopName":"Pullman Lima San Isidro","stopTypeGroup":"bus","stopLat":-12.0944863,"stopLon":-77.0384502,"routeNames":"Airport-Express-Lima"},{"stopId":1308945,"stopName":"Estación Andrés Reyes","stopTypeGroup":"bus","stopLat":-12.0944811,"stopLon":-77.0244437,"routeNames":"7607 9801-(Lima-Callao)"},{"stopId":867849,"stopName":"Andrés Reyes","stopTypeGroup":"bus","stopLat":-12.0944784,"stopLon":-77.0310688,"routeNames":"1047 1099 2703 2803 7607 8201 8308 8619 8621 9405-(Lima-Callao) 9801-(Lima-Callao) IO28b"},{"stopId":735829,"stopName":"Javier Prado","stopTypeGroup":"bus","stopLat":-12.0944627,"stopLon":-77.0513141,"routeNames":"201-(Lima-Callao) 206"},{"stopId":735806,"stopName":"Pershing","stopTypeGroup":"bus","stopLat":-12.0944614,"stopLon":-77.0494983,"routeNames":"201-(Lima-Callao) 206 209"},{"stopId":732416,"stopName":"Manuel Bañón","stopTypeGroup":"bus","stopLat":-12.0944076,"stopLon":-77.0331073,"routeNames":"301 303 305"},{"stopId":1331906,"stopName":"Saga Falabella Las Begonias","stopTypeGroup":"bus","stopLat":-12.0944024,"stopLon":-77.0252001,"routeNames":"3805 8308"},{"stopId":1308308,"stopName":"Del Parque Norte","stopTypeGroup":"bus","stopLat":-12.0943604,"stopLon":-77.0100403,"routeNames":"1053 3702 7610 8803"},{"stopId":1005286,"stopName":"Clemente X","stopTypeGroup":"bus","stopLat":-12.0943148,"stopLon":-77.0564057,"routeNames":"1313-(Lima-Callao) 1611 1615 1704 2408 CR54 IO03 IO06 IO07 IO14-(Lima-Callao) OM22 OM36 OM37"},{"stopId":827328,"stopName":"Andrés Reyes","stopTypeGroup":"bus","stopLat":-12.0943132,"stopLon":-77.0242935,"routeNames":"405"},{"stopId":735830,"stopName":"Las Flores","stopTypeGroup":"bus","stopLat":-12.094309,"stopLon":-77.0474208,"routeNames":"201-(Lima-Callao) 204 206 209"},{"stopId":817735,"stopName":"Venus","stopTypeGroup":"bus","stopLat":-12.0942922,"stopLon":-77.0695746,"routeNames":"1702 1706 2204 404 4405 4703 5303 8306"},{"stopId":1300294,"stopName":"San Borja Norte","stopTypeGroup":"bus","stopLat":-12.0942607,"stopLon":-77.0026106,"routeNames":"1060 1061 1703-(Lima-Callao) 1804 2701-(Lima-Callao) 3701 3810 3813 3814 4405 4911-(Lima-Callao) 7103 7601 8520 CR19 IM22 IO06"},{"stopId":1300293,"stopName":"San Borja Norte","stopTypeGroup":"bus","stopLat":-12.0942503,"stopLon":-77.0027769,"routeNames":"1060 1061 1703-(Lima-Callao) 1804 2701-(Lima-Callao) 3701 3810 3813 3814 4405 4911-(Lima-Callao) 7103 7601 8520 CR19 IM22 IO06"},{"stopId":1075588,"stopName":"Clemente X","stopTypeGroup":"bus","stopLat":-12.0942303,"stopLon":-77.0561248,"routeNames":"1313-(Lima-Callao) 1611 1615 1704 2408 CR54 IO03 IO06 IO07 IO14-(Lima-Callao) OM22 OM36 OM37"},{"stopId":867850,"stopName":"Las Orquídeas","stopTypeGroup":"bus","stopLat":-12.0941637,"stopLon":-77.0278797,"routeNames":"1047 1099 2703 2803 7607 8201 8308 8621 9405-(Lima-Callao) 9801-(Lima-Callao) IO28b"},{"stopId":735832,"stopName":"Los Cedros","stopTypeGroup":"bus","stopLat":-12.0939329,"stopLon":-77.0441204,"routeNames":"201-(Lima-Callao) 206 209"},{"stopId":1019563,"stopName":"Andrés Reyes","stopTypeGroup":"bus","stopLat":-12.0938793,"stopLon":-77.0266788,"routeNames":"3805"},{"stopId":1304136,"stopName":"Manuel Bañón","stopTypeGroup":"bus","stopLat":-12.0938464,"stopLon":-77.0348668,"routeNames":"336 NH25"},{"stopId":732426,"stopName":"Olavide","stopTypeGroup":"bus","stopLat":-12.0938306,"stopLon":-77.033051,"routeNames":"301 303 305 336"},{"stopId":735805,"stopName":"Los Nogales","stopTypeGroup":"bus","stopLat":-12.0937635,"stopLon":-77.0446765,"routeNames":"201-(Lima-Callao) 204 206 209"},{"stopId":817703,"stopName":"Venus","stopTypeGroup":"bus","stopLat":-12.0937572,"stopLon":-77.0692393,"routeNames":"1103 1702 1706 2204 2511-(Lima-Callao) 3505 3511 404 4405 4512 4703 5303 8306 8507 CR37 CR54 CR71 IO06"},{"stopId":1333241,"stopName":"Pullman Lima San Isidro","stopTypeGroup":"bus","stopLat":-12.0935789,"stopLon":-77.0365834,"routeNames":"Airport-Express-Lima"},{"stopId":1002019,"stopName":"Parque Talamantes de Baeza","stopTypeGroup":"bus","stopLat":-12.0935575,"stopLon":-77.0167628,"routeNames":"2-(Expreso-San-Isidro)"},{"stopId":1005285,"stopName":"Juan de Aliaga","stopTypeGroup":"bus","stopLat":-12.0935124,"stopLon":-77.0595609,"routeNames":"1313-(Lima-Callao) 1611 1615 1704 2408 3505 CR35 CR54 IO03 IO06 IO07 IO14-(Lima-Callao) OM22 OM36 OM37"},{"stopId":1324395,"stopName":"Miguel Grau","stopTypeGroup":"bus","stopLat":-12.0935002,"stopLon":-77.0711035,"routeNames":"2204 2510 3507 3511 7505 8525 CR71 IM18 IO52 IO89"},{"stopId":1032140,"stopName":"Sucre","stopTypeGroup":"bus","stopLat":-12.093451,"stopLon":-77.0709137,"routeNames":"1103 1513 2511-(Lima-Callao) 3505 4512 5303 8507 CR37 CR54 IO06"},{"stopId":1075579,"stopName":"Juan de Aliaga","stopTypeGroup":"bus","stopLat":-12.0933744,"stopLon":-77.0590805,"routeNames":"1313-(Lima-Callao) 1611 1615 1704 2408 CR54 IO03 IO06 IO07 IO14-(Lima-Callao) OM22 OM36 OM37"},{"stopId":737559,"stopName":"Hipódromo","stopTypeGroup":"bus","stopLat":-12.0933035,"stopLon":-76.9807854,"routeNames":"1054 1058 1801-(Lima-Callao) 1802 2804-(Lima-Callao) 2805 3705 4511 7101 7204 8105 8107 8108 8109 8110 8111 8112 8209 8211 8212 8214 8302 8404 8406 8502 8503 8504 8505 8506 8507 8508 8510 8511 8513 8618 9802-(Lima-Callao) CR54 IM06"},{"stopId":827075,"stopName":"Pershing","stopTypeGroup":"bus","stopLat":-12.0932956,"stopLon":-77.0532507,"routeNames":"1051 1057 1110 1313-(Lima-Callao) 1611 1612 1615 1701 2408 3507 3511 3816 4511 7501 8515 8523 CR54 IO06 IO30b IO50 OM19 OM21 OM22"},{"stopId":761302,"stopName":"Miguel Grau","stopTypeGroup":"bus","stopLat":-12.0932694,"stopLon":-77.0710981,"routeNames":"1503 1505 1611 1615 1704 2204 2510 3502 3507 3906-(Lima-Callao) 5303 7505 8525 CR65 IM18 IO35b IO52 IO89"},{"stopId":737360,"stopName":"San Borja Norte","stopTypeGroup":"bus","stopLat":-12.0932589,"stopLon":-76.9956207,"routeNames":"1059 2702 3809 7504 8104 8803"},{"stopId":1300213,"stopName":"Javier Prado Oeste","stopTypeGroup":"bus","stopLat":-12.0931907,"stopLon":-77.0593393,"routeNames":"3505 CR35"},{"stopId":737690,"stopName":"Hipódromo","stopTypeGroup":"bus","stopLat":-12.093133,"stopLon":-76.9804072,"routeNames":"1054 1058 1801-(Lima-Callao) 1802 2804-(Lima-Callao) 2805 3705 4511 7101 7204 8105 8107 8108 8109 8110 8111 8112 8209 8211 8212 8214 8302 8404 8406 8502 8503 8504 8505 8506 8507 8508 8510 8511 8513 8618 9802-(Lima-Callao) CR54 IM06"},{"stopId":735807,"stopName":"Salaverry","stopTypeGroup":"bus","stopLat":-12.0931035,"stopLon":-77.052972,"routeNames":"201-(Lima-Callao) 204 206 209"},{"stopId":1308309,"stopName":"Del Parque Norte","stopTypeGroup":"bus","stopLat":-12.0931015,"stopLon":-77.0095897,"routeNames":"1053 3702 7610 8803"},{"stopId":735833,"stopName":"Los Sauces","stopTypeGroup":"bus","stopLat":-12.0930839,"stopLon":-77.0380026,"routeNames":"201-(Lima-Callao) 206 209"},{"stopId":1035353,"stopName":"Brasil","stopTypeGroup":"bus","stopLat":-12.0930491,"stopLon":-77.0689143,"routeNames":"1103 2511-(Lima-Callao) 3505 3511 4512 8507 CR37 CR71 IO06"},{"stopId":1332273,"stopName":"Centro Financiero de San Isidro","stopTypeGroup":"bus","stopLat":-12.0930281,"stopLon":-77.0255435,"routeNames":"3805 8308"},{"stopId":1005284,"stopName":"Trujillo","stopTypeGroup":"bus","stopLat":-12.0929021,"stopLon":-77.0621089,"routeNames":"1313-(Lima-Callao) 1611 1615 1704 2408 3505 CR35 CR54 IO03 IO06 IO07 IO14-(Lima-Callao) OM22 OM36 OM37"},{"stopId":735804,"stopName":"Las Palmeras","stopTypeGroup":"bus","stopLat":-12.0928988,"stopLon":-77.0384511,"routeNames":"201-(Lima-Callao) 206 209"},{"stopId":793067,"stopName":"Salaverry","stopTypeGroup":"bus","stopLat":-12.0928936,"stopLon":-77.0536157,"routeNames":"201-(Lima-Callao) 204 206 209 IO50"},{"stopId":1075580,"stopName":"Trujillo","stopTypeGroup":"bus","stopLat":-12.0927795,"stopLon":-77.0618667,"routeNames":"1313-(Lima-Callao) 1611 1615 1704 2408 3505 CR35 CR54 IO03 IO06 IO07 IO14-(Lima-Callao) OM22 OM36 OM37"},{"stopId":827090,"stopName":"Pershing","stopTypeGroup":"bus","stopLat":-12.0927501,"stopLon":-77.0532292,"routeNames":"1051 1057 1110 1313-(Lima-Callao) 1611 1612 1615 1701 2408 3507 3511 3816 4511 7501 8515 8523 CR54 IO06 IO30b OM19 OM21 OM22"},{"stopId":1308999,"stopName":"Avenida Los Milanos","stopTypeGroup":"bus","stopLat":-12.0926819,"stopLon":-77.0182371,"routeNames":"1055"},{"stopId":736426,"stopName":"San Borja Norte","stopTypeGroup":"bus","stopLat":-12.0926557,"stopLon":-76.9958729,"routeNames":"1059 2702 3809 7504 8104 8803"},{"stopId":827193,"stopName":"Javier Prado","stopTypeGroup":"bus","stopLat":-12.0926452,"stopLon":-77.0321068,"routeNames":"1047 405 8201 9405-(Lima-Callao) 9801-(Lima-Callao) IO28b NH25"},{"stopId":735834,"stopName":"Basadre","stopTypeGroup":"bus","stopLat":-12.0926347,"stopLon":-77.0347501,"routeNames":"201-(Lima-Callao) 204 206 209"},{"stopId":1002017,"stopName":"Luis Aldana","stopTypeGroup":"bus","stopLat":-12.0923947,"stopLon":-77.0106573,"routeNames":"2-(Expreso-San-Isidro)"},{"stopId":1002018,"stopName":"Los Milanos","stopTypeGroup":"bus","stopLat":-12.0923596,"stopLon":-77.0179889,"routeNames":"1055 2-(Expreso-San-Isidro)"},{"stopId":739120,"stopName":"Sucre","stopTypeGroup":"bus","stopLat":-12.0923147,"stopLon":-77.070905,"routeNames":"1103 1503 1505 1508 1513 1611 1615 1704 2511-(Lima-Callao) 3502 3505 3507 3511 3906-(Lima-Callao) 4512 5303 8507 CR37 CR54 CR71 IM18 IO06 IO35b"},{"stopId":793066,"stopName":"Arenales","stopTypeGroup":"bus","stopLat":-12.0922642,"stopLon":-77.0338082,"routeNames":"201-(Lima-Callao) 204 206 209"},{"stopId":1191641,"stopName":"Javier Prado","stopTypeGroup":"bus","stopLat":-12.0922043,"stopLon":-77.0345048,"routeNames":"336 IO28b NH25"},{"stopId":1309000,"stopName":"José Gálvez Barrenechea","stopTypeGroup":"bus","stopLat":-12.092021,"stopLon":-77.0141065,"routeNames":"1055"},{"stopId":1001748,"stopName":"Daniel Alcides Carrión","stopTypeGroup":"bus","stopLat":-12.0920065,"stopLon":-77.0509442,"routeNames":"1-(Expreso-San-Isidro)"},{"stopId":1037468,"stopName":"Javier Prado","stopTypeGroup":"bus","stopLat":-12.0920061,"stopLon":-77.0301429,"routeNames":"1099 2703 2803 7607 8619 8621"},{"stopId":734640,"stopName":"Petit Thouars","stopTypeGroup":"bus","stopLat":-12.0919947,"stopLon":-77.0319392,"routeNames":"201-(Lima-Callao) 206"},{"stopId":1300158,"stopName":"José Gálvez","stopTypeGroup":"bus","stopLat":-12.091937,"stopLon":-77.0694029,"routeNames":"CR54"},{"stopId":735835,"stopName":"Parodi","stopTypeGroup":"bus","stopLat":-12.0919344,"stopLon":-77.0304881,"routeNames":"201-(Lima-Callao) 206 209 IO28b"},{"stopId":1001747,"stopName":"Barcelona","stopTypeGroup":"bus","stopLat":-12.0916826,"stopLon":-77.0476418,"routeNames":"1-(Expreso-San-Isidro)"},{"stopId":934126,"stopName":"Las Orquídeas","stopTypeGroup":"bus","stopLat":-12.0916306,"stopLon":-77.0282125,"routeNames":"201-(Lima-Callao) 209 405"},{"stopId":1308981,"stopName":"Del Parque Norte","stopTypeGroup":"bus","stopLat":-12.0916013,"stopLon":-77.01401,"routeNames":"1055"},{"stopId":827327,"stopName":"Javier Prado","stopTypeGroup":"bus","stopLat":-12.0915568,"stopLon":-77.0302266,"routeNames":"1047 1099 2703 2803 405 7607 8201 8308 8619 8621 9405-(Lima-Callao) 9801-(Lima-Callao)"},{"stopId":1285054,"stopName":"Javier Prado","stopTypeGroup":"bus","stopLat":-12.0914755,"stopLon":-77.0258492,"routeNames":"3805 8308"},{"stopId":738727,"stopName":"Las Orquídeas","stopTypeGroup":"bus","stopLat":-12.0914309,"stopLon":-77.0279481,"routeNames":"201-(Lima-Callao) 209"},{"stopId":1075581,"stopName":"González Prada","stopTypeGroup":"bus","stopLat":-12.0914009,"stopLon":-77.0638359,"routeNames":"1313-(Lima-Callao) 1611 1615 1704 2408 3505 CR35 CR54 IO03 IO06 IO07 IO14-(Lima-Callao) OM22 OM36 OM37"},{"stopId":734641,"stopName":"Masías","stopTypeGroup":"bus","stopLat":-12.0913475,"stopLon":-77.0262351,"routeNames":"201-(Lima-Callao) 204 206 209 405"},{"stopId":1005283,"stopName":"Gonzáles Prada","stopTypeGroup":"bus","stopLat":-12.091263,"stopLon":-77.0643844,"routeNames":"1313-(Lima-Callao) 1611 1615 1704 2408 3505 CR35 CR54 IO03 IO06 IO07 IO14-(Lima-Callao) OM22 OM36 OM37"},{"stopId":1309001,"stopName":"Javier Prado","stopTypeGroup":"bus","stopLat":-12.0911712,"stopLon":-77.0138919,"routeNames":"1055"},{"stopId":734639,"stopName":"Masías","stopTypeGroup":"bus","stopLat":-12.0910762,"stopLon":-77.0255304,"routeNames":"201-(Lima-Callao) 204 206 209"},{"stopId":1317160,"stopName":"Javier Prado","stopTypeGroup":"bus","stopLat":-12.0909929,"stopLon":-77.0271099,"routeNames":"3805"},{"stopId":1300288,"stopName":"De Las Artes Norte","stopTypeGroup":"bus","stopLat":-12.0909876,"stopLon":-77.0030665,"routeNames":"1060 1061 1703-(Lima-Callao) 1804 2701-(Lima-Callao) 3701 3810 3813 3814 4405 4911-(Lima-Callao) 7103 7601 8520 CR19 IM22 IO06"},{"stopId":1057042,"stopName":"Óvalo Independencia","stopTypeGroup":"bus","stopLat":-12.0907833,"stopLon":-77.0700762,"routeNames":"1505 1508 1611 1615 1704 2204 2510 3502 3906-(Lima-Callao) 7505 8525 IO35b IO52 IO89"},{"stopId":1300287,"stopName":"De Las Artes Norte","stopTypeGroup":"bus","stopLat":-12.0907726,"stopLon":-77.0032865,"routeNames":"1060 1061 1703-(Lima-Callao) 1804 2701-(Lima-Callao) 3701 3810 3813 3814 4405 4911-(Lima-Callao) 7103 7601 8520 CR19 IM22 IO06"},{"stopId":827194,"stopName":"Soledad","stopTypeGroup":"bus","stopLat":-12.0906755,"stopLon":-77.0324099,"routeNames":"1047 405 8201 9405-(Lima-Callao) 9801-(Lima-Callao) IO28b NH25"},{"stopId":735579,"stopName":"Soledad","stopTypeGroup":"bus","stopLat":-12.0905155,"stopLon":-77.0347407,"routeNames":"IO28b NH25"},{"stopId":732414,"stopName":"Soledad","stopTypeGroup":"bus","stopLat":-12.0904972,"stopLon":-77.0336759,"routeNames":"301 303 305"},{"stopId":1300160,"stopName":"Pershing","stopTypeGroup":"bus","stopLat":-12.0903005,"stopLon":-77.057848,"routeNames":"3505 CR35"},{"stopId":817736,"stopName":"Javier Prado","stopTypeGroup":"bus","stopLat":-12.0902585,"stopLon":-77.0662594,"routeNames":"1103 1702 1706 2204 2511-(Lima-Callao) 3505 404 4405 4512 4703 5303 8306 8507 CR37 IO06"},{"stopId":828114,"stopName":"Soledad","stopTypeGroup":"bus","stopLat":-12.0902149,"stopLon":-77.0316527,"routeNames":"1047 8201 8621 9405-(Lima-Callao) 9801-(Lima-Callao)"},{"stopId":735837,"stopName":"Arriola","stopTypeGroup":"bus","stopLat":-12.090213309140172,"stopLon":-77.01755867976229,"routeNames":"201-(Lima-Callao) 206 209"},{"stopId":1037469,"stopName":"Los Jazmines","stopTypeGroup":"bus","stopLat":-12.0901856,"stopLon":-77.0296385,"routeNames":"1099 2703 2803 7607 8619 8621"},{"stopId":735808,"stopName":"Gregorio Escobedo","stopTypeGroup":"bus","stopLat":-12.0901825,"stopLon":-77.0573464,"routeNames":"201-(Lima-Callao) 206 209 CR34 IO50"},{"stopId":828116,"stopName":"Iquitos","stopTypeGroup":"bus","stopLat":-12.090119518025526,"stopLon":-77.02989662883606,"routeNames":"1047 8201 8621 9405-(Lima-Callao) 9801-(Lima-Callao)"},{"stopId":1308902,"stopName":"Óvalo Independencia","stopTypeGroup":"bus","stopLat":-12.0901012,"stopLon":-77.0699072,"routeNames":"1505 1611 1615 1704 2204 2510 3502 3906-(Lima-Callao) 7505 8525 CR65 IO35b IO52 IO89"},{"stopId":827326,"stopName":"Soledad","stopTypeGroup":"bus","stopLat":-12.0899753,"stopLon":-77.0297304,"routeNames":"1099 2703 2803 7607 8308 8619"},{"stopId":737361,"stopName":"Las Artes","stopTypeGroup":"bus","stopLat":-12.089949,"stopLon":-76.9960821,"routeNames":"1059 2702 3809 7504 8104 8803"},{"stopId":1075582,"stopName":"Brasil","stopTypeGroup":"bus","stopLat":-12.0899488,"stopLon":-77.0657152,"routeNames":"1313-(Lima-Callao) 1611 1615 1704 2408 3505 CR35 CR54 IO03 IO06 IO07 IO14-(Lima-Callao) OM22 OM36 OM37"},{"stopId":735801,"stopName":"Arriola","stopTypeGroup":"bus","stopLat":-12.0899409,"stopLon":-77.0178322,"routeNames":"201-(Lima-Callao) 209"},{"stopId":735825,"stopName":"Gregorio Escobedo","stopTypeGroup":"bus","stopLat":-12.0898835,"stopLon":-77.0581859,"routeNames":"201-(Lima-Callao) 206 209 CR32 CR34"},{"stopId":1196254,"stopName":"Metro Pershing","stopTypeGroup":"bus","stopLat":-12.0898435,"stopLon":-77.0576521,"routeNames":"3505 CR32 CR35 IO50"},{"stopId":732427,"stopName":"Domingo Casanova","stopTypeGroup":"bus","stopLat":-12.0898363,"stopLon":-77.0336169,"routeNames":"301 303 305 336"},{"stopId":736425,"stopName":"Las Artes","stopTypeGroup":"bus","stopLat":-12.0897654,"stopLon":-76.9962698,"routeNames":"1059 2702 3809 7504 8104 8803"},{"stopId":1096239,"stopName":"Quiñones","stopTypeGroup":"bus","stopLat":-12.0896198,"stopLon":-77.0158569,"routeNames":"204 206"},{"stopId":980924,"stopName":"Brasil","stopTypeGroup":"bus","stopLat":-12.0895818,"stopLon":-77.0661335,"routeNames":"1313-(Lima-Callao) 1611 1615 1704 2408 CR35 CR54 IM26 IO03 IO07 IO14-(Lima-Callao) IO19 IO44b OM22 OM36 OM37 OM42-(Callao-Lima)"},{"stopId":1332276,"stopName":"Los Jazmines","stopTypeGroup":"bus","stopLat":-12.0895346,"stopLon":-77.0273137,"routeNames":"3805"},{"stopId":977542,"stopName":"Sucre","stopTypeGroup":"bus","stopLat":-12.0895056,"stopLon":-77.0694456,"routeNames":"1313-(Lima-Callao) 1611 1615 1704 2408 CR35 IO03 IO07 IO44b OM22 OM36 OM37"},{"stopId":1772635,"stopName":"Terrapuerto Cruz del Sur (Lima)","stopTypeGroup":"bus","stopLat":-12.0895,"stopLon":-77.0171583,"routeNames":"Arequipa-Lima-(Cruz-del-Sur)"},{"stopId":817700,"stopName":"Javier Prado","stopTypeGroup":"bus","stopLat":-12.0894769,"stopLon":-77.0657203,"routeNames":"1103 1702 1706 2204 2511-(Lima-Callao) 404 4405 4512 4703 5303 8306 8507 CR37 IO44b"},{"stopId":826036,"stopName":"Javier Prado","stopTypeGroup":"bus","stopLat":-12.0893773,"stopLon":-77.0234674,"routeNames":"B C EX1 EX12 EX2 EX5 EX6 EX7 EX8 EX9"},{"stopId":1675183,"stopName":"Almirante Martin Guisse","stopTypeGroup":"bus","stopLat":-12.0892094,"stopLon":-77.0383698,"routeNames":"IO28b"},{"stopId":1737384,"stopName":"Terminal ExcluCIVA - Javier Prado","stopTypeGroup":"bus","stopLat":-12.0891654,"stopLon":-77.015858,"routeNames":"Arequipa-Lima-(CIVA)"},{"stopId":827197,"stopName":"Torre Ugarte","stopTypeGroup":"bus","stopLat":-12.0891176,"stopLon":-77.0326325,"routeNames":"1047 405 8201 9405-(Lima-Callao) 9801-(Lima-Callao) IO28b NH25"},{"stopId":1675431,"stopName":"Almirante Martin Guisse","stopTypeGroup":"bus","stopLat":-12.0890652,"stopLon":-77.0381525,"routeNames":"IO28b"},{"stopId":1675184,"stopName":"Miller","stopTypeGroup":"bus","stopLat":-12.0890101,"stopLon":-77.0368141,"routeNames":"IO28b"},{"stopId":1308310,"stopName":"Javier Prado Este","stopTypeGroup":"bus","stopLat":-12.0890101,"stopLon":-77.0074868,"routeNames":"1053 3702 7610 8803"},{"stopId":1300159,"stopName":"Jirón Junín","stopTypeGroup":"bus","stopLat":-12.0889629,"stopLon":-77.0682979,"routeNames":"CR54 IO14-(Lima-Callao)"},{"stopId":735838,"stopName":"Guardia Civil","stopTypeGroup":"bus","stopLat":-12.08890123635729,"stopLon":-77.00784296931153,"routeNames":"201-(Lima-Callao) 209"},{"stopId":1332274,"stopName":"Los Mirtos","stopTypeGroup":"bus","stopLat":-12.0888947,"stopLon":-77.0261979,"routeNames":"3805 8308"},{"stopId":1309617,"stopName":"Merino","stopTypeGroup":"bus","stopLat":-12.0888318,"stopLon":-77.0319539,"routeNames":"9405-(Lima-Callao)"},{"stopId":1675432,"stopName":"Miller","stopTypeGroup":"bus","stopLat":-12.088816,"stopLon":-77.0364842,"routeNames":"IO28b"},{"stopId":828113,"stopName":"Torre Ugarte","stopTypeGroup":"bus","stopLat":-12.0886796,"stopLon":-77.031852,"routeNames":"1047 8201 8621 9801-(Lima-Callao)"},{"stopId":2065163,"stopName":"Terminal Transmar - Nicolás Arriola","stopTypeGroup":"bus","stopLat":-12.088619315654565,"stopLon":-77.01732516288759},{"stopId":1057043,"stopName":"Junín","stopTypeGroup":"bus","stopLat":-12.0885835,"stopLon":-77.0692428,"routeNames":"1313-(Lima-Callao) 1505 1508 1611 1615 1704 2204 2510 3502 3906-(Lima-Callao) 7505 8525 CR35 IO03 IO07 IO35b IO52 IO89"},{"stopId":1330476,"stopName":"Tulipanes","stopTypeGroup":"bus","stopLat":-12.088517,"stopLon":-77.0291591,"routeNames":"1099 2703 2803 7607 8619 8621"},{"stopId":735800,"stopName":"Guardia Civil","stopTypeGroup":"bus","stopLat":-12.0884078,"stopLon":-77.0073364,"routeNames":"201-(Lima-Callao) 209"},{"stopId":1300289,"stopName":"Estación La Cultura","stopTypeGroup":"bus","stopLat":-12.0883911,"stopLon":-77.0034474,"routeNames":"1060 1061 1703-(Lima-Callao) 1804 2701-(Lima-Callao) 3701 3810 3813 3814 4405 4911-(Lima-Callao) 7103 7601 8520 CR19 IM22 IO06"},{"stopId":980925,"stopName":"Sucre","stopTypeGroup":"bus","stopLat":-12.0883834,"stopLon":-77.0694459,"routeNames":"2408 IO44b"},{"stopId":1304143,"stopName":"César Vallejo","stopTypeGroup":"bus","stopLat":-12.0883597,"stopLon":-77.0351136,"routeNames":"9405-(Lima-Callao) NH25"},{"stopId":734642,"stopName":"Aviación","stopTypeGroup":"bus","stopLat":-12.0883256,"stopLon":-77.0038149,"routeNames":"201-(Lima-Callao) 204 206 209"},{"stopId":827325,"stopName":"Los Tulipanes","stopTypeGroup":"bus","stopLat":-12.0883177,"stopLon":-77.0292878,"routeNames":"1099 2703 2803 3805 7607 8308 8619"},{"stopId":1005282,"stopName":"Junín","stopTypeGroup":"bus","stopLat":-12.0883154,"stopLon":-77.0692321,"routeNames":"1313-(Lima-Callao) 1505 1508 2204 2510 3502 3906-(Lima-Callao) 7505 8525 CR35 CR65 IM26 IO03 IO07 IO14-(Lima-Callao) IO19 IO35b IO52 IO89 OM22 OM36 OM37 OM42-(Callao-Lima)"},{"stopId":1300162,"stopName":"Guillermo Prescott","stopTypeGroup":"bus","stopLat":-12.0883072,"stopLon":-77.0482671,"routeNames":"2408 3507 IO28b"},{"stopId":1308980,"stopName":"Javier Prado","stopTypeGroup":"bus","stopLat":-12.0882757,"stopLon":-77.0148468,"routeNames":"1055"},{"stopId":827076,"stopName":"Cádiz","stopTypeGroup":"bus","stopLat":-12.0882233,"stopLon":-77.0506704,"routeNames":"1051 1057 1110 1313-(Lima-Callao) 1611 1612 1615 1701 2408 3507 3511 3816 4511 7501 8515 8523 CR54 IO06 IO30b OM19 OM21 OM22"},{"stopId":1308311,"stopName":"Javier Prado Este","stopTypeGroup":"bus","stopLat":-12.0881918,"stopLon":-77.0077658,"routeNames":"1053 3702 7610 8803"},{"stopId":1478706,"stopName":"Guillermo Prescott","stopTypeGroup":"bus","stopLat":-12.0881577,"stopLon":-77.0480851,"routeNames":"2408 IO28b"},{"stopId":1478707,"stopName":"Salaverry","stopTypeGroup":"bus","stopLat":-12.0880339,"stopLon":-77.0505046,"routeNames":"2408 IO28b"},{"stopId":1675181,"stopName":"Manco Segundo","stopTypeGroup":"bus","stopLat":-12.0880082,"stopLon":-77.0459926,"routeNames":"IO28b"},{"stopId":1599530,"stopName":"Pedro Conde","stopTypeGroup":"bus","stopLat":-12.0878745,"stopLon":-77.0329973,"routeNames":"IO28b"},{"stopId":735824,"stopName":"Hospital Militar","stopTypeGroup":"bus","stopLat":-12.0878646,"stopLon":-77.0612628,"routeNames":"201-(Lima-Callao) 206 209 CR32 CR34"},{"stopId":827089,"stopName":"Cádiz","stopTypeGroup":"bus","stopLat":-12.0878246,"stopLon":-77.0507187,"routeNames":"1051 1057 1110 1313-(Lima-Callao) 1611 1612 1615 1701 3507 3511 3816 4511 7501 8515 8523 CR54 IO06 IO28b IO30b OM19 OM21 OM22"},{"stopId":1675430,"stopName":"Manco Segundo","stopTypeGroup":"bus","stopLat":-12.0878168,"stopLon":-77.0457914,"routeNames":"IO28b"},{"stopId":1196313,"stopName":"Centro Comercial Peruano Japones","stopTypeGroup":"bus","stopLat":-12.0877794,"stopLon":-77.0560779,"routeNames":"3505 CR32 CR35 IO50"},{"stopId":1675182,"stopName":"Mama Ocllo","stopTypeGroup":"bus","stopLat":-12.0877722,"stopLon":-77.04382,"routeNames":"IO28b"},{"stopId":1300163,"stopName":"Alberto Alexander","stopTypeGroup":"bus","stopLat":-12.0876847,"stopLon":-77.0470935,"routeNames":"2408 3507"},{"stopId":1675429,"stopName":"Mama Ocllo","stopTypeGroup":"bus","stopLat":-12.0876646,"stopLon":-77.043584,"routeNames":"IO28b"},{"stopId":1196251,"stopName":"Centro Comercial Peruano Japones","stopTypeGroup":"bus","stopLat":-12.0876588,"stopLon":-77.0561206,"routeNames":"3505 CR32 CR35 IO50"},{"stopId":735809,"stopName":"Hospital Militar","stopTypeGroup":"bus","stopLat":-12.087641,"stopLon":-77.0611739,"routeNames":"201-(Lima-Callao) 206 209 CR32 CR34"},{"stopId":1308866,"stopName":"Vallejo","stopTypeGroup":"bus","stopLat":-12.0875204,"stopLon":-77.0445281,"routeNames":"2408 3507"},{"stopId":1638894,"stopName":"Lazo","stopTypeGroup":"bus","stopLat":-12.0874207,"stopLon":-77.0298028,"routeNames":"1099"},{"stopId":734638,"stopName":"Aviación","stopTypeGroup":"bus","stopLat":-12.0874163,"stopLon":-77.0034015,"routeNames":"201-(Lima-Callao) 204 206 209"},{"stopId":737362,"stopName":"Javier Prado","stopTypeGroup":"bus","stopLat":-12.0874155,"stopLon":-76.9964844,"routeNames":"1059 2702 3809 7504 8104 8803"},{"stopId":735840,"stopName":"San Luis","stopTypeGroup":"bus","stopLat":-12.0873945,"stopLon":-76.9968921,"routeNames":"201-(Lima-Callao) 204 209"},{"stopId":1300286,"stopName":"Estación La Cultura","stopTypeGroup":"bus","stopLat":-12.0871217,"stopLon":-77.0038605,"routeNames":"1060 1061 1703-(Lima-Callao) 1804 2701-(Lima-Callao) 3701 3810 3813 3814 4405 4911-(Lima-Callao) 7103 7601 8520 CR19 IM22 IO06"},{"stopId":735458,"stopName":"Tomás Guido","stopTypeGroup":"bus","stopLat":-12.0870247,"stopLon":-77.0340273,"routeNames":"301 305"},{"stopId":1300210,"stopName":"Mama Ocllo","stopTypeGroup":"bus","stopLat":-12.0869644,"stopLon":-77.0436537,"routeNames":"2408 3507"},{"stopId":931298,"stopName":"Las Lilas","stopTypeGroup":"bus","stopLat":-12.0869004,"stopLon":-77.0287073,"routeNames":"1099 2703 2803 7607 8619 8621"},{"stopId":735841,"stopName":"Rosa Toro","stopTypeGroup":"bus","stopLat":-12.0868695,"stopLon":-76.9930032,"routeNames":"201-(Lima-Callao) 209"},{"stopId":735423,"stopName":"Tomás Guido","stopTypeGroup":"bus","stopLat":-12.086849,"stopLon":-77.0342177,"routeNames":"301 305"},{"stopId":1205203,"stopName":"28 de Julio","stopTypeGroup":"bus","stopLat":-12.086835,"stopLon":-77.0686,"routeNames":"1313-(Lima-Callao) 1505 1508 2204 2510 3502 3906-(Lima-Callao) 7505 8525 CR35 IO03 IO07 IO35b IO52 IO89"},{"stopId":738088,"stopName":"La Cultura","stopTypeGroup":"metro","stopLat":-12.0867755,"stopLon":-77.0037532,"routeNames":"Línea-1"},{"stopId":1196315,"stopName":"Centro Comercial San Felipe","stopTypeGroup":"bus","stopLat":-12.086767,"stopLon":-77.0548039,"routeNames":"3505 CR32 CR35 IO50"},{"stopId":1332275,"stopName":"Las Lilas","stopTypeGroup":"bus","stopLat":-12.0866601,"stopLon":-77.026552,"routeNames":"3805 8308"},{"stopId":1005281,"stopName":"28 de Julio","stopTypeGroup":"bus","stopLat":-12.0866407,"stopLon":-77.0686191,"routeNames":"1313-(Lima-Callao) 1505 1508 2204 2510 3502 3906-(Lima-Callao) 7505 8525 CR35 CR65 IM26 IO03 IO07 IO14-(Lima-Callao) IO19 IO35b IO52 IO89 OM22 OM36 OM37 OM42-(Callao-Lima)"},{"stopId":1300209,"stopName":"Cápac Yupanqui","stopTypeGroup":"bus","stopLat":-12.0866234,"stopLon":-77.0412022,"routeNames":"2408 3507"},{"stopId":1285055,"stopName":"Prolongación Iquitos","stopTypeGroup":"bus","stopLat":-12.0866234,"stopLon":-77.0284134,"routeNames":"3805 8308"},{"stopId":1309002,"stopName":"Arriola","stopTypeGroup":"bus","stopLat":-12.086581491002661,"stopLon":-77.01508821534424,"routeNames":"1055"},{"stopId":1196249,"stopName":"Centro Comercial San Felipe","stopTypeGroup":"bus","stopLat":-12.0865782,"stopLon":-77.0548143,"routeNames":"3505 CR32 CR35 IO50"},{"stopId":1019555,"stopName":"Tomás Guido","stopTypeGroup":"bus","stopLat":-12.0865076,"stopLon":-77.0321683,"routeNames":"1047 8201 8621 9801-(Lima-Callao)"},{"stopId":735798,"stopName":"San Luis","stopTypeGroup":"bus","stopLat":-12.0864633,"stopLon":-76.9963237,"routeNames":"201-(Lima-Callao) 204 209"},{"stopId":736424,"stopName":"Javier Prado","stopTypeGroup":"bus","stopLat":-12.0863297,"stopLon":-76.9967633,"routeNames":"1059 2702 3809 7504 8104 8803"},{"stopId":735797,"stopName":"Rosa Toro","stopTypeGroup":"bus","stopLat":-12.0863068,"stopLon":-76.9923751,"routeNames":"201-(Lima-Callao) 209"},{"stopId":867701,"stopName":"Tomás Guido","stopTypeGroup":"bus","stopLat":-12.0862096,"stopLon":-77.0286883,"routeNames":"2803 3805 405 7607 8308 8619"},{"stopId":1300208,"stopName":"José María Córdova","stopTypeGroup":"bus","stopLat":-12.0861618,"stopLon":-77.0377582,"routeNames":"1615 2408 3507 8621"},{"stopId":1158341,"stopName":"Tomás Guido","stopTypeGroup":"bus","stopLat":-12.0860838,"stopLon":-77.0289241,"routeNames":"1099 2703"},{"stopId":1326231,"stopName":"Gregorio Las Heras","stopTypeGroup":"bus","stopLat":-12.0860412,"stopLon":-77.0311224,"routeNames":"1099"},{"stopId":1308979,"stopName":"Arriola","stopTypeGroup":"bus","stopLat":-12.0860189,"stopLon":-77.0157133,"routeNames":"1055 1059 3809"},{"stopId":1300165,"stopName":"Mama Ocllo","stopTypeGroup":"bus","stopLat":-12.0859572,"stopLon":-77.0440292,"routeNames":"1046 2408 2703 3507 3603 3607 3613 3816 9405-(Lima-Callao)"},{"stopId":1300207,"stopName":"Carlos Alayazal","stopTypeGroup":"bus","stopLat":-12.085931,"stopLon":-77.0362186,"routeNames":"1615 2408 3507 8621"},{"stopId":735796,"stopName":"Jiménez Borja","stopTypeGroup":"bus","stopLat":-12.0858484,"stopLon":-76.9891365,"routeNames":"201-(Lima-Callao)"},{"stopId":1196316,"stopName":"Río de Janeiro","stopTypeGroup":"bus","stopLat":-12.0858385,"stopLon":-77.0536371,"routeNames":"3505 CR32 CR35 IO50"},{"stopId":1313695,"stopName":"San Eugenio","stopTypeGroup":"bus","stopLat":-12.0857789,"stopLon":-77.015394,"routeNames":"1059 3809"},{"stopId":1332286,"stopName":"Leal","stopTypeGroup":"bus","stopLat":-12.0857159,"stopLon":-77.0397162,"routeNames":"1615 8621"},{"stopId":1196248,"stopName":"Río de Janeiro","stopTypeGroup":"bus","stopLat":-12.085662,"stopLon":-77.0536705,"routeNames":"3505 CR32 CR35 IO50"},{"stopId":1300206,"stopName":"Arequipa","stopTypeGroup":"bus","stopLat":-12.0856425,"stopLon":-77.0341104,"routeNames":"2408 3507 8621"},{"stopId":827198,"stopName":"Risso","stopTypeGroup":"bus","stopLat":-12.0856241,"stopLon":-77.0331663,"routeNames":"1047 336 405 8201 9405-(Lima-Callao) 9801-(Lima-Callao) NH25"},{"stopId":1304142,"stopName":"Risso","stopTypeGroup":"bus","stopLat":-12.0856215,"stopLon":-77.0354676,"routeNames":"1615 336 9405-(Lima-Callao) NH25"},{"stopId":1300166,"stopName":"Cápac Yupanqui","stopTypeGroup":"bus","stopLat":-12.0856157,"stopLon":-77.0415444,"routeNames":"1046 2408 2703 3507 3603 3607 3613 3816 9405-(Lima-Callao)"},{"stopId":1308865,"stopName":"Petit Thouars","stopTypeGroup":"bus","stopLat":-12.0855114,"stopLon":-77.0330536,"routeNames":"2408 3507 8621"},{"stopId":734643,"stopName":"Circunvalación","stopTypeGroup":"bus","stopLat":-12.0854176,"stopLon":-76.9855021,"routeNames":"201-(Lima-Callao) 204 206 209"},{"stopId":737379,"stopName":"Salaverry","stopTypeGroup":"bus","stopLat":-12.0853855,"stopLon":-77.0484388,"routeNames":"1086 1313-(Lima-Callao) 1615 3507 3816 4516 7103 8104 CR19 CR54 IO06 IO12 OM22"},{"stopId":827077,"stopName":"Canevaro","stopTypeGroup":"bus","stopLat":-12.085354,"stopLon":-77.0488358,"routeNames":"1051 1057 1110 1313-(Lima-Callao) 1611 1612 1615 1701 3511 3816 4511 7501 8515 8523 CR54 IO06 IO28b IO30b OM19 OM21 OM22"},{"stopId":1326848,"stopName":"Huáscar","stopTypeGroup":"bus","stopLat":-12.08530208665332,"stopLon":-77.05029543876647,"routeNames":"1086 4516 CR19 IO12"},{"stopId":828112,"stopName":"Risso","stopTypeGroup":"bus","stopLat":-12.0852623,"stopLon":-77.0323715,"routeNames":"1047 3507 8201 8621 9801-(Lima-Callao)"},{"stopId":1003255,"stopName":"Manco Segundo","stopTypeGroup":"bus","stopLat":-12.0851558,"stopLon":-77.0460341,"routeNames":"1086 1278-(Lima-Callao) 1304-(Lima-Callao) 1313-(Lima-Callao) 1317-(Lima-Callao) 1318-(Lima-Callao) 1404 1615 4205 4206 4516 7103 CR19 CR54 ICR14 IM04 IM11 IO06 IO12 IO27 OM22 OM28-(Lima-Callao) SH24a"},{"stopId":737363,"stopName":"Julio Bailetti","stopTypeGroup":"bus","stopLat":-12.0851547,"stopLon":-76.9968009,"routeNames":"1059 2702 3809 7504 8104 8803"},{"stopId":1300167,"stopName":"José María Cordova","stopTypeGroup":"bus","stopLat":-12.0851474,"stopLon":-77.0381502,"routeNames":"1046 2408 2703 3507 3603 3607 3613 3816 9405-(Lima-Callao)"},{"stopId":734637,"stopName":"Circunvalación","stopTypeGroup":"bus","stopLat":-12.085134,"stopLon":-76.9859099,"routeNames":"201-(Lima-Callao) 204 206 209"},{"stopId":732413,"stopName":"Risso","stopTypeGroup":"bus","stopLat":-12.0851337,"stopLon":-77.0344698,"routeNames":"303"},{"stopId":732428,"stopName":"Bernardo Alcedo","stopTypeGroup":"bus","stopLat":-12.0851311,"stopLon":-77.0342982,"routeNames":"303"},{"stopId":1205204,"stopName":"Amazonas","stopTypeGroup":"bus","stopLat":-12.0851302,"stopLon":-77.0679885,"routeNames":"1313-(Lima-Callao) 1505 1508 2204 2510 3502 3906-(Lima-Callao) 7505 8525 CR35 IO03 IO07 IO35b IO52 IO89"},{"stopId":1308864,"stopName":"Lazo","stopTypeGroup":"bus","stopLat":-12.085055,"stopLon":-77.0299959,"routeNames":"2408 8621"},{"stopId":737378,"stopName":"Manco Segundo","stopTypeGroup":"bus","stopLat":-12.0850498,"stopLon":-77.0460731,"routeNames":"1046 1086 1278-(Lima-Callao) 1304-(Lima-Callao) 1313-(Lima-Callao) 1317-(Lima-Callao) 1318-(Lima-Callao) 1404 1615 2703 3603 3607 3613 3816 4205 4206 4516 7103 8104 9405-(Lima-Callao) CR19 CR54 ICR14 IM04 IM11 IO06 IO12 IO27 OM22 OM28-(Li"},{"stopId":1005280,"stopName":"Amazonas","stopTypeGroup":"bus","stopLat":-12.0849362,"stopLon":-77.0680109,"routeNames":"1313-(Lima-Callao) 1505 1508 2204 2510 3502 3906-(Lima-Callao) 7505 8525 CR35 CR65 IM26 IO03 IO07 IO14-(Lima-Callao) IO19 IO35b IO52 IO89 OM22 OM36 OM37 OM42-(Callao-Lima)"},{"stopId":827088,"stopName":"Canevaro","stopTypeGroup":"bus","stopLat":-12.0849344,"stopLon":-77.0486802,"routeNames":"1051 1057 1110 1611 1612 1701 3511 4511 7501 8515 8523 IO28b IO30b OM19 OM21"},{"stopId":1206391,"stopName":"Mama Ocllo","stopTypeGroup":"bus","stopLat":-12.0849018,"stopLon":-77.04424,"routeNames":"1086 1278-(Lima-Callao) 1304-(Lima-Callao) 1313-(Lima-Callao) 1317-(Lima-Callao) 1318-(Lima-Callao) 1404 1615 4205 4206 4516 7103 CR19 CR54 ICR14 IM04 IM11 IO06 IO12 IO27 OM22 OM28-(Lima-Callao) SH24a"},{"stopId":1308312,"stopName":"Canadá","stopTypeGroup":"bus","stopLat":-12.0848924,"stopLon":-77.0081037,"routeNames":"1053 3702 7610 8803"},{"stopId":949358,"stopName":"Hospital PNP","stopTypeGroup":"bus","stopLat":-12.0848448,"stopLon":-77.0617889,"routeNames":"1103 1702 1706 2204 2511-(Lima-Callao) 404 4405 4512 4703 5303 8306 8507 CR37 IM26 IO19 IO44b OM42-(Callao-Lima)"},{"stopId":793637,"stopName":"Javier Prado","stopTypeGroup":"bus","stopLat":-12.08483,"stopLon":-76.9838338,"routeNames":"1086 7204 8214 8302 8502 8503 8504 8505 8506 8507 8508 8510 8511 8513 8618 9802-(Lima-Callao) CR54 IM06 Lima-Ica-(Perú-Bus)"},{"stopId":1304326,"stopName":"Julio Baletti","stopTypeGroup":"bus","stopLat":-12.0848137,"stopLon":-76.9969833,"routeNames":"1059 2702 3809 7504 8104 8803"},{"stopId":1300168,"stopName":"Arenales","stopTypeGroup":"bus","stopLat":-12.084805,"stopLon":-77.0357028,"routeNames":"1046 2408 2703 3507 3603 3607 3613 3816 9405-(Lima-Callao)"},{"stopId":737377,"stopName":"Mama Ocllo","stopTypeGroup":"bus","stopLat":-12.0847875,"stopLon":-77.0440936,"routeNames":"1046 1086 1278-(Lima-Callao) 1304-(Lima-Callao) 1313-(Lima-Callao) 1317-(Lima-Callao) 1318-(Lima-Callao) 1404 1615 2703 3603 3607 3613 3816 4205 4206 4516 7103 8104 9405-(Lima-Callao) CR19 CR54 ICR14 IM04 IM11 IO06 IO12 IO27 OM22 OM28-(Li"},{"stopId":736420,"stopName":"Del Aire","stopTypeGroup":"bus","stopLat":-12.0847613,"stopLon":-77.0083666,"routeNames":"1059 1086 1278-(Lima-Callao) 1304-(Lima-Callao) 1313-(Lima-Callao) 1317-(Lima-Callao) 1318-(Lima-Callao) 1404 1703-(Lima-Callao) 3809 4204 4205 4206 4210-(Lima-Callao) 7103 7601 8104 8520 CR19 CR54 ICR14 IM04 IM11 IM57 IO06 IO12 IO27 IO"},{"stopId":734644,"stopName":"Jockey Plaza","stopTypeGroup":"bus","stopLat":-12.0847464,"stopLon":-76.9780853,"routeNames":"201-(Lima-Callao) 204 206 209"},{"stopId":1309003,"stopName":"Santa Catalina","stopTypeGroup":"bus","stopLat":-12.0847298,"stopLon":-77.0182371,"routeNames":"1055 1059 3809"},{"stopId":1308978,"stopName":"Santa Catalina","stopTypeGroup":"bus","stopLat":-12.0847088,"stopLon":-77.018677,"routeNames":"1055 1059 3809"},{"stopId":1206400,"stopName":"Navea","stopTypeGroup":"bus","stopLat":-12.0846839,"stopLon":-77.0108683,"routeNames":"1059 1086 1278-(Lima-Callao) 1304-(Lima-Callao) 1313-(Lima-Callao) 1317-(Lima-Callao) 1318-(Lima-Callao) 1404 1703-(Lima-Callao) 3809 4204 4205 4206 4210-(Lima-Callao) 7103 7601 8104 8520 CR19 CR54 ICR14 IM04 IM11 IM57 IO06 IO12 IO27 IO"},{"stopId":1206392,"stopName":"Pezet","stopTypeGroup":"bus","stopLat":-12.0846788,"stopLon":-77.0426897,"routeNames":"1086 1278-(Lima-Callao) 1304-(Lima-Callao) 1313-(Lima-Callao) 1317-(Lima-Callao) 1318-(Lima-Callao) 1404 1615 4205 4206 4516 7103 CR19 CR54 ICR14 IM04 IM11 IO06 IO12 IO27 OM22 OM28-(Lima-Callao) SH24a"},{"stopId":1068569,"stopName":"Torre Tagle","stopTypeGroup":"bus","stopLat":-12.0846263,"stopLon":-77.0646432,"routeNames":"CR32 CR34"},{"stopId":1303066,"stopName":"Torre Tagle","stopTypeGroup":"bus","stopLat":-12.0846249,"stopLon":-77.0644462,"routeNames":"CR32 CR34 IM26 IO19 OM42-(Callao-Lima)"},{"stopId":734636,"stopName":"Evitamiento","stopTypeGroup":"bus","stopLat":-12.0845828,"stopLon":-76.980304,"routeNames":"201-(Lima-Callao) 204 206 209"},{"stopId":1206402,"stopName":"Pezet","stopTypeGroup":"bus","stopLat":-12.0845666,"stopLon":-77.0425437,"routeNames":"1046 1086 1278-(Lima-Callao) 1304-(Lima-Callao) 1313-(Lima-Callao) 1317-(Lima-Callao) 1318-(Lima-Callao) 1404 1615 2703 3603 3607 3613 3816 4205 4206 4516 7103 8104 9405-(Lima-Callao) CR19 CR54 ICR14 IM04 IM11 IO06 IO12 IO27 OM22 OM28-(Li"},{"stopId":737367,"stopName":"Del Aire","stopTypeGroup":"bus","stopLat":-12.0845147,"stopLon":-77.007975,"routeNames":"1059 1086 1278-(Lima-Callao) 1304-(Lima-Callao) 1313-(Lima-Callao) 1317-(Lima-Callao) 1318-(Lima-Callao) 1404 1703-(Lima-Callao) 3809 4204 4205 4206 4210-(Lima-Callao) 7103 7601 8104 8520 CR19 CR54 ICR14 IM04 IM11 IM57 IO06 IO12 IO27 IO"},{"stopId":1300169,"stopName":"Petit Thouars","stopTypeGroup":"bus","stopLat":-12.0844845,"stopLon":-77.0334445,"routeNames":"1046 1604 2408 2613 2703 3507 3603 3607 3613 3816"},{"stopId":1206394,"stopName":"Horacio Cachay Díaz","stopTypeGroup":"bus","stopLat":-12.0844547,"stopLon":-77.0118063,"routeNames":"1059 1086 1278-(Lima-Callao) 1304-(Lima-Callao) 1313-(Lima-Callao) 1317-(Lima-Callao) 1318-(Lima-Callao) 1404 1703-(Lima-Callao) 3809 4204 4205 4206 4210-(Lima-Callao) 7103 7601 8104 8520 CR19 CR54 ICR14 IM04 IM11 IM57 IO06 IO12 IO27 IO"},{"stopId":1003256,"stopName":"Garcilaso","stopTypeGroup":"bus","stopLat":-12.0843973,"stopLon":-77.0406979,"routeNames":"1086 1278-(Lima-Callao) 1304-(Lima-Callao) 1313-(Lima-Callao) 1317-(Lima-Callao) 1318-(Lima-Callao) 1404 1615 4205 4206 4516 7103 CR19 CR54 ICR14 IM04 IM11 IO06 IO12 IO27 OM22 OM28-(Lima-Callao) SH24a"},{"stopId":1196317,"stopName":"Huiracocha","stopTypeGroup":"bus","stopLat":-12.0843147,"stopLon":-77.0517299,"routeNames":"3505 CR32 CR35 IO50"},{"stopId":1206401,"stopName":"Garcilaso","stopTypeGroup":"bus","stopLat":-12.0843007,"stopLon":-77.0405497,"routeNames":"1046 1086 1278-(Lima-Callao) 1304-(Lima-Callao) 1313-(Lima-Callao) 1317-(Lima-Callao) 1318-(Lima-Callao) 1404 1615 2703 3603 3607 3613 3816 4205 4206 4516 7103 8104 9405-(Lima-Callao) CR19 CR54 ICR14 IM04 IM11 IO06 IO12 IO27 OM22 OM28-(Li"},{"stopId":1309004,"stopName":"Esteban Campodónico","stopTypeGroup":"bus","stopLat":-12.0842944,"stopLon":-77.0209622,"routeNames":"1055 1059 3809"},{"stopId":1308313,"stopName":"Canadá","stopTypeGroup":"bus","stopLat":-12.0842892,"stopLon":-77.008388,"routeNames":"1053 3702 7610 8803"},{"stopId":737381,"stopName":"Gregorio Escobedo","stopTypeGroup":"bus","stopLat":-12.0842734,"stopLon":-77.0515126,"routeNames":"1086 4516 8104 CR19 IO12"},{"stopId":1300290,"stopName":"Avenida Canadá","stopTypeGroup":"bus","stopLat":-12.0842734,"stopLon":-77.0039892,"routeNames":"1060 1061 1703-(Lima-Callao) 1804 2701-(Lima-Callao) 3701 3810 3813 3814 4405 4911-(Lima-Callao) 7103 7601 8520 CR19 IM22 IO06"},{"stopId":817699,"stopName":"Hospital PNP","stopTypeGroup":"bus","stopLat":-12.0842367,"stopLon":-77.0613965,"routeNames":"1103 1702 1706 2204 2511-(Lima-Callao) 404 4405 4512 4703 5303 8306 8507 CR37 IM26 IO19 IO44b OM42-(Callao-Lima)"}]