[{"stopId":829885,"stopName":"Las Palmeras","stopTypeGroup":"bus","stopLat":-11.9785758,"stopLon":-77.0725143,"routeNames":"2204 2208 2409 2411 2603 2604 2611 2805 4212 8212 AN02 AN14 ICR05"},{"stopId":739158,"stopName":"Naranjal","stopTypeGroup":"bus","stopLat":-11.9784236,"stopLon":-77.0768863,"routeNames":"018p 1103 1503 1504 1506 1513 1514 1518 1604 1611 1615 1703-(Lima-Callao) 1704 8214 IO44b OM32 SH24a"},{"stopId":829856,"stopName":"Las Palmeras","stopTypeGroup":"bus","stopLat":-11.9784053,"stopLon":-77.0721361,"routeNames":"1618 2208 2805 4212 AN02 AN14 CR62 ICR05 IM47 IO38b IPC06"},{"stopId":736356,"stopName":"Naranjal","stopTypeGroup":"bus","stopLat":-11.9783187,"stopLon":-77.0724177,"routeNames":"1502-(Lima-Callao) 1901-(Lima-Callao) 2613 4204 7103 8104 OM25 OM47-(Callao-Lima)"},{"stopId":1019296,"stopName":"Rivero y Ustariz","stopTypeGroup":"bus","stopLat":-11.9781865,"stopLon":-77.0927035,"routeNames":"2208 2209 2511-(Lima-Callao) 2701-(Lima-Callao) 4210-(Lima-Callao) 8201 CR13 CR49 ICR05 ICR15 IM18 IM26 IM57 IO35b IO89 OM21 OM22 OM23"},{"stopId":1926510,"stopName":"Terminal El 10","stopTypeGroup":"bus","stopLat":-11.978109578477119,"stopLon":-77.1074068844155,"routeNames":"OM32"},{"stopId":829886,"stopName":"Marcará","stopTypeGroup":"bus","stopLat":-11.9780721,"stopLon":-77.0691159,"routeNames":"1618 2208 2805 4212 AN02 AN14 CR62 ICR05 IM47 IO38b IPC06"},{"stopId":829857,"stopName":"Universitaria","stopTypeGroup":"bus","stopLat":-11.9780563,"stopLon":-77.0766234,"routeNames":"2204 2208 2409 2411 2603 2604 2611 2805 4212 8212 AN02 AN14 ICR05"},{"stopId":2015388,"stopName":"Calle 8","stopTypeGroup":"bus","stopLat":-11.978045819858435,"stopLon":-77.12136268615724},{"stopId":1077412,"stopName":"Carrillo","stopTypeGroup":"bus","stopLat":-11.9780148,"stopLon":-77.1249815,"routeNames":"9305-(Lima-Callao) CR16 CR19 CR24 CR28 CR32 CR35 CR41 CR56 CR57 CR58 CR61 CR66 ICR15 IM06 IM12-(Lima-Callao) IM19 IM20 IM31 IO03 IO06 IO14-(Lima-Callao) IO28b IO32b IO37b-(Callao-Lima) IO55 IO71 IO75b OM10 OM23 OM34 OM42-(Callao-Lima) OM75-"},{"stopId":1160789,"stopName":"200 Millas","stopTypeGroup":"bus","stopLat":-11.9779817,"stopLon":-77.1112379,"routeNames":"2604 2804-(Lima-Callao) CR28"},{"stopId":1160773,"stopName":"200 Millas","stopTypeGroup":"bus","stopLat":-11.9779712,"stopLon":-77.1115009,"routeNames":"2604 2804-(Lima-Callao) CR28"},{"stopId":829855,"stopName":"Marcará","stopTypeGroup":"bus","stopLat":-11.9779409,"stopLon":-77.0689791,"routeNames":"1618 2208 2805 4212 AN02 AN14 CR62 ICR05 IM47 IO38b IPC06"},{"stopId":1309647,"stopName":"Calle 9","stopTypeGroup":"bus","stopLat":-11.9778936,"stopLon":-77.1156871,"routeNames":"CR07 IM21 IM24 IM40"},{"stopId":1309646,"stopName":"Calle 9","stopTypeGroup":"bus","stopLat":-11.9778254,"stopLon":-77.1156228,"routeNames":"CR07 IM21 IM24 IM40"},{"stopId":829884,"stopName":"Universitaria","stopTypeGroup":"bus","stopLat":-11.9778228,"stopLon":-77.0782033,"routeNames":"2204 2208 2409 2411 2603 2604 2611 2805 4212 8212 8214 AN02 AN14 ICR05"},{"stopId":1160788,"stopName":"Terminal El 10","stopTypeGroup":"bus","stopLat":-11.9777939,"stopLon":-77.1072765,"routeNames":"2604 CR71 OM32"},{"stopId":1077353,"stopName":"Carrillo","stopTypeGroup":"bus","stopLat":-11.9777099,"stopLon":-77.1251389,"routeNames":"9305-(Lima-Callao) CR16 CR19 CR24 CR28 CR32 CR35 CR41 CR56 CR57 CR58 CR61 CR66 ICR15 IM06 IM12-(Lima-Callao) IM19 IM20 IM31 IO03 IO06 IO14-(Lima-Callao) IO28b IO32b IO37b-(Callao-Lima) IO55 IO71 IO75b OM10 OM23 OM34 OM42-(Callao-Lima) OM75-"},{"stopId":1019306,"stopName":"Rivero y Ustariz","stopTypeGroup":"bus","stopLat":-11.9775529,"stopLon":-77.0928579,"routeNames":"2208 2209 2511-(Lima-Callao) 2701-(Lima-Callao) 4210-(Lima-Callao) 8201 CR13 CR49 ICR05 ICR15 IM18 IM26 IM57 IO35b IO89 OM21 OM22 OM23"},{"stopId":739099,"stopName":"Naranjal","stopTypeGroup":"bus","stopLat":-11.9775211,"stopLon":-77.0775944,"routeNames":"018p 1103 1503 1504 1506 1513 1514 1518 1604 1611 1615 1703-(Lima-Callao) 1704 IO44b OM32 SH24a"},{"stopId":793456,"stopName":"Hospital de Los Olivos","stopTypeGroup":"bus","stopLat":-11.9773112,"stopLon":-77.0641565,"routeNames":"1618 2208 7101 8112 AN03 AN13 AN14 CR62 ICR05 IM47 IO38b IPC06"},{"stopId":793423,"stopName":"Hospital de Los Olivos","stopTypeGroup":"bus","stopLat":-11.9771852,"stopLon":-77.0641404,"routeNames":"1618 2208 7101 8112 AN03 AN13 AN14 CR62 ICR05 IM47 IO38b IPC06"},{"stopId":1040542,"stopName":"Naranjal","stopTypeGroup":"bus","stopLat":-11.9768905,"stopLon":-77.0832287,"routeNames":"2205 2414"},{"stopId":793462,"stopName":"Unger","stopTypeGroup":"bus","stopLat":-11.9767759,"stopLon":-77.0606965,"routeNames":"1618 2208 7101 8112 AN03 AN14 CR62 ICR05 IM47 IO38b IPC06"},{"stopId":1926511,"stopName":"Residencial Pacasmayo","stopTypeGroup":"bus","stopLat":-11.97672577798559,"stopLon":-77.1061204969965,"routeNames":"OM32"},{"stopId":793458,"stopName":"Unger","stopTypeGroup":"bus","stopLat":-11.9766762,"stopLon":-77.0607045,"routeNames":"1618 2208 7101 8112 AN03 AN14 CR62 ICR05 IM47 IO38b IPC06"},{"stopId":829883,"stopName":"Huandoy","stopTypeGroup":"bus","stopLat":-11.9766106,"stopLon":-77.083443,"routeNames":"2204 2208 2603 2604 2611 2701-(Lima-Callao) 2805 4210-(Lima-Callao) 4212 8214 AN02 AN14 CR13 CR49 ICR05 ICR15 IM26 IM57 OM21"},{"stopId":829858,"stopName":"Huandoy","stopTypeGroup":"bus","stopLat":-11.9766053,"stopLon":-77.0829722,"routeNames":"2204 2208 2409 2411 2603 2604 2611 2805 4212 8212 8214 AN02 AN14 ICR05"},{"stopId":1595523,"stopName":"Residencial Pacasmayo","stopTypeGroup":"bus","stopLat":-11.9765712,"stopLon":-77.1061331,"routeNames":"2604 OM32"},{"stopId":817750,"stopName":"La Cincuenta","stopTypeGroup":"bus","stopLat":-11.9764663,"stopLon":-77.05935,"routeNames":"1103 1201 1206 1208 1403 1404 1501-(Lima-Callao) 1508 1602 1610 1612 1618 1702 1706 2203 2208 7101 8112 AN06 AN08 CR12 CR15 CR17 CR34 CR43 CR51 CR62 CR65 CR69 CR84 ICR05 IM47 IO09 IO35b IO38b IO40 IO45 IPC06 NH26b OM39 SH112a"},{"stopId":1319670,"stopName":"Mercado Nuevo Norte","stopTypeGroup":"bus","stopLat":-11.9764164,"stopLon":-77.1145874,"routeNames":"2804-(Lima-Callao) CR28"},{"stopId":1309649,"stopName":"Mercado Nuevo Norte","stopTypeGroup":"bus","stopLat":-11.9763981,"stopLon":-77.1143728,"routeNames":"2804-(Lima-Callao) CR28"},{"stopId":817683,"stopName":"La Cincuenta","stopTypeGroup":"bus","stopLat":-11.9763456,"stopLon":-77.0594949,"routeNames":"1103 1201 1206 1208 1403 1404 1501-(Lima-Callao) 1508 1602 1610 1612 1618 1702 1706 2203 2208 7101 8112 AN06 AN08 CR12 CR15 CR17 CR34 CR43 CR51 CR62 CR65 CR69 CR84 ICR05 IM47 IO09 IO35b IO38b IO40 IO45 IPC06 NH26b OM39 SH112a"},{"stopId":1040522,"stopName":"Naranjal","stopTypeGroup":"bus","stopLat":-11.9763198,"stopLon":-77.0831625,"routeNames":"2205 2409 2411 2414 2701-(Lima-Callao) 4210-(Lima-Callao) 8212 CR13 CR49 ICR15 IM26 IM57 OM21"},{"stopId":829879,"stopName":"Santo Domingo","stopTypeGroup":"bus","stopLat":-11.9758431,"stopLon":-77.0899835,"routeNames":"2208 2209 2511-(Lima-Callao) 2701-(Lima-Callao) 4210-(Lima-Callao) 8201 AN14 CR13 CR49 ICR05 ICR15 IM18 IM26 IM57 IO35b IO89 OM21 OM22 OM23"},{"stopId":1335056,"stopName":"Manuel Mujica Gallo","stopTypeGroup":"bus","stopLat":-11.975771,"stopLon":-77.1167895,"routeNames":"CR07 IM21 IM24 IM40"},{"stopId":1335055,"stopName":"Manuel Mujica Gallo","stopTypeGroup":"bus","stopLat":-11.9757211,"stopLon":-77.11698,"routeNames":"CR07 IM21 IM24 IM40"},{"stopId":829864,"stopName":"Portales del Naranjal","stopTypeGroup":"bus","stopLat":-11.9752777,"stopLon":-77.0862982,"routeNames":"2204 2208 2603 2604 2611 2701-(Lima-Callao) 2805 4210-(Lima-Callao) 4212 AN02 AN14 CR13 CR49 ICR05 ICR15 IM26 IM57 OM21"},{"stopId":829862,"stopName":"Santo Domingo","stopTypeGroup":"bus","stopLat":-11.9752383,"stopLon":-77.0901686,"routeNames":"2208 2209 2511-(Lima-Callao) 2701-(Lima-Callao) 4210-(Lima-Callao) 8201 AN14 CR13 CR49 ICR05 ICR15 IM18 IM26 IM57 IO35b IO89 OM21 OM22 OM23"},{"stopId":829881,"stopName":"Portales del Naranjal","stopTypeGroup":"bus","stopLat":-11.975118,"stopLon":-77.086645,"routeNames":"2204 2208 2603 2604 2611 2701-(Lima-Callao) 2805 4210-(Lima-Callao) 4212 8214 AN02 AN14 CR13 CR49 ICR05 ICR15 IM26 IM57 OM21"},{"stopId":1926512,"stopName":"Mercado Pacasmayo","stopTypeGroup":"bus","stopLat":-11.975097690979787,"stopLon":-77.10463777184486,"routeNames":"OM32"},{"stopId":1335735,"stopName":"Mercado","stopTypeGroup":"bus","stopLat":-11.974955,"stopLon":-77.1163094,"routeNames":"CR28"},{"stopId":1040549,"stopName":"Colcas Huallanca","stopTypeGroup":"bus","stopLat":-11.9749092,"stopLon":-77.0823671,"routeNames":"2205 2409 2411 2414 2701-(Lima-Callao) 4210-(Lima-Callao) 8212 8214 CR13 CR49 ICR15 IM26 IM57 OM21"},{"stopId":1926927,"stopName":"Mercado Pacasmayo","stopTypeGroup":"bus","stopLat":-11.974906552513328,"stopLon":-77.10460304559548,"routeNames":"OM32"},{"stopId":1258891,"stopName":"Mercado","stopTypeGroup":"bus","stopLat":-11.9748935,"stopLon":-77.1160862,"routeNames":"CR28"},{"stopId":736355,"stopName":"Río Urubamba","stopTypeGroup":"bus","stopLat":-11.9747818,"stopLon":-77.0725089,"routeNames":"1502-(Lima-Callao) 1901-(Lima-Callao) 2613 4204 7103 8104 OM25 OM47-(Callao-Lima)"},{"stopId":737449,"stopName":"Río Urubamba","stopTypeGroup":"bus","stopLat":-11.9746506,"stopLon":-77.072348,"routeNames":"1502-(Lima-Callao) 1901-(Lima-Callao) 2613 4204 7103 8104 OM25 OM47-(Callao-Lima)"},{"stopId":1041091,"stopName":"Colcas Huallanca","stopTypeGroup":"bus","stopLat":-11.9746115,"stopLon":-77.0824223,"routeNames":"2205 2409 2411 2414 2701-(Lima-Callao) 4210-(Lima-Callao) 8212 CR13 CR49 ICR15 IM26 IM57 OM21"},{"stopId":1019297,"stopName":"Óvalo Canta Callao","stopTypeGroup":"bus","stopLat":-11.9743542,"stopLon":-77.0882277,"routeNames":"2208 2209 2511-(Lima-Callao) 2701-(Lima-Callao) 4210-(Lima-Callao) 8201 CR13 CR49 ICR05 ICR15 IM18 IM26 IM57 IO35b IO89 OM21 OM22 OM23"},{"stopId":1319667,"stopName":"San Pío X","stopTypeGroup":"bus","stopLat":-11.974215,"stopLon":-77.1204937,"routeNames":"CR28"},{"stopId":1046709,"stopName":"Óvalo Canta Callao","stopTypeGroup":"bus","stopLat":-11.9742004,"stopLon":-77.087324,"routeNames":"2204 2208 2603 2604 2611 2701-(Lima-Callao) 2805 4210-(Lima-Callao) 4212 CR13 CR49 ICR05 ICR15 IM26 IM57 OM21"},{"stopId":1335054,"stopName":"Bertello","stopTypeGroup":"bus","stopLat":-11.9740392,"stopLon":-77.1180609,"routeNames":"CR07 IM40"},{"stopId":1046721,"stopName":"Óvalo Canta Callao","stopTypeGroup":"bus","stopLat":-11.9737863,"stopLon":-77.0885268,"routeNames":"2204 2604 2611 OM23"},{"stopId":1319669,"stopName":"Los Alisos","stopTypeGroup":"bus","stopLat":-11.9737847,"stopLon":-77.1177739,"routeNames":"CR28 IM21"},{"stopId":1319665,"stopName":"San Nicolás","stopTypeGroup":"bus","stopLat":-11.9736562,"stopLon":-77.1175539,"routeNames":"CR28"},{"stopId":1717890,"stopName":"San Nicolás","stopTypeGroup":"bus","stopLat":-11.9735584,"stopLon":-77.1178423,"routeNames":"IM21"},{"stopId":1019305,"stopName":"Óvalo Canta Callao","stopTypeGroup":"bus","stopLat":-11.9733751,"stopLon":-77.0884357,"routeNames":"2603 4212"},{"stopId":1094349,"stopName":"Óvalo Canta Callao","stopTypeGroup":"bus","stopLat":-11.9731877,"stopLon":-77.0873805,"routeNames":"2204 2208 2209 2411 2511-(Lima-Callao) 2805 8201 8214 IM18 IO35b IO89 OM22"},{"stopId":1077413,"stopName":"Puente Oquendo","stopTypeGroup":"bus","stopLat":-11.9727022,"stopLon":-77.1249996,"routeNames":"9305-(Lima-Callao) CR16 CR19 CR24 CR28 CR32 CR35 CR41 CR56 CR57 CR58 CR61 CR66 ICR15 IM06 IM12-(Lima-Callao) IM19 IM20 IM31 IO03 IO06 IO14-(Lima-Callao) IO28b IO32b IO37b-(Callao-Lima) IO55 IO71 IO75b OM10 OM23 OM34 OM42-(Callao-Lima) OM75-"},{"stopId":1319664,"stopName":"San Miguel","stopTypeGroup":"bus","stopLat":-11.9725358,"stopLon":-77.1159554,"routeNames":"CR28"},{"stopId":1447664,"stopName":"El Olivar","stopTypeGroup":"bus","stopLat":-11.9724439,"stopLon":-77.102327,"routeNames":"2204 2604 2611 OM23 OM32"},{"stopId":737450,"stopName":"Marañón","stopTypeGroup":"bus","stopLat":-11.9723888,"stopLon":-77.0724446,"routeNames":"1502-(Lima-Callao) 1901-(Lima-Callao) 2613 4204 7103 8104 OM25 OM47-(Callao-Lima)"},{"stopId":739165,"stopName":"Marañón","stopTypeGroup":"bus","stopLat":-11.9723259,"stopLon":-77.0757759,"routeNames":"018p 1103 1503 1504 1506 1513 1514 1518 1604 1611 1615 1703-(Lima-Callao) 1704 IO44b OM32 SH24a"},{"stopId":1077351,"stopName":"Puente Oquendo","stopTypeGroup":"bus","stopLat":-11.9723187,"stopLon":-77.1251569,"routeNames":"9305-(Lima-Callao) CR16 CR19 CR24 CR28 CR32 CR35 CR41 CR56 CR57 CR58 CR61 CR66 ICR15 IM06 IM12-(Lima-Callao) IM19 IM20 IM31 IO03 IO06 IO14-(Lima-Callao) IO28b IO32b IO37b-(Callao-Lima) IO55 IO71 IO75b OM10 OM23 OM34 OM42-(Callao-Lima) OM75-"},{"stopId":813997,"stopName":"Las Palmeras","stopTypeGroup":"bus","stopLat":-11.9722023,"stopLon":-77.072745,"routeNames":"1901-(Lima-Callao) 4204"},{"stopId":1319668,"stopName":"Parque San Martín","stopTypeGroup":"bus","stopLat":-11.9721579,"stopLon":-77.1231812,"routeNames":"CR28"},{"stopId":1382947,"stopName":"Universitaria","stopTypeGroup":"bus","stopLat":-11.9719218,"stopLon":-77.0761648},{"stopId":2007427,"stopName":"Fundo Oquendo","stopTypeGroup":"bus","stopLat":-11.971921778360297,"stopLon":-77.12172746658327},{"stopId":737453,"stopName":"Universitaria","stopTypeGroup":"bus","stopLat":-11.9719165,"stopLon":-77.0753789,"routeNames":"1502-(Lima-Callao) 1901-(Lima-Callao) 2613 4204 7103 8104 OM25 OM47-(Callao-Lima)"},{"stopId":737471,"stopName":"Marañón","stopTypeGroup":"bus","stopLat":-11.971885,"stopLon":-77.0726216,"routeNames":"1502-(Lima-Callao) 2613 7103 8104 OM25 OM47-(Callao-Lima)"},{"stopId":1046711,"stopName":"San Jose","stopTypeGroup":"bus","stopLat":-11.9718543,"stopLon":-77.0941541,"routeNames":"2204 2604 2611 OM23"},{"stopId":1805164,"stopName":"San José","stopTypeGroup":"bus","stopLat":-11.9717906,"stopLon":-77.0942992,"routeNames":"2204 2604 2611 OM23"},{"stopId":739097,"stopName":"Marañón","stopTypeGroup":"bus","stopLat":-11.9716332,"stopLon":-77.0759422,"routeNames":"018p 1103 1503 1504 1506 1513 1514 1518 1604 1611 1615 1703-(Lima-Callao) 1704 1901-(Lima-Callao) 4204 IO44b OM32 SH24a"},{"stopId":737726,"stopName":"Marañón","stopTypeGroup":"bus","stopLat":-11.9714652,"stopLon":-77.0669246,"routeNames":"1213 1217 1308 1411 1412 1505 1607 1608 1701 1801-(Lima-Callao) 1802 1804 2511-(Lima-Callao) 8102 8105 8107 8108 8109 8110 8111 8209 8211 9307-(Callao-Lima) 9401-(Lima-Callao) 9601-(Lima-Callao) 9602-(Lima-Callao) 9801-(Lima-Callao) CR2"},{"stopId":1046717,"stopName":"Comisaría de Cerro Candela","stopTypeGroup":"bus","stopLat":-11.9714158,"stopLon":-77.1040191,"routeNames":"2204"},{"stopId":737522,"stopName":"Marañón","stopTypeGroup":"bus","stopLat":-11.9711241,"stopLon":-77.0670909,"routeNames":"1213 1217 1308 1411 1412 1505 1607 1608 1701 1801-(Lima-Callao) 1802 1804 2511-(Lima-Callao) 8102 8105 8107 8108 8109 8110 8111 8209 8211 9307-(Callao-Lima) 9401-(Lima-Callao) 9601-(Lima-Callao) 9602-(Lima-Callao) 9801-(Lima-Callao) AN0"},{"stopId":1926514,"stopName":"Calle 4","stopTypeGroup":"bus","stopLat":-11.971011556588554,"stopLon":-77.10016760228429,"routeNames":"OM32"},{"stopId":1046715,"stopName":"Calle 4","stopTypeGroup":"bus","stopLat":-11.9709415,"stopLon":-77.1002235,"routeNames":"2204 2604 2611 OM23 OM32"},{"stopId":1319663,"stopName":"Iglesia San Nicolás","stopTypeGroup":"bus","stopLat":-11.97093,"stopLon":-77.1153867,"routeNames":"CR28"},{"stopId":1301608,"stopName":"Canta Callao","stopTypeGroup":"bus","stopLat":-11.9707856,"stopLon":-77.0859602,"routeNames":"2204 2208 2209 2411 2805 8201 8214 IM18"},{"stopId":1467612,"stopName":"Canta Callao","stopTypeGroup":"bus","stopLat":-11.9707725,"stopLon":-77.0858958,"routeNames":"2208 2411 2805 8214"},{"stopId":1301609,"stopName":"Llata","stopTypeGroup":"bus","stopLat":-11.9706571,"stopLon":-77.0885003,"routeNames":"2209 8201"},{"stopId":1325325,"stopName":"Cerro Candela","stopTypeGroup":"bus","stopLat":-11.9705941,"stopLon":-77.1040034,"routeNames":"2204 2611"},{"stopId":817751,"stopName":"La Merced","stopTypeGroup":"bus","stopLat":-11.9705259,"stopLon":-77.057451,"routeNames":"1103 1201 1206 1208 1403 1404 1501-(Lima-Callao) 1508 1602 1610 1612 1618 1702 1706 2203 2208 7101 8112 AN06 AN07 CR12 CR15 CR17 CR34 CR43 CR51 CR62 CR65 CR69 CR84 ICR05 IM47 IO09 IO35b IO38b IO40 IO45 IPC06 NH26b OM39 SH112a"},{"stopId":1717887,"stopName":"Buena Vista","stopTypeGroup":"bus","stopLat":-11.9704843,"stopLon":-77.1193936,"routeNames":"IM21"},{"stopId":817682,"stopName":"La Merced","stopTypeGroup":"bus","stopLat":-11.9704262,"stopLon":-77.0575798,"routeNames":"1103 1201 1206 1208 1403 1404 1501-(Lima-Callao) 1508 1602 1610 1612 1618 1702 1706 2203 2208 7101 8112 AN06 AN07 CR12 CR15 CR17 CR34 CR43 CR51 CR62 CR65 CR69 CR84 ICR05 IM47 IO09 IO35b IO38b IO40 IO45 IPC06 NH26b OM39 SH112a"},{"stopId":1717892,"stopName":"Buena Vista","stopTypeGroup":"bus","stopLat":-11.9704191,"stopLon":-77.1196203,"routeNames":"IM21"},{"stopId":1040543,"stopName":"Marañón","stopTypeGroup":"bus","stopLat":-11.9701506,"stopLon":-77.0801915,"routeNames":"2205 2409 2411 2414 2701-(Lima-Callao) 4210-(Lima-Callao) 8212 8214 CR13 CR49 ICR15 IM26 IM57 OM21"},{"stopId":1677442,"stopName":"Real","stopTypeGroup":"bus","stopLat":-11.9700378,"stopLon":-77.0906836,"routeNames":"2204 2603"},{"stopId":1382963,"stopName":"Huandoy","stopTypeGroup":"bus","stopLat":-11.9699801,"stopLon":-77.0799011},{"stopId":1305069,"stopName":"Huandoy","stopTypeGroup":"bus","stopLat":-11.9699014,"stopLon":-77.0804375,"routeNames":"2411"},{"stopId":1040521,"stopName":"Marañón","stopTypeGroup":"bus","stopLat":-11.9696925,"stopLon":-77.0801738,"routeNames":"2205 2409 2414 2701-(Lima-Callao) 4210-(Lima-Callao) 8212 CR13 CR49 ICR15 IM26 IM57 OM21"},{"stopId":1301598,"stopName":"Terminal Sol de Oro","stopTypeGroup":"bus","stopLat":-11.9693976,"stopLon":-77.1067017,"routeNames":"2611 2805"},{"stopId":1325329,"stopName":"Terminal Sol de Oro","stopTypeGroup":"bus","stopLat":-11.9693215,"stopLon":-77.1067125,"routeNames":"2611 2805"},{"stopId":1388329,"stopName":"Santa Rosa","stopTypeGroup":"bus","stopLat":-11.9692559,"stopLon":-77.0922339,"routeNames":"4212 AN02"},{"stopId":1388335,"stopName":"Santa Rosa","stopTypeGroup":"bus","stopLat":-11.9691667,"stopLon":-77.0919871,"routeNames":"4212 AN02"},{"stopId":737470,"stopName":"Sologuren","stopTypeGroup":"bus","stopLat":-11.9690775,"stopLon":-77.0721549,"routeNames":"1502-(Lima-Callao) 2613 7103 8104 OM25 OM47-(Callao-Lima)"},{"stopId":1077414,"stopName":"Envasadora","stopTypeGroup":"bus","stopLat":-11.9689972,"stopLon":-77.1254072,"routeNames":"9305-(Lima-Callao) CR16 CR19 CR24 CR32 CR35 CR41 CR56 CR57 CR58 CR61 CR66 ICR15 IM06 IM12-(Lima-Callao) IM19 IM20 IM31 IO03 IO06 IO14-(Lima-Callao) IO28b IO32b IO37b-(Callao-Lima) IO55 IO71 IO75b OM10 OM23 OM34 OM42-(Callao-Lima) OM75-(Call"},{"stopId":1077350,"stopName":"Envasadora","stopTypeGroup":"bus","stopLat":-11.9687869,"stopLon":-77.1257363,"routeNames":"9305-(Lima-Callao) CR16 CR19 CR24 CR32 CR35 CR41 CR56 CR57 CR58 CR61 CR66 ICR15 IM06 IM12-(Lima-Callao) IM19 IM20 IM31 IO03 IO06 IO14-(Lima-Callao) IO28b IO32b IO37b-(Callao-Lima) IO55 IO71 IO75b OM10 OM23 OM34 OM42-(Callao-Lima) OM75-(Call"},{"stopId":1677444,"stopName":"Tantamayo","stopTypeGroup":"bus","stopLat":-11.9685816,"stopLon":-77.0890018,"routeNames":"2204 2603"},{"stopId":1019302,"stopName":"Tantamayo","stopTypeGroup":"bus","stopLat":-11.9685082,"stopLon":-77.088824,"routeNames":"2208 2209 2411 2805 8201 8214 IM18"},{"stopId":1046712,"stopName":"Pacasmayo","stopTypeGroup":"bus","stopLat":-11.968487482445303,"stopLon":-77.09676523558197},{"stopId":1926519,"stopName":"Mercado Virgen de La Puerta","stopTypeGroup":"bus","stopLat":-11.968485537202335,"stopLon":-77.09697309134755,"routeNames":"OM32"},{"stopId":1305068,"stopName":"Marañón","stopTypeGroup":"bus","stopLat":-11.9684792,"stopLon":-77.0837313,"routeNames":"2208 2411 2511-(Lima-Callao) 2805 IM18 IO89 OM22"},{"stopId":1019300,"stopName":"Jircán","stopTypeGroup":"bus","stopLat":-11.9684357,"stopLon":-77.0889914,"routeNames":"2204 2208 2209 2411 2603 2805 8201 8214 IM18"},{"stopId":1305075,"stopName":"Canta Callao","stopTypeGroup":"bus","stopLat":-11.9683166,"stopLon":-77.0832753,"routeNames":"2411 8214"},{"stopId":1046718,"stopName":"Mercado Virgen de la Puerta","stopTypeGroup":"bus","stopLat":-11.968290474106267,"stopLon":-77.09692042698364,"routeNames":"2204 2604 2611 OM23 OM32"},{"stopId":737454,"stopName":"Colegio Monserrat","stopTypeGroup":"bus","stopLat":-11.9682588,"stopLon":-77.0748693,"routeNames":"018p 1103 1502-(Lima-Callao) 1503 1504 1506 1513 1514 1518 1604 1611 1615 1703-(Lima-Callao) 1704 1901-(Lima-Callao) 2613 4204 7103 8104 IO44b OM25 OM32 OM47-(Callao-Lima) SH24a"},{"stopId":1325324,"stopName":"Algarrobos","stopTypeGroup":"bus","stopLat":-11.9679755,"stopLon":-77.1088797,"routeNames":"2611 2805"},{"stopId":739096,"stopName":"Colegio Monserrat","stopTypeGroup":"bus","stopLat":-11.9679597,"stopLon":-77.0750195,"routeNames":"018p 1103 1503 1504 1506 1513 1514 1518 1604 1611 1615 1703-(Lima-Callao) 1704 1901-(Lima-Callao) 4204 IO44b OM32 SH24a"},{"stopId":1325330,"stopName":"Algarrobos","stopTypeGroup":"bus","stopLat":-11.9679072,"stopLon":-77.1088099,"routeNames":"2611 2805"},{"stopId":1324397,"stopName":"Marañón","stopTypeGroup":"bus","stopLat":-11.967902,"stopLon":-77.0838225,"routeNames":"2208 2511-(Lima-Callao) IO89 OM22"},{"stopId":737469,"stopName":"Biondell","stopTypeGroup":"bus","stopLat":-11.9669994,"stopLon":-77.0701325,"routeNames":"1502-(Lima-Callao) 2613 7103 8104 OM25 OM47-(Callao-Lima)"},{"stopId":1040544,"stopName":"Calle 11","stopTypeGroup":"bus","stopLat":-11.9669231,"stopLon":-77.0787534,"routeNames":"2205 2409 2414 2701-(Lima-Callao) 4210-(Lima-Callao) 8212 CR13 CR49 ICR15 IM26 IM57 OM21"},{"stopId":1040520,"stopName":"Calle 11","stopTypeGroup":"bus","stopLat":-11.9667132,"stopLon":-77.0788201,"routeNames":"2205 2409 2414 2701-(Lima-Callao) 4210-(Lima-Callao) 8212 CR13 CR49 ICR15 IM26 IM57 OM21"},{"stopId":1926530,"stopName":"Naranjal","stopTypeGroup":"bus","stopLat":-11.966713085152659,"stopLon":-77.09478923679627,"routeNames":"OM32"},{"stopId":1388337,"stopName":"Pacasmayo","stopTypeGroup":"bus","stopLat":-11.9666373,"stopLon":-77.0943153,"routeNames":"4212 AN02"},{"stopId":1309374,"stopName":"Nogales","stopTypeGroup":"bus","stopLat":-11.9666268,"stopLon":-77.1102905,"routeNames":"2805 8211"},{"stopId":737724,"stopName":"Tres Postes","stopTypeGroup":"bus","stopLat":-11.966611,"stopLon":-77.067681,"routeNames":"1213 1217 1308 1411 1412 1505 1607 1608 1701 1801-(Lima-Callao) 1802 1804 2511-(Lima-Callao) 8102 8105 8107 8108 8109 8110 8111 8209 8211 9307-(Callao-Lima) 9401-(Lima-Callao) 9601-(Lima-Callao) 9602-(Lima-Callao) 9801-(Lima-Callao) AN0"},{"stopId":1387955,"stopName":"Pacasmayo","stopTypeGroup":"bus","stopLat":-11.9665061,"stopLon":-77.094841,"routeNames":"4212 AN02"},{"stopId":1309375,"stopName":"Nogales","stopTypeGroup":"bus","stopLat":-11.9664798,"stopLon":-77.1102369,"routeNames":"2805 8211"},{"stopId":1926924,"stopName":"Naranjal","stopTypeGroup":"bus","stopLat":-11.966338651658447,"stopLon":-77.09442365171981,"routeNames":"OM32"},{"stopId":1301596,"stopName":"El Sol de Naranjal","stopTypeGroup":"bus","stopLat":-11.9661649,"stopLon":-77.1042502,"routeNames":"2204 2805"},{"stopId":737468,"stopName":"Tres Postes","stopTypeGroup":"bus","stopLat":-11.9661335,"stopLon":-77.0679009,"routeNames":"1213 1217 1308 1411 1412 1502-(Lima-Callao) 1505 1607 1608 1701 1801-(Lima-Callao) 1802 1804 2511-(Lima-Callao) 2613 7103 8102 8104 8105 8107 8108 8109 8110 8111 8209 8211 9307-(Callao-Lima) 9401-(Lima-Callao) 9601-(Lima-Callao) 9602-(Lim"},{"stopId":1467261,"stopName":"Paramonga","stopTypeGroup":"bus","stopLat":-11.9659786,"stopLon":-77.1043226,"routeNames":"2209 8201"},{"stopId":1301597,"stopName":"El Sol de Naranjal","stopTypeGroup":"bus","stopLat":-11.9659235,"stopLon":-77.1041805,"routeNames":"2204 2209 2805 8201"},{"stopId":737456,"stopName":"Colegio Humboldt","stopTypeGroup":"bus","stopLat":-11.9657189,"stopLon":-77.0736945,"routeNames":"018p 1103 1502-(Lima-Callao) 1503 1504 1506 1513 1514 1518 1604 1611 1615 1703-(Lima-Callao) 1704 1901-(Lima-Callao) 2613 4204 7103 8104 IO44b OM25 OM32 OM47-(Callao-Lima) SH24a"},{"stopId":739095,"stopName":"Colegio Humboldt","stopTypeGroup":"bus","stopLat":-11.9653358,"stopLon":-77.0736945,"routeNames":"018p 1103 1503 1504 1506 1513 1514 1518 1604 1611 1615 1703-(Lima-Callao) 1704 1901-(Lima-Callao) 4204 IO44b OM32 SH24a"},{"stopId":1301607,"stopName":"Alipio Ponce Vásquez","stopTypeGroup":"bus","stopLat":-11.9650209,"stopLon":-77.0917243,"routeNames":"2204 2208 2209 2411 2603 2805 8201 8214 IM18"},{"stopId":1479592,"stopName":"Alipio Ponce Vásquez","stopTypeGroup":"bus","stopLat":-11.9649474,"stopLon":-77.0918664,"routeNames":"2204 2208 2209 2411 2603 2805 8201 8214"},{"stopId":1926513,"stopName":"Santa Cecilia de Naranjal","stopTypeGroup":"bus","stopLat":-11.964682426047991,"stopLon":-77.09221673009326,"routeNames":"OM32"},{"stopId":1926923,"stopName":"Santa Cecilia de Naranjal","stopTypeGroup":"bus","stopLat":-11.96462050105123,"stopLon":-77.09226018191204,"routeNames":"OM32"},{"stopId":1309372,"stopName":"El Sol de Naranjal","stopTypeGroup":"bus","stopLat":-11.9643387,"stopLon":-77.1065676,"routeNames":"2611 8211"},{"stopId":739166,"stopName":"Santa Elvira","stopTypeGroup":"bus","stopLat":-11.9641813,"stopLon":-77.0720154,"routeNames":"018p 1103 1502-(Lima-Callao) 1503 1504 1506 1513 1514 1518 1604 1611 1615 1703-(Lima-Callao) 1704 1901-(Lima-Callao) 2613 4204 7103 8104 IO44b OM25 OM32 OM47-(Callao-Lima) SH24a"},{"stopId":1958846,"stopName":"Central","stopTypeGroup":"bus","stopLat":-11.964002824847396,"stopLon":-77.09684193134309,"routeNames":"4212 AN02"},{"stopId":1040545,"stopName":"Avenida A","stopTypeGroup":"bus","stopLat":-11.963981,"stopLon":-77.0774499,"routeNames":"2205 2409 2414 2701-(Lima-Callao) 4210-(Lima-Callao) 8212 CR13 CR49 ICR15 IM26 IM57 OM21"},{"stopId":1958848,"stopName":"Central","stopTypeGroup":"bus","stopLat":-11.963931978291882,"stopLon":-77.09708869457246,"routeNames":"4212 AN02"},{"stopId":1313787,"stopName":"Próceres de Huandoy","stopTypeGroup":"bus","stopLat":-11.9637719,"stopLon":-77.077632,"routeNames":"4210-(Lima-Callao) 8212 IM57"},{"stopId":1301599,"stopName":"El Sause","stopTypeGroup":"bus","stopLat":-11.963625,"stopLon":-77.1020937,"routeNames":"2204 2209 2805 8201"},{"stopId":1040519,"stopName":"Avenida A","stopTypeGroup":"bus","stopLat":-11.9636032,"stopLon":-77.0774206,"routeNames":"2205 2409 2414 2701-(Lima-Callao) CR13 CR49 ICR15 IM26 OM21"},{"stopId":793453,"stopName":"Universitaria","stopTypeGroup":"bus","stopLat":-11.9635672,"stopLon":-77.0720154,"routeNames":"4204 AN13 IO38b"},{"stopId":739094,"stopName":"Universitaria","stopTypeGroup":"bus","stopLat":-11.96352,"stopLon":-77.0714521,"routeNames":"018p 1103 1503 1504 1506 1513 1514 1518 1604 1611 1615 1703-(Lima-Callao) 1704 1901-(Lima-Callao) AN13 IO38b IO44b OM32 SH24a"},{"stopId":1301600,"stopName":"El Sause","stopTypeGroup":"bus","stopLat":-11.9634465,"stopLon":-77.1020079,"routeNames":"2204 2209 2805 8201"},{"stopId":1077415,"stopName":"Cementerio de Oquendo","stopTypeGroup":"bus","stopLat":-11.9631855,"stopLon":-77.1269587,"routeNames":"9305-(Lima-Callao) CR16 CR19 CR24 CR32 CR35 CR41 CR56 CR57 CR58 CR61 CR66 ICR15 IM06 IM12-(Lima-Callao) IM19 IM20 IM31 IO03 IO06 IO14-(Lima-Callao) IO28b IO32b IO37b-(Callao-Lima) IO55 IO71 IO75b OM10 OM23 OM34 OM42-(Callao-Lima) OM75-(Call"},{"stopId":1077348,"stopName":"Cementerio de Oquendo","stopTypeGroup":"bus","stopLat":-11.962938,"stopLon":-77.1273261,"routeNames":"9305-(Lima-Callao) CR16 CR19 CR24 CR32 CR35 CR41 CR56 CR57 CR58 CR61 CR66 ICR15 IM06 IM12-(Lima-Callao) IM19 IM20 IM31 IO03 IO06 IO14-(Lima-Callao) IO28b IO32b IO37b-(Callao-Lima) IO55 IO71 IO75b OM10 OM23 OM34 OM42-(Callao-Lima) OM75-(Call"},{"stopId":1809639,"stopName":"Universidad","stopTypeGroup":"bus","stopLat":-11.9627932,"stopLon":-77.0623246,"routeNames":"B EX11"},{"stopId":1325304,"stopName":"San Nicolás","stopTypeGroup":"bus","stopLat":-11.9626444,"stopLon":-77.1079199,"routeNames":"2209 2611 8201"},{"stopId":1303483,"stopName":"Huertos de Naranjal","stopTypeGroup":"bus","stopLat":-11.9624599,"stopLon":-77.0836616,"routeNames":"2208 2511-(Lima-Callao) IO89 OM22"},{"stopId":1301606,"stopName":"Vipol","stopTypeGroup":"bus","stopLat":-11.9623182,"stopLon":-77.093972,"routeNames":"2204 2208 2209 2411 2603 2805 8201 8214 IM18 OM32"},{"stopId":1496693,"stopName":"Vipol","stopTypeGroup":"bus","stopLat":-11.9622401,"stopLon":-77.0941104,"routeNames":"2203 2204 2208 2209 2603 2805 8201 8214"},{"stopId":1313785,"stopName":"Avenida B","stopTypeGroup":"bus","stopLat":-11.962208,"stopLon":-77.0813978,"routeNames":"4210-(Lima-Callao) 8212 IM57 IO38b"},{"stopId":1305067,"stopName":"Vipol","stopTypeGroup":"bus","stopLat":-11.962187,"stopLon":-77.093972,"routeNames":"2203 2411 OM32"},{"stopId":1313786,"stopName":"Avenida B","stopTypeGroup":"bus","stopLat":-11.9621818,"stopLon":-77.081033,"routeNames":"4210-(Lima-Callao) 8212 IM57"},{"stopId":1313784,"stopName":"Periférica Meléndez Loayza","stopTypeGroup":"bus","stopLat":-11.9621083,"stopLon":-77.0857537,"routeNames":"4210-(Lima-Callao) IM57"},{"stopId":1303484,"stopName":"Huertos de Naranjal","stopTypeGroup":"bus","stopLat":-11.9620926,"stopLon":-77.0839673,"routeNames":"2208 2511-(Lima-Callao) 4210-(Lima-Callao) IO38b IO89 OM22"},{"stopId":739169,"stopName":"UCH","stopTypeGroup":"bus","stopLat":-11.9620663,"stopLon":-77.0649022,"routeNames":"018p 1103 1503 1504 1506 1513 1514 1518 1604 1611 1615 1704 8102 8105 IO44b SH24a"},{"stopId":739093,"stopName":"UCH","stopTypeGroup":"bus","stopLat":-11.9619824,"stopLon":-77.0656908,"routeNames":"018p 1103 1503 1504 1506 1513 1514 1518 1604 1611 1615 1704 8102 8105 IO38b IO44b SH24a"},{"stopId":1313783,"stopName":"Huertos de Naranjal","stopTypeGroup":"bus","stopLat":-11.9619614,"stopLon":-77.0843214,"routeNames":"4210-(Lima-Callao) 8212 IM57"},{"stopId":1915781,"stopName":"La Plata","stopTypeGroup":"bus","stopLat":-11.961475165732763,"stopLon":-77.08832886814663,"routeNames":"8212"},{"stopId":1301601,"stopName":"Naranjal","stopTypeGroup":"bus","stopLat":-11.9614313,"stopLon":-77.099508,"routeNames":"2204 2209 2805 8201"},{"stopId":1914937,"stopName":"Parque Los Jazmines","stopTypeGroup":"bus","stopLat":-11.961414027160881,"stopLon":-77.08813548088075,"routeNames":"8212"},{"stopId":1958847,"stopName":"Paramonga","stopTypeGroup":"bus","stopLat":-11.96126865912909,"stopLon":-77.09920495748521,"routeNames":"4212 AN02"},{"stopId":1644492,"stopName":"Cerro Pan de Azúcar","stopTypeGroup":"bus","stopLat":-11.9611165,"stopLon":-77.1134645,"routeNames":"2611"},{"stopId":1301602,"stopName":"Naranjal","stopTypeGroup":"bus","stopLat":-11.9610325,"stopLon":-77.0991486,"routeNames":"2204 2209 2805 8201"},{"stopId":1740810,"stopName":"Óvalo Metropolitana","stopTypeGroup":"bus","stopLat":-11.9608751,"stopLon":-77.0628852,"routeNames":"018p IO38b SH24a"},{"stopId":739172,"stopName":"Arcoíris","stopTypeGroup":"bus","stopLat":-11.9607718,"stopLon":-77.061416,"routeNames":"1103 1503 1504 1506 1513 1514 1518 1604 1611 1615 1704 8102 8105 IO44b"},{"stopId":1309373,"stopName":"Los Pinos","stopTypeGroup":"bus","stopLat":-11.9607544,"stopLon":-77.1047491,"routeNames":"8211"},{"stopId":2061655,"stopName":"Los Jazmines","stopTypeGroup":"bus","stopLat":-11.96064494007013,"stopLon":-77.09204667805808},{"stopId":739091,"stopName":"El Parral","stopTypeGroup":"bus","stopLat":-11.9604106,"stopLon":-77.0614535,"routeNames":"1103 1503 1504 1506 1513 1514 1518 1604 1611 1615 1704 8102 8105 IO44b"},{"stopId":1914936,"stopName":"San Miguel Arcángel","stopTypeGroup":"bus","stopLat":-11.960361550217941,"stopLon":-77.08645480873658,"routeNames":"8212"},{"stopId":1040546,"stopName":"Central","stopTypeGroup":"bus","stopLat":-11.9595259,"stopLon":-77.0759178,"routeNames":"2205 2409 2414 2701-(Lima-Callao) CR13 CR49 ICR15 IM26 OM21"},{"stopId":793424,"stopName":"Santa Elvira","stopTypeGroup":"bus","stopLat":-11.9594581,"stopLon":-77.0729059,"routeNames":"4204 AN13 IO38b"},{"stopId":1301603,"stopName":"Tantamayo","stopTypeGroup":"bus","stopLat":-11.9594161,"stopLon":-77.0971155,"routeNames":"2204 2209 2805 8201"},{"stopId":1077416,"stopName":"Brisas de Oquendo","stopTypeGroup":"bus","stopLat":-11.959407,"stopLon":-77.1282032,"routeNames":"9305-(Lima-Callao) CR16 CR19 CR24 CR32 CR35 CR41 CR56 CR57 CR58 CR61 CR66 ICR15 IM06 IM12-(Lima-Callao) IM19 IM20 IM31 IO03 IO06 IO14-(Lima-Callao) IO28b IO32b IO37b-(Callao-Lima) IO55 IO71 IO75b OM10 OM23 OM34 OM42-(Callao-Lima) OM75-(Call"},{"stopId":1644968,"stopName":"Josefina","stopTypeGroup":"bus","stopLat":-11.9593846,"stopLon":-77.111299,"routeNames":"2611"},{"stopId":793452,"stopName":"Santa Elvira","stopTypeGroup":"bus","stopLat":-11.9593794,"stopLon":-77.0731527,"routeNames":"4204 AN13 IO38b"},{"stopId":1040518,"stopName":"Huandoy","stopTypeGroup":"bus","stopLat":-11.9593582,"stopLon":-77.0761567,"routeNames":"2205 2409 2414 CR13 CR49 ICR15 IO38b"},{"stopId":793425,"stopName":"Huandoy","stopTypeGroup":"bus","stopLat":-11.9593217,"stopLon":-77.0757651,"routeNames":"4204 AN13 IO38b"},{"stopId":1496695,"stopName":"Paramonga","stopTypeGroup":"bus","stopLat":-11.9593059,"stopLon":-77.0969288,"routeNames":"2203 2204 2208 2209 2603 2805 8201 8214"},{"stopId":2061783,"stopName":"Ricardo Palma","stopTypeGroup":"bus","stopLat":-11.9592815173454,"stopLon":-77.09037673470903},{"stopId":793461,"stopName":"Villasol","stopTypeGroup":"bus","stopLat":-11.9592797,"stopLon":-77.0689389,"routeNames":"1213 1217 1308 1411 1412 1502-(Lima-Callao) 1505 1607 1608 1701 1703-(Lima-Callao) 1801-(Lima-Callao) 1802 1804 1901-(Lima-Callao) 2511-(Lima-Callao) 2613 7103 8104 8107 8108 8109 8110 8111 8209 8211 9307-(Callao-Lima) 9401-(Lima-Callao"},{"stopId":737459,"stopName":"Villasol","stopTypeGroup":"bus","stopLat":-11.9592797,"stopLon":-77.0688182,"routeNames":"1213 1217 1308 1411 1412 1502-(Lima-Callao) 1505 1607 1608 1701 1703-(Lima-Callao) 1801-(Lima-Callao) 1802 1804 1901-(Lima-Callao) 2511-(Lima-Callao) 2613 7103 8104 8107 8108 8109 8110 8111 8209 8211 9307-(Callao-Lima) 9401-(Lima-Callao"},{"stopId":1308428,"stopName":"San Nicolás","stopTypeGroup":"bus","stopLat":-11.959269207689996,"stopLon":-77.10423949325407,"routeNames":"2603 8211 8214"},{"stopId":1914938,"stopName":"Central","stopTypeGroup":"bus","stopLat":-11.959242682213484,"stopLon":-77.0901750325993,"routeNames":"8212"},{"stopId":1308432,"stopName":"Paramonga","stopTypeGroup":"bus","stopLat":-11.9591905,"stopLon":-77.0971423,"routeNames":"2203 2208 2603 8214 IM18"},{"stopId":1325303,"stopName":"Josefina","stopTypeGroup":"bus","stopLat":-11.9591852,"stopLon":-77.1113527,"routeNames":"2209 2603 8201"},{"stopId":793451,"stopName":"Central","stopTypeGroup":"bus","stopLat":-11.9591117,"stopLon":-77.0760119,"routeNames":"2701-(Lima-Callao) 4204 AN13 IM26 OM21"},{"stopId":1305066,"stopName":"Ricardo Palma","stopTypeGroup":"bus","stopLat":-11.9590855,"stopLon":-77.090131,"routeNames":"2203 2411 8212 OM32"},{"stopId":2061059,"stopName":"San Nicolás","stopTypeGroup":"bus","stopLat":-11.959006785215118,"stopLon":-77.10419654846193},{"stopId":1077346,"stopName":"Brisas de Oquendo","stopTypeGroup":"bus","stopLat":-11.9589917,"stopLon":-77.1286192,"routeNames":"9305-(Lima-Callao) CR16 CR19 CR24 CR32 CR35 CR41 CR56 CR57 CR58 CR61 CR66 ICR15 IM06 IM12-(Lima-Callao) IM19 IM20 IM31 IO03 IO06 IO14-(Lima-Callao) IO28b IO32b IO37b-(Callao-Lima) IO55 IO71 IO75b OM10 OM23 OM34 OM42-(Callao-Lima) OM75-(Call"},{"stopId":1769524,"stopName":"Parque San Nicolás","stopTypeGroup":"bus","stopLat":-11.9584426,"stopLon":-77.1064577,"routeNames":"8214"},{"stopId":1308429,"stopName":"Cipreses","stopTypeGroup":"bus","stopLat":-11.958224828225442,"stopLon":-77.10310216812286,"routeNames":"2603 8211 8214"},{"stopId":2061058,"stopName":"Los Cipreses","stopTypeGroup":"bus","stopLat":-11.957978177364575,"stopLon":-77.1030217409134},{"stopId":1040547,"stopName":"Betancourt","stopTypeGroup":"bus","stopLat":-11.9577332,"stopLon":-77.0790622,"routeNames":"2205 2409 2414 CR13 CR49 ICR15 IO38b"},{"stopId":1040517,"stopName":"Betancourt","stopTypeGroup":"bus","stopLat":-11.9576953,"stopLon":-77.0793759,"routeNames":"2203 2205 2409 2414 CR13 CR49 ICR15"},{"stopId":1312231,"stopName":"Central","stopTypeGroup":"bus","stopLat":-11.9574376,"stopLon":-77.0793164,"routeNames":"2203"},{"stopId":1496694,"stopName":"Las Violetas","stopTypeGroup":"bus","stopLat":-11.9573746,"stopLon":-77.0988987,"routeNames":"2203 2208 2409 2603 8214"},{"stopId":1308431,"stopName":"Las Violetas","stopTypeGroup":"bus","stopLat":-11.9573537,"stopLon":-77.0990306,"routeNames":"2203 2208 2409 2603 8214 IM18"},{"stopId":1305065,"stopName":"Mercado Fátima","stopTypeGroup":"bus","stopLat":-11.9573327,"stopLon":-77.088224,"routeNames":"2203 2411 OM32"},{"stopId":1325302,"stopName":"Pan de Azúcar","stopTypeGroup":"bus","stopLat":-11.956577,"stopLon":-77.1134287,"routeNames":"2209 2603 8201"},{"stopId":1322369,"stopName":"San Andrés","stopTypeGroup":"bus","stopLat":-11.9563487,"stopLon":-77.0667583,"routeNames":"1217 IO38b"},{"stopId":1040548,"stopName":"Holanda","stopTypeGroup":"bus","stopLat":-11.9560066,"stopLon":-77.0818517,"routeNames":"2203 2205 2409 2414 CR13 CR49 ICR15"},{"stopId":1302738,"stopName":"Los Sauces","stopTypeGroup":"bus","stopLat":-11.9559997,"stopLon":-77.0884949,"routeNames":"2409 2411 4204"},{"stopId":1040516,"stopName":"Holanda","stopTypeGroup":"bus","stopLat":-11.9559054,"stopLon":-77.0822234,"routeNames":"2203 2205 2208 2409 2414 CR13 CR49 ICR15"},{"stopId":1308430,"stopName":"Tantamayo","stopTypeGroup":"bus","stopLat":-11.9559,"stopLon":-77.1008062,"routeNames":"2603 8211 8214"},{"stopId":1201637,"stopName":"Metropolitana","stopTypeGroup":"bus","stopLat":-11.9558796,"stopLon":-77.0642093,"routeNames":"1217 IO38b"},{"stopId":1740814,"stopName":"México","stopTypeGroup":"bus","stopLat":-11.955858,"stopLon":-77.0637703,"routeNames":"018p SH24a"},{"stopId":1305063,"stopName":"Quebrada Chuquitanta","stopTypeGroup":"bus","stopLat":-11.955795,"stopLon":-77.094723,"routeNames":"2409 2411"},{"stopId":1471121,"stopName":"Central","stopTypeGroup":"bus","stopLat":-11.9557924,"stopLon":-77.0820147,"routeNames":"2208"},{"stopId":1305064,"stopName":"Paramonga","stopTypeGroup":"bus","stopLat":-11.95569,"stopLon":-77.0907962,"routeNames":"2409 2701-(Lima-Callao)"},{"stopId":739173,"stopName":"México","stopTypeGroup":"bus","stopLat":-11.9555994,"stopLon":-77.0597896,"routeNames":"1103 1503 1504 1506 1513 1514 1518 1604 1611 1615 1704 8102 8105 IO44b"},{"stopId":1740815,"stopName":"México","stopTypeGroup":"bus","stopLat":-11.9555615,"stopLon":-77.0640332,"routeNames":"018p SH24a"},{"stopId":1302815,"stopName":"Avenida Chuquitanta","stopTypeGroup":"bus","stopLat":-11.9552177,"stopLon":-77.0939854,"routeNames":"2701-(Lima-Callao) 4204"},{"stopId":1471119,"stopName":"Calle 22","stopTypeGroup":"bus","stopLat":-11.9551836,"stopLon":-77.0810142,"routeNames":"2208"},{"stopId":1303486,"stopName":"Central","stopTypeGroup":"bus","stopLat":-11.9551757,"stopLon":-77.0847505,"routeNames":"2208 2511-(Lima-Callao) IO38b IO89 OM22"},{"stopId":739090,"stopName":"México","stopTypeGroup":"bus","stopLat":-11.9551337,"stopLon":-77.0600367,"routeNames":"1103 1503 1504 1506 1513 1514 1518 1604 1611 1615 1704 8102 8105 IO44b"},{"stopId":1308925,"stopName":"Los Cedros","stopTypeGroup":"bus","stopLat":-11.9551285,"stopLon":-77.0986873,"routeNames":"2203 2409 8211 IM18"},{"stopId":1312228,"stopName":"Holanda","stopTypeGroup":"bus","stopLat":-11.9550918,"stopLon":-77.0795846,"routeNames":"2203"},{"stopId":1471120,"stopName":"Calle 22","stopTypeGroup":"bus","stopLat":-11.9550603,"stopLon":-77.080974,"routeNames":"2208"},{"stopId":1302739,"stopName":"Canta Callao","stopTypeGroup":"bus","stopLat":-11.955034,"stopLon":-77.0853621,"routeNames":"2203 2409 4204 OM32"},{"stopId":2064191,"stopName":"Las Vegas","stopTypeGroup":"bus","stopLat":-11.95499729170939,"stopLon":-77.05991864204408},{"stopId":1471118,"stopName":"Rómulo Betancourt","stopTypeGroup":"bus","stopLat":-11.9549947,"stopLon":-77.0797858,"routeNames":"2208"},{"stopId":1040515,"stopName":"Canta Callao","stopTypeGroup":"bus","stopLat":-11.9549029,"stopLon":-77.0845745,"routeNames":"2203 2205 2208 2409 2414 CR13 CR49 ICR15"},{"stopId":1312229,"stopName":"Holanda","stopTypeGroup":"bus","stopLat":-11.9547349,"stopLon":-77.0797402,"routeNames":"2203 2208"},{"stopId":1300323,"stopName":"Central","stopTypeGroup":"bus","stopLat":-11.9547244,"stopLon":-77.0851099,"routeNames":"2511-(Lima-Callao) 4204 CR49 ICR15 IO38b IO89 OM22 OM32"},{"stopId":793428,"stopName":"Holanda","stopTypeGroup":"bus","stopLat":-11.9545984,"stopLon":-77.0758349,"routeNames":"2701-(Lima-Callao) 4204 AN13 IM26"},{"stopId":1522010,"stopName":"Las Rosas","stopTypeGroup":"bus","stopLat":-11.9545486,"stopLon":-77.1027106,"routeNames":"2409"},{"stopId":1309246,"stopName":"Rosal de San Diego","stopTypeGroup":"bus","stopLat":-11.954525,"stopLon":-77.0890903,"routeNames":"2701-(Lima-Callao)"},{"stopId":1644514,"stopName":"Las Rosas","stopTypeGroup":"bus","stopLat":-11.9542862,"stopLon":-77.1026006,"routeNames":"2409"},{"stopId":793450,"stopName":"Holanda","stopTypeGroup":"bus","stopLat":-11.9541524,"stopLon":-77.076087,"routeNames":"2701-(Lima-Callao) 4204 AN13 IM26"},{"stopId":1308926,"stopName":"San Ignacio","stopTypeGroup":"bus","stopLat":-11.9535278,"stopLon":-77.0968044,"routeNames":"8211 IO09"}]