[{"stopId":1301618,"stopName":"Revolución","stopTypeGroup":"bus","stopLat":-12.2393705,"stopLon":-76.9208863,"routeNames":"2805"},{"stopId":828158,"stopName":"Forestal","stopTypeGroup":"bus","stopLat":-12.2393234,"stopLon":-76.9284797,"routeNames":"1801-(Lima-Callao) 8108 8513 8723 8892"},{"stopId":828159,"stopName":"Las Lomas","stopTypeGroup":"bus","stopLat":-12.2393103,"stopLon":-76.9206208,"routeNames":"8111 8201 8212 8611 8612 8613 8619 8621 8802 9801-(Lima-Callao) OM19 OM21 OM37 SH24"},{"stopId":1312600,"stopName":"200 Millas","stopTypeGroup":"bus","stopLat":-12.2392395,"stopLon":-76.9386399,"routeNames":"8892"},{"stopId":828151,"stopName":"Las Lomas","stopTypeGroup":"bus","stopLat":-12.2391451,"stopLon":-76.9209266,"routeNames":"2805 8111 8201 8212 8611 8612 8613 8619 8621 8802 9801-(Lima-Callao) OM19 OM21 OM37 SH24"},{"stopId":739333,"stopName":"Universitaria","stopTypeGroup":"bus","stopLat":-12.239077,"stopLon":-76.9279486,"routeNames":"1801-(Lima-Callao) 8108 8513 8723 8892 9801-(Lima-Callao)"},{"stopId":1312601,"stopName":"Agroindustrial","stopTypeGroup":"bus","stopLat":-12.2390508,"stopLon":-76.9384038,"routeNames":"8892"},{"stopId":2060994,"stopName":"Universitaria","stopTypeGroup":"bus","stopLat":-12.238772904302756,"stopLon":-76.92839920520784},{"stopId":737624,"stopName":"Los Incas","stopTypeGroup":"bus","stopLat":-12.2386405,"stopLon":-76.9125259,"routeNames":"1801-(Lima-Callao) 1802 8108 8109 8110 8111 8201 8212 8214 8306 8503 8612 8701 8702 8711 8714 8715 8723 IO06 NH25 NH27p OM19 OM21 OM37"},{"stopId":1543946,"stopName":"Rinconada Alta","stopTypeGroup":"bus","stopLat":-12.2385553,"stopLon":-76.8668908,"routeNames":"8505 8618 8701 8718"},{"stopId":1466952,"stopName":"Avenida 3","stopTypeGroup":"bus","stopLat":-12.2384846,"stopLon":-76.9306388,"routeNames":"1801-(Lima-Callao) 8108 8513 8892"},{"stopId":1300817,"stopName":"Rinconada Alta","stopTypeGroup":"bus","stopLat":-12.2384531,"stopLon":-76.8669391,"routeNames":"8401 8505 8618 8701 8718"},{"stopId":1330790,"stopName":"Mercado Mensajero de la Paz","stopTypeGroup":"bus","stopLat":-12.2384059,"stopLon":-76.913749,"routeNames":"1802 8109 8214 8306 8503 IO06"},{"stopId":737627,"stopName":"Los Incas","stopTypeGroup":"bus","stopLat":-12.2382906,"stopLon":-76.9126385,"routeNames":"1801-(Lima-Callao) 1802 8108 8109 8110 8111 8201 8212 8214 8306 8503 8612 8701 8702 8711 8714 8715 8723 IO06 NH25 NH27p OM19 OM21 OM37"},{"stopId":1312607,"stopName":"Óvalo de Oasis","stopTypeGroup":"bus","stopLat":-12.238212,"stopLon":-76.9372129,"routeNames":"8892"},{"stopId":1312602,"stopName":"Calle 13","stopTypeGroup":"bus","stopLat":-12.2378057,"stopLon":-76.9413087,"routeNames":"8892"},{"stopId":1312599,"stopName":"Calle 13","stopTypeGroup":"bus","stopLat":-12.2377716,"stopLon":-76.9415581,"routeNames":"8892"},{"stopId":739320,"stopName":"Óvalo de Oasis","stopTypeGroup":"bus","stopLat":-12.2376353,"stopLon":-76.9376528,"routeNames":"1061 3813 3814 8107 8108 8302 8513 8718 8723"},{"stopId":739336,"stopName":"Óvalo de Oasis","stopTypeGroup":"bus","stopLat":-12.2374623,"stopLon":-76.9372183,"routeNames":"3814 8107 8108 8513 8718 8723 8892"},{"stopId":793547,"stopName":"Touring 2","stopTypeGroup":"bus","stopLat":-12.237301,"stopLon":-76.9540063,"routeNames":"1058 8308 8406 8504 8505 8508 8510 8511 8618"},{"stopId":793611,"stopName":"Touring 2","stopTypeGroup":"bus","stopLat":-12.2372328,"stopLon":-76.9538024,"routeNames":"1058 8308 8406 8504 8505 8508 8510 8511 8618"},{"stopId":1466951,"stopName":"Avenida 2","stopTypeGroup":"bus","stopLat":-12.236862,"stopLon":-76.9329,"routeNames":"1801-(Lima-Callao) 8108 8513 8892"},{"stopId":739319,"stopName":"2do de Oasis","stopTypeGroup":"bus","stopLat":-12.2366916,"stopLon":-76.9390208,"routeNames":"1061 3813 3814 8107 8108 8302 8513 8718 8723"},{"stopId":739337,"stopName":"2do de Oasis","stopTypeGroup":"bus","stopLat":-12.2366759,"stopLon":-76.9387686,"routeNames":"1061 3813 3814 8107 8108 8302 8513 8718 8723"},{"stopId":739313,"stopName":"Calle C","stopTypeGroup":"bus","stopLat":-12.2364819,"stopLon":-76.9359684,"routeNames":"8107 8108 8513 8718 8723 8892"},{"stopId":737628,"stopName":"Las Lomas","stopTypeGroup":"bus","stopLat":-12.2362093,"stopLon":-76.9158143,"routeNames":"1802 8109 8214 8306 8503 8720 IO06"},{"stopId":737621,"stopName":"Las Lomas","stopTypeGroup":"bus","stopLat":-12.2361621,"stopLon":-76.9165224,"routeNames":"1802 8109 8214 8306 8503 8720 IO06"},{"stopId":828160,"stopName":"Universitaria","stopTypeGroup":"bus","stopLat":-12.2361202,"stopLon":-76.9229972,"routeNames":"2805 8111 8201 8212 8611 8612 8613 8619 8621 8802 9801-(Lima-Callao) OM19 OM21 OM37 SH24"},{"stopId":1050593,"stopName":"Calle E","stopTypeGroup":"bus","stopLat":-12.2360553,"stopLon":-76.9362053,"routeNames":"8107 8108 8513 8718 8723"},{"stopId":828150,"stopName":"Universitaria","stopTypeGroup":"bus","stopLat":-12.235879,"stopLon":-76.9232762,"routeNames":"2805 8111 8201 8212 8611 8612 8613 8619 8621 8802 9801-(Lima-Callao) OM19 OM21 OM37 SH24"},{"stopId":739318,"stopName":"1ro de Oasis","stopTypeGroup":"bus","stopLat":-12.235575,"stopLon":-76.9405174,"routeNames":"1061 3813 3814 8107 8108 8302 8513 8718 8723"},{"stopId":739338,"stopName":"1ro de Oasis","stopTypeGroup":"bus","stopLat":-12.2355697,"stopLon":-76.9402653,"routeNames":"1061 3813 3814 8107 8108 8302 8513 8718 8723"},{"stopId":1543945,"stopName":"USIL Pachacamac","stopTypeGroup":"bus","stopLat":-12.2352919,"stopLon":-76.8655577,"routeNames":"8505 8618 8701 8718"},{"stopId":1300818,"stopName":"USIL Pachacamac","stopTypeGroup":"bus","stopLat":-12.2351713,"stopLon":-76.8655872,"routeNames":"8401 8505 8618 8701 8718"},{"stopId":737625,"stopName":"Terminal Los Chinos","stopTypeGroup":"bus","stopLat":-12.2350533,"stopLon":-76.9115871,"routeNames":"1801-(Lima-Callao) 1802 8108 8109 8110 8111 8201 8212 8214 8306 8503 8612 8701 8702 8711 8714 8715 IO06 NH25 NH27p OM19 OM21 OM37"},{"stopId":1312603,"stopName":"Talara","stopTypeGroup":"bus","stopLat":-12.2349721,"stopLon":-76.9441974,"routeNames":"8892"},{"stopId":737626,"stopName":"Terminal Los Chinos","stopTypeGroup":"bus","stopLat":-12.234862,"stopLon":-76.9115871,"routeNames":"1801-(Lima-Callao) 1802 8108 8109 8110 8111 8201 8212 8214 8306 8503 8612 8701 8702 8711 8714 8715 IO06 NH25 NH27p OM19 OM21 OM37"},{"stopId":1312570,"stopName":"Talara","stopTypeGroup":"bus","stopLat":-12.2346261,"stopLon":-76.944648,"routeNames":"8892"},{"stopId":1308777,"stopName":"Pastor Sevilla","stopTypeGroup":"bus","stopLat":-12.2346051,"stopLon":-76.9346327,"routeNames":"1801-(Lima-Callao) 8107"},{"stopId":2060987,"stopName":"200 Millas","stopTypeGroup":"bus","stopLat":-12.234332470247383,"stopLon":-76.93419277668},{"stopId":1009326,"stopName":"200 Millas","stopTypeGroup":"bus","stopLat":-12.2341403,"stopLon":-76.9349495,"routeNames":"1801-(Lima-Callao) 8107 8111"},{"stopId":1300819,"stopName":"Rinconada de Puruhuay","stopTypeGroup":"bus","stopLat":-12.2338921,"stopLon":-76.8649864,"routeNames":"8401 8505 8618 8701 8718"},{"stopId":1543944,"stopName":"Rinconada de Puruhuay","stopTypeGroup":"bus","stopLat":-12.2338606,"stopLon":-76.8650347,"routeNames":"8505 8618 8701 8718"},{"stopId":1009290,"stopName":"Pastor Sevilla","stopTypeGroup":"bus","stopLat":-12.2338382,"stopLon":-76.9345736,"routeNames":"8111"},{"stopId":739339,"stopName":"Talara","stopTypeGroup":"bus","stopLat":-12.2334307,"stopLon":-76.9416761,"routeNames":"1061 3813 3814 8107 8108 8302 8513 8718 8723"},{"stopId":739309,"stopName":"Talara","stopTypeGroup":"bus","stopLat":-12.2332577,"stopLon":-76.9419605,"routeNames":"8107 8108 8302 8513 8723"},{"stopId":737629,"stopName":"Óvalo Chama","stopTypeGroup":"bus","stopLat":-12.2332106,"stopLon":-76.9176382,"routeNames":"1802 8109 8214 8306 8503 8720 IO06"},{"stopId":1312639,"stopName":"Mercado Talara","stopTypeGroup":"bus","stopLat":-12.2332001,"stopLon":-76.9416654,"routeNames":"1061 3813 3814 8718"},{"stopId":737620,"stopName":"Óvalo Chama","stopTypeGroup":"bus","stopLat":-12.2329065,"stopLon":-76.9184482,"routeNames":"1802 8109 8214 8306 8503 8720 IO06"},{"stopId":1312604,"stopName":"José Olaya","stopTypeGroup":"bus","stopLat":-12.2325395,"stopLon":-76.9456565,"routeNames":"8892"},{"stopId":828161,"stopName":"Guardia Republicana","stopTypeGroup":"bus","stopLat":-12.2323979,"stopLon":-76.9252181,"routeNames":"2805 8111 8201 8212 8611 8612 8613 8619 8621 8802 9801-(Lima-Callao) OM19 OM21 OM37 SH24"},{"stopId":1312569,"stopName":"José Olaya","stopTypeGroup":"bus","stopLat":-12.2322564,"stopLon":-76.946032,"routeNames":"8892"},{"stopId":828149,"stopName":"Guardia Republicana","stopTypeGroup":"bus","stopLat":-12.2321725,"stopLon":-76.9254917,"routeNames":"2805 8111 8201 8212 8611 8612 8613 8619 8621 8802 9801-(Lima-Callao) OM19 OM21 OM37 SH24"},{"stopId":1303487,"stopName":"Villa Verde","stopTypeGroup":"bus","stopLat":-12.2317216,"stopLon":-76.8902206,"routeNames":"8201 8212 8724"},{"stopId":760676,"stopName":"Mega Plaza Villa El Salvador","stopTypeGroup":"bus","stopLat":-12.231719,"stopLon":-76.9102648,"routeNames":"1801-(Lima-Callao) 1802 8108 8109 8110 8111 8201 8212 8214 8503 8612 8701 8702 8711 8714 8715 IO06 NH25 NH27p OM19 OM21 OM37"},{"stopId":1312668,"stopName":"Micaela Bastidas","stopTypeGroup":"bus","stopLat":-12.2316692,"stopLon":-76.932503,"routeNames":"8111"},{"stopId":760631,"stopName":"Mega Plaza Villa El Salvador","stopTypeGroup":"bus","stopLat":-12.2315539,"stopLon":-76.9102862,"routeNames":"1801-(Lima-Callao) 1802 8108 8109 8110 8111 8201 8212 8214 8503 8612 8701 8702 8711 8714 8715 IO06 NH25 NH27p OM19 OM21 OM37"},{"stopId":1312638,"stopName":"Liga Distrital de Fútbol - Villa El Salvador","stopTypeGroup":"bus","stopLat":-12.2312918,"stopLon":-76.9382322,"routeNames":"1061 3813 3814 8718"},{"stopId":1009291,"stopName":"Liga Distrital de Fútbol - Villa El Salvador","stopTypeGroup":"bus","stopLat":-12.2311244,"stopLon":-76.9376249,"routeNames":"1801-(Lima-Callao) 8107 8111"},{"stopId":828165,"stopName":"Micaela Bastidas","stopTypeGroup":"bus","stopLat":-12.2310873,"stopLon":-76.9324279,"routeNames":"8111 8201 8621 9801-(Lima-Callao) OM19 OM21 OM37"},{"stopId":739340,"stopName":"José Olaya","stopTypeGroup":"bus","stopLat":-12.2310296,"stopLon":-76.9431138,"routeNames":"8107 8108 8302 8513 8723"},{"stopId":828147,"stopName":"200 Millas","stopTypeGroup":"bus","stopLat":-12.2310231,"stopLon":-76.9327042,"routeNames":"8201 8621 9801-(Lima-Callao) OM19 OM21 OM37"},{"stopId":1009325,"stopName":"Liga Distrital de Fútbol - Villa El Salvador","stopTypeGroup":"bus","stopLat":-12.2309261,"stopLon":-76.9381217,"routeNames":"1801-(Lima-Callao) 8107 8111"},{"stopId":1304195,"stopName":"Palma Roebellini","stopTypeGroup":"bus","stopLat":-12.2308723,"stopLon":-76.8918943,"routeNames":"8201 8724"},{"stopId":739308,"stopName":"José Olaya","stopTypeGroup":"bus","stopLat":-12.2308252,"stopLon":-76.9434035,"routeNames":"8107 8108 8302 8513 8723"},{"stopId":1312637,"stopName":"Liga Distrital de Fútbol - Villa El Salvador","stopTypeGroup":"bus","stopLat":-12.2308199,"stopLon":-76.9375831,"routeNames":"1061 3813 3814 8718"},{"stopId":1050613,"stopName":"Villa Las Palmas","stopTypeGroup":"bus","stopLat":-12.2307571,"stopLon":-76.889152,"routeNames":"8201 8212 8724"},{"stopId":1543943,"stopName":"Megamercado Jumbo","stopTypeGroup":"bus","stopLat":-12.2303769,"stopLon":-76.8635219,"routeNames":"8505 8618 8701 8718"},{"stopId":1300820,"stopName":"Megamercado Jumbo","stopTypeGroup":"bus","stopLat":-12.2302956,"stopLon":-76.8635648,"routeNames":"8401 8505 8618 8701 8718"},{"stopId":760677,"stopName":"Óvalo José Gálvez","stopTypeGroup":"bus","stopLat":-12.2302537,"stopLon":-76.9097069,"routeNames":"1801-(Lima-Callao) 1802 8108 8109 8110 8111 8201 8212 8214 8503 8612 8701 8702 8711 8714 8715 IO06 NH25 NH27p OM19 OM21 OM37"},{"stopId":828163,"stopName":"Los Álamos","stopTypeGroup":"bus","stopLat":-12.2301908,"stopLon":-76.9301265,"routeNames":"8111 8201 8621 9801-(Lima-Callao) OM19 OM21 OM37"},{"stopId":1304157,"stopName":"Villa Las Palmas - Primera Etapa","stopTypeGroup":"bus","stopLat":-12.2301751,"stopLon":-76.8941474,"routeNames":"1110 8201 8626"},{"stopId":1312606,"stopName":"José Carlos Mariátegui","stopTypeGroup":"bus","stopLat":-12.2301017,"stopLon":-76.9471318,"routeNames":"8892"},{"stopId":760620,"stopName":"Las Palmas","stopTypeGroup":"bus","stopLat":-12.2297137,"stopLon":-76.9009227,"routeNames":"1804 8109"},{"stopId":828164,"stopName":"Los Álamos","stopTypeGroup":"bus","stopLat":-12.2296613,"stopLon":-76.9299656,"routeNames":"8111 8201 8621 9801-(Lima-Callao) OM19 OM21 OM37"},{"stopId":1304290,"stopName":"Curva de José Gálvez","stopTypeGroup":"bus","stopLat":-12.2295197,"stopLon":-76.9102621,"routeNames":"1110 1804 8211 8716 8717 8722 8724 8728 8729 IO28b NH25 NH27p"},{"stopId":1312598,"stopName":"Separadora Agroindustrial","stopTypeGroup":"bus","stopLat":-12.2294411,"stopLon":-76.9474053,"routeNames":"8892 IM22"},{"stopId":737630,"stopName":"Guardia Republicana","stopTypeGroup":"bus","stopLat":-12.2294201,"stopLon":-76.919902,"routeNames":"1802 8109 8214 8306 8503 8720 IO06"},{"stopId":1073627,"stopName":"Casa Club El Pamar","stopTypeGroup":"bus","stopLat":-12.2294012,"stopLon":-76.8935455,"routeNames":"1110 8201 8506 8626"},{"stopId":737619,"stopName":"Guardia Republicana","stopTypeGroup":"bus","stopLat":-12.2293415,"stopLon":-76.9205779,"routeNames":"1802 8109 8214 8306 8503 8720 IO06"},{"stopId":760630,"stopName":"Óvalo José Gálvez","stopTypeGroup":"bus","stopLat":-12.2293153,"stopLon":-76.9096425,"routeNames":"1110 1801-(Lima-Callao) 1804 8109 8110 8111 8201 8211 8212 8503 8612 8701 8702 8711 8714 8715 8716 8717 8722 8724 8728 8729 IO06 IO28b OM19 OM21 OM37"},{"stopId":1302360,"stopName":"Parques del Paraíso","stopTypeGroup":"bus","stopLat":-12.2292471,"stopLon":-76.8866909,"routeNames":"1801-(Lima-Callao)"},{"stopId":828148,"stopName":"Parque Zonal Huáscar","stopTypeGroup":"bus","stopLat":-12.2289614,"stopLon":-76.9279808,"routeNames":"8111 8201 8621 9801-(Lima-Callao) AS04 OM19 OM21 OM37"},{"stopId":1312659,"stopName":"Micaela Bastidas","stopTypeGroup":"bus","stopLat":-12.2289273,"stopLon":-76.9341445,"routeNames":"1061 3813 3814 8718"},{"stopId":828173,"stopName":"Talara","stopTypeGroup":"bus","stopLat":-12.2288775,"stopLon":-76.9338843,"routeNames":"8201 8621 9801-(Lima-Callao) OM19 OM21 OM37"},{"stopId":828162,"stopName":"Parque Zonal Huáscar","stopTypeGroup":"bus","stopLat":-12.2288198,"stopLon":-76.9273531,"routeNames":"2805 8111 8201 8212 8611 8612 8613 8619 8621 8802 9801-(Lima-Callao) OM19 OM21 OM37 SH24"},{"stopId":1466961,"stopName":"Centro Comercial Villa Las Palmas","stopTypeGroup":"bus","stopLat":-12.2287831,"stopLon":-76.8931523,"routeNames":"1110 1801-(Lima-Callao) 8111 8201 8212 8506 8626 8717 8724 8729"},{"stopId":1009292,"stopName":"Olaya","stopTypeGroup":"bus","stopLat":-12.2287175,"stopLon":-76.939074,"routeNames":"1801-(Lima-Callao) 8107 8111"},{"stopId":828146,"stopName":"Talara","stopTypeGroup":"bus","stopLat":-12.2286691,"stopLon":-76.9341204,"routeNames":"8201 8621 8718 9801-(Lima-Callao) OM19 OM21 OM37"},{"stopId":1326556,"stopName":"Micaela Bastidas","stopTypeGroup":"bus","stopLat":-12.2286547,"stopLon":-76.9338816,"routeNames":"1061 3813 3814"},{"stopId":1312609,"stopName":"María Elena Moyano","stopTypeGroup":"bus","stopLat":-12.2286494,"stopLon":-76.9448626,"routeNames":"8892 IM22"},{"stopId":739341,"stopName":"Mariátegui","stopTypeGroup":"bus","stopLat":-12.2286232,"stopLon":-76.9445568,"routeNames":"8107 8108 8302 8513 8723"},{"stopId":1009324,"stopName":"Olaya","stopTypeGroup":"bus","stopLat":-12.2285419,"stopLon":-76.9395701,"routeNames":"1801-(Lima-Callao) 8107 8111"},{"stopId":1050610,"stopName":"Los Carrizales","stopTypeGroup":"bus","stopLat":-12.2285155,"stopLon":-76.8878909,"routeNames":"1801-(Lima-Callao) 8111 8201 8212 8717 8724 8729"},{"stopId":1330946,"stopName":"Parque Zonal Huácar","stopTypeGroup":"bus","stopLat":-12.2282405,"stopLon":-76.9278252,"routeNames":"8306"},{"stopId":1301613,"stopName":"Parque Zonal Huáscar","stopTypeGroup":"bus","stopLat":-12.2281671,"stopLon":-76.9274497,"routeNames":"2805 8212 8611 8612 8613 8619 8802 SH24"},{"stopId":1466962,"stopName":"Calle D","stopTypeGroup":"bus","stopLat":-12.2281461,"stopLon":-76.8904111,"routeNames":"1801-(Lima-Callao) 8111 8201 8212 8717 8724 8729"},{"stopId":991540,"stopName":"Laderas de Pachacámac","stopTypeGroup":"bus","stopLat":-12.2281121,"stopLon":-76.8970928,"routeNames":"1110 1801-(Lima-Callao) 8111 8201 8212 8506 8626 8717 8724 8729 8803"},{"stopId":1308801,"stopName":"Mariátegui","stopTypeGroup":"bus","stopLat":-12.2279889,"stopLon":-76.9451147,"routeNames":"8107 8112 8302 IM22"},{"stopId":739307,"stopName":"María Elena Moyano","stopTypeGroup":"bus","stopLat":-12.2279784,"stopLon":-76.9447982,"routeNames":"8108 8112 8513 8723 8892"},{"stopId":1304197,"stopName":"Universitaria","stopTypeGroup":"bus","stopLat":-12.2274725,"stopLon":-76.9147253,"routeNames":"1110 1804 8211 8716 8717 8722 8724 8728 8729 IO28b NH25 NH27p"},{"stopId":1326557,"stopName":"Mercado Túpac Amaru","stopTypeGroup":"bus","stopLat":-12.2274541,"stopLon":-76.9316554,"routeNames":"1061 3813 3814"},{"stopId":1312685,"stopName":"Central","stopTypeGroup":"bus","stopLat":-12.2274226,"stopLon":-76.9253737,"routeNames":"8306 8802"},{"stopId":1300821,"stopName":"Grau","stopTypeGroup":"bus","stopLat":-12.2274017,"stopLon":-76.8622559,"routeNames":"8401 8505"},{"stopId":1300831,"stopName":"Parque Quiñones","stopTypeGroup":"bus","stopLat":-12.2273702,"stopLon":-76.8623149,"routeNames":"8401 8505 8618 8701 8717 8718"},{"stopId":760621,"stopName":"Paucartambo","stopTypeGroup":"bus","stopLat":-12.2273388,"stopLon":-76.9003621,"routeNames":"1110 1801-(Lima-Callao) 1804 8109 8111 8201 8212 8506 8612 8626 8717 8724 8729 8803"},{"stopId":760678,"stopName":"Balta","stopTypeGroup":"bus","stopLat":-12.2272352,"stopLon":-76.908913,"routeNames":"1110 1801-(Lima-Callao) 1804 8109 8110 8111 8201 8211 8212 8503 8612 8701 8702 8711 8714 8715 8716 8717 8722 8724 8728 8729 IO06 IO28b OM19 OM21 OM37"},{"stopId":760629,"stopName":"Balta","stopTypeGroup":"bus","stopLat":-12.2271998,"stopLon":-76.9089907,"routeNames":"1110 1801-(Lima-Callao) 1804 8109 8110 8111 8201 8211 8212 8503 8612 8701 8702 8711 8714 8715 8716 8717 8722 8724 8728 8729 IO06 IO28b OM19 OM21 OM37"},{"stopId":1326555,"stopName":"Mercado Túpac Amaru","stopTypeGroup":"bus","stopLat":-12.2271972,"stopLon":-76.9317144,"routeNames":"1061 3813 3814"},{"stopId":1304198,"stopName":"Universitaria","stopTypeGroup":"bus","stopLat":-12.2269508,"stopLon":-76.9160691,"routeNames":"1110 1804 8211 8716 8717 8722 8724 8728 8729 IO28b NH25 NH27p"},{"stopId":1301612,"stopName":"200 Millas","stopTypeGroup":"bus","stopLat":-12.2267726,"stopLon":-76.9253951,"routeNames":"2805 8212 8611 8612 8613 8619 8802 SH24"},{"stopId":1309011,"stopName":"Estrella Andina de Pachacamac","stopTypeGroup":"bus","stopLat":-12.2265261,"stopLon":-76.8866587,"routeNames":"8111 8717"},{"stopId":828174,"stopName":"José Olaya","stopTypeGroup":"bus","stopLat":-12.226479,"stopLon":-76.9353247,"routeNames":"8201 8621 8718 9801-(Lima-Callao) OM19 OM21 OM37"},{"stopId":739342,"stopName":"Pastor Sevilla","stopTypeGroup":"bus","stopLat":-12.2264265,"stopLon":-76.9410753,"routeNames":"8108 8112 8513 8723 8892"},{"stopId":828145,"stopName":"José Olaya","stopTypeGroup":"bus","stopLat":-12.2262706,"stopLon":-76.9355755,"routeNames":"8201 8621 8718 9801-(Lima-Callao) OM19 OM21 OM37"},{"stopId":1009293,"stopName":"Mariátegui","stopTypeGroup":"bus","stopLat":-12.2262429,"stopLon":-76.9405599,"routeNames":"1801-(Lima-Callao) 8107 8111"},{"stopId":1326558,"stopName":"Revolución","stopTypeGroup":"bus","stopLat":-12.2260595,"stopLon":-76.9292682,"routeNames":"1061 3813 3814"},{"stopId":1301619,"stopName":"Talara","stopTypeGroup":"bus","stopLat":-12.2260543,"stopLon":-76.9290107,"routeNames":"2805 8212 8611 8612 8613 8619 SH24"},{"stopId":1312686,"stopName":"Separadora Industrial","stopTypeGroup":"bus","stopLat":-12.2259127,"stopLon":-76.9227397,"routeNames":"8306"},{"stopId":760622,"stopName":"Camino Real","stopTypeGroup":"bus","stopLat":-12.2259049,"stopLon":-76.9028163,"routeNames":"1110 1801-(Lima-Callao) 1804 8109 8111 8201 8212 8506 8612 8626 8717 8724 8729 8803"},{"stopId":1330945,"stopName":"Talara","stopTypeGroup":"bus","stopLat":-12.2258656,"stopLon":-76.9292361,"routeNames":"8306"},{"stopId":739306,"stopName":"Mariátegui","stopTypeGroup":"bus","stopLat":-12.2258289,"stopLon":-76.9413328,"routeNames":"1801-(Lima-Callao) 8107 8108 8111 8112 8214 8503 8513 8723 8892 IO06"},{"stopId":737631,"stopName":"200 Millas","stopTypeGroup":"bus","stopLat":-12.225703,"stopLon":-76.9221067,"routeNames":"1802 8109 8214 8306 8503 8720 IO06"},{"stopId":1308778,"stopName":"3 de Octubre","stopTypeGroup":"bus","stopLat":-12.2256925,"stopLon":-76.9462037,"routeNames":"8107 8112 8302 IM22"},{"stopId":1192602,"stopName":"Pastor Sevilla","stopTypeGroup":"bus","stopLat":-12.2256076,"stopLon":-76.9406513,"routeNames":"8214 8503 IO06"},{"stopId":1308779,"stopName":"3 de Octubre","stopTypeGroup":"bus","stopLat":-12.2254514,"stopLon":-76.9466543,"routeNames":"8107 8112 8302 IM22"},{"stopId":737618,"stopName":"200 Millas","stopTypeGroup":"bus","stopLat":-12.225378,"stopLon":-76.9229382,"routeNames":"1802 8109 8214 8503 8720 IO06"},{"stopId":1308319,"stopName":"Sáenz Peña","stopTypeGroup":"bus","stopLat":-12.2251473,"stopLon":-76.8964219,"routeNames":"8803"},{"stopId":760679,"stopName":"Jorge Chávez","stopTypeGroup":"bus","stopLat":-12.2247738,"stopLon":-76.9083309,"routeNames":"1110 1801-(Lima-Callao) 1804 8109 8110 8111 8201 8211 8212 8503 8612 8701 8702 8711 8714 8715 8716 8717 8722 8724 8728 8729 IO06 IO28b OM19 OM21 OM37"},{"stopId":1326554,"stopName":"José Olaya","stopTypeGroup":"bus","stopLat":-12.2247488,"stopLon":-76.9332325,"routeNames":"1061 3813 3814"},{"stopId":1121077,"stopName":"Bombeo","stopTypeGroup":"bus","stopLat":-12.224686,"stopLon":-76.9001655,"routeNames":"8404"},{"stopId":1315891,"stopName":"Talara","stopTypeGroup":"bus","stopLat":-12.2246335,"stopLon":-76.9265968,"routeNames":"8802"},{"stopId":760628,"stopName":"Jorge Chávez","stopTypeGroup":"bus","stopLat":-12.2244631,"stopLon":-76.9083926,"routeNames":"1110 1801-(Lima-Callao) 1804 8109 8110 8111 8201 8211 8212 8503 8612 8701 8702 8711 8714 8715 8716 8717 8722 8724 8728 8729 IO06 IO28b OM19 OM21 OM37"},{"stopId":1301611,"stopName":"Talara","stopTypeGroup":"bus","stopLat":-12.2244238,"stopLon":-76.9268328,"routeNames":"2805 8212 8611 8612 8613 8619 8802 SH24"},{"stopId":1384339,"stopName":"Pachacútec","stopTypeGroup":"bus","stopLat":-12.2243294,"stopLon":-76.9200253,"routeNames":"8104"},{"stopId":760623,"stopName":"Mercado Las Palmas","stopTypeGroup":"bus","stopLat":-12.2243196,"stopLon":-76.9036719,"routeNames":"1110 1801-(Lima-Callao) 1804 8109 8111 8201 8212 8404 8506 8612 8626 8717 8724 8729 8803"},{"stopId":1304199,"stopName":"200 Millas","stopTypeGroup":"bus","stopLat":-12.2242508,"stopLon":-76.9194245,"routeNames":"1110 1804 8211 8716 8717 8722 8724 8728 8729 IO28b NH25 NH27p"},{"stopId":1192588,"stopName":"Micaela Bastidas","stopTypeGroup":"bus","stopLat":-12.2241155,"stopLon":-76.937096,"routeNames":"8214 8503 IO06"},{"stopId":828175,"stopName":"Mariátegui","stopTypeGroup":"bus","stopLat":-12.2240358,"stopLon":-76.9368052,"routeNames":"8201 8621 8718 9801-(Lima-Callao) OM19 OM21 OM37"},{"stopId":1309012,"stopName":"Restaurante \"La Chakra\"","stopTypeGroup":"bus","stopLat":-12.2239834,"stopLon":-76.8842554,"routeNames":"8111 8717"},{"stopId":1308320,"stopName":"Ferrocarril","stopTypeGroup":"bus","stopLat":-12.2239257,"stopLon":-76.8947643,"routeNames":"8803"},{"stopId":1301620,"stopName":"José Olaya","stopTypeGroup":"bus","stopLat":-12.2236741,"stopLon":-76.9304645,"routeNames":"1061 2805 3813 3814 8212 8611 8612 8613 8619 SH24"},{"stopId":1304200,"stopName":"200 Millas","stopTypeGroup":"bus","stopLat":-12.2236216,"stopLon":-76.9199556,"routeNames":"1110 1804 8104 8211 8716 8717 8722 8724 8728 8729 IO28b NH25 NH27p"},{"stopId":828144,"stopName":"Mariátegui","stopTypeGroup":"bus","stopLat":-12.2234683,"stopLon":-76.9372693,"routeNames":"8201 8621 8718 9801-(Lima-Callao) OM19 OM21 OM37"},{"stopId":1192601,"stopName":"MIcaela Bastidas","stopTypeGroup":"bus","stopLat":-12.2234584,"stopLon":-76.9369744,"routeNames":"8214 8503 IO06"},{"stopId":1330944,"stopName":"José Olaya","stopTypeGroup":"bus","stopLat":-12.2234277,"stopLon":-76.9307113,"routeNames":"8306"},{"stopId":739343,"stopName":"3 de Octubre","stopTypeGroup":"bus","stopLat":-12.2234172,"stopLon":-76.9422448,"routeNames":"1801-(Lima-Callao) 8107 8108 8111 8112 8214 8503 8513 8723 8892 IO06"},{"stopId":1308780,"stopName":"Bolívar","stopTypeGroup":"bus","stopLat":-12.2232914,"stopLon":-76.9475985,"routeNames":"8107 8112 8302 IM22"},{"stopId":739305,"stopName":"3 de Octubre","stopTypeGroup":"bus","stopLat":-12.2232284,"stopLon":-76.9428563,"routeNames":"1801-(Lima-Callao) 8107 8108 8111 8112 8214 8503 8513 8723 IO06"},{"stopId":737617,"stopName":"Calle 7","stopTypeGroup":"bus","stopLat":-12.2231708,"stopLon":-76.9242847,"routeNames":"1802 8109 8214 8503 8720 IO06"},{"stopId":1312597,"stopName":"Pastor Sevilla","stopTypeGroup":"bus","stopLat":-12.2231446,"stopLon":-76.9421643,"routeNames":"8892"},{"stopId":1308781,"stopName":"Bolívar","stopTypeGroup":"bus","stopLat":-12.2230502,"stopLon":-76.9479632,"routeNames":"8107 8112 8302 IM22"},{"stopId":1192589,"stopName":"Álamos","stopTypeGroup":"bus","stopLat":-12.2226658,"stopLon":-76.9346095,"routeNames":"8214 8503 IO06"},{"stopId":1131973,"stopName":"José Carlos Mariátegui","stopTypeGroup":"bus","stopLat":-12.2226612,"stopLon":-76.9343263,"routeNames":"AS04"},{"stopId":737633,"stopName":"Calle 29","stopTypeGroup":"bus","stopLat":-12.2226517,"stopLon":-76.923877,"routeNames":"1802 8109 8214 8306 8503 8720 IO06"},{"stopId":1050599,"stopName":"Zarumilla","stopTypeGroup":"bus","stopLat":-12.2224899,"stopLon":-76.9047044,"routeNames":"1110 1801-(Lima-Callao) 1804 8109 8111 8201 8212 8404 8506 8612 8626 8717 8724 8729 8803"},{"stopId":1313710,"stopName":"Separadora Agroindustrial","stopTypeGroup":"bus","stopLat":-12.2224001,"stopLon":-76.9521368,"routeNames":"8520"},{"stopId":1309013,"stopName":"Restaurante La Familia","stopTypeGroup":"bus","stopLat":-12.2222428,"stopLon":-76.8815839,"routeNames":"8111 8717"},{"stopId":1315892,"stopName":"José Olaya","stopTypeGroup":"bus","stopLat":-12.2222008,"stopLon":-76.9280505,"routeNames":"8802"},{"stopId":1192600,"stopName":"Alamos","stopTypeGroup":"bus","stopLat":-12.2220952,"stopLon":-76.9345658,"routeNames":"8214 8503 IO06"},{"stopId":1131971,"stopName":"José Carlos Mariátegui","stopTypeGroup":"bus","stopLat":-12.2220597,"stopLon":-76.934843,"routeNames":"1061 3813 3814 AS04"},{"stopId":760680,"stopName":"Chifa Pin Yu","stopTypeGroup":"bus","stopLat":-12.2220226,"stopLon":-76.9078696,"routeNames":"1110 1801-(Lima-Callao) 1804 8109 8110 8111 8201 8211 8212 8503 8612 8701 8702 8711 8714 8715 8716 8717 8722 8724 8728 8729 IO06 IO28b OM19 OM21 OM37"},{"stopId":1301610,"stopName":"José Olaya","stopTypeGroup":"bus","stopLat":-12.2220069,"stopLon":-76.9282705,"routeNames":"2805 8212 8611 8612 8613 8619 8802 SH24"},{"stopId":1313709,"stopName":"Separadora Agroindustrial","stopTypeGroup":"bus","stopLat":-12.2219806,"stopLon":-76.9517934,"routeNames":"8520"},{"stopId":1302448,"stopName":"Matamoros","stopTypeGroup":"bus","stopLat":-12.2219492,"stopLon":-76.8635434,"routeNames":"8401 8717"},{"stopId":1121076,"stopName":"Chifa Pin Yu","stopTypeGroup":"bus","stopLat":-12.2218177,"stopLon":-76.9079287,"routeNames":"1110 1801-(Lima-Callao) 1804 8109 8110 8111 8201 8211 8212 8503 8612 8701 8702 8711 8714 8715 8716 8717 8722 8724 8728 8729 IO06 IO28b OM19 OM21 OM37"},{"stopId":737616,"stopName":"Calle VJ","stopTypeGroup":"bus","stopLat":-12.2218129,"stopLon":-76.925084,"routeNames":"1802 8109 8214 8503 8720 IO06"},{"stopId":1304202,"stopName":"Avenida 6","stopTypeGroup":"bus","stopLat":-12.2214144,"stopLon":-76.9205672,"routeNames":"1110 1804 8104 8211 8716 8717 8722 8724 8728 8729 IO28b NH25 NH27p"},{"stopId":737634,"stopName":"Calle C","stopTypeGroup":"bus","stopLat":-12.2213934,"stopLon":-76.9246602,"routeNames":"1802 8109 8214 8306 8503 8720 IO06"},{"stopId":1304201,"stopName":"Avenida 6","stopTypeGroup":"bus","stopLat":-12.221383,"stopLon":-76.9202775,"routeNames":"1110 1804 8104 8211 8716 8717 8722 8724 8728 8729 IO28b NH25 NH27p"},{"stopId":1312596,"stopName":"Micaela Bastidas","stopTypeGroup":"bus","stopLat":-12.2212991,"stopLon":-76.9388115,"routeNames":"8892"},{"stopId":1192590,"stopName":"Revolución","stopTypeGroup":"bus","stopLat":-12.2212345,"stopLon":-76.9322277,"routeNames":"8214 8503 IO06"},{"stopId":828176,"stopName":"3 de Octubre","stopTypeGroup":"bus","stopLat":-12.2212283,"stopLon":-76.938495,"routeNames":"8201 8621 8718 9801-(Lima-Callao) OM19 OM21 OM37"},{"stopId":1303488,"stopName":"José Carlos Mariátegui","stopTypeGroup":"bus","stopLat":-12.2211995,"stopLon":-76.9319397,"routeNames":"1061 2805 3813 3814 8212 8611 8612 8613 8619 SH24"},{"stopId":739344,"stopName":"Bolívar","stopTypeGroup":"bus","stopLat":-12.2210317,"stopLon":-76.9436824,"routeNames":"1801-(Lima-Callao) 8107 8108 8111 8112 8214 8503 8513 8723 IO06"},{"stopId":828143,"stopName":"3 de Octubre","stopTypeGroup":"bus","stopLat":-12.2210107,"stopLon":-76.9387324,"routeNames":"8201 8621 8718 9801-(Lima-Callao) OM19 OM21 OM37"},{"stopId":1312595,"stopName":"Micaela Bastidas","stopTypeGroup":"bus","stopLat":-12.220995,"stopLon":-76.9385111,"routeNames":"8892"},{"stopId":739304,"stopName":"Bolívar","stopTypeGroup":"bus","stopLat":-12.2209426,"stopLon":-76.9442296,"routeNames":"1801-(Lima-Callao) 8107 8108 8111 8112 8214 8503 8513 8723 IO06"},{"stopId":1313708,"stopName":"María Elena Moyano","stopTypeGroup":"bus","stopLat":-12.2209216,"stopLon":-76.9495296,"routeNames":"8520"},{"stopId":1308782,"stopName":"César Vallejo","stopTypeGroup":"bus","stopLat":-12.2208901,"stopLon":-76.949079,"routeNames":"8107 8112 8302 IM22"},{"stopId":1301239,"stopName":"Pablo Paulet","stopTypeGroup":"bus","stopLat":-12.2207853,"stopLon":-76.8996406,"routeNames":"8803 IO06 IO28b OM19 OM21 OM37"},{"stopId":737638,"stopName":"Revolución","stopTypeGroup":"bus","stopLat":-12.2206437,"stopLon":-76.932106,"routeNames":"1802 8109 8214 8306 8503 IO06"},{"stopId":1330943,"stopName":"José Carlos Mariátegui","stopTypeGroup":"bus","stopLat":-12.220607,"stopLon":-76.9323742,"routeNames":"8306"},{"stopId":737615,"stopName":"Calle 3","stopTypeGroup":"bus","stopLat":-12.2204707,"stopLon":-76.9258833,"routeNames":"1802 8109 8214 8503 8720 IO06"},{"stopId":1308783,"stopName":"César Vallejo","stopTypeGroup":"bus","stopLat":-12.2204183,"stopLon":-76.9495833,"routeNames":"8107 8112 8302 8802 IM22"},{"stopId":1312566,"stopName":"María Elena Moyano","stopTypeGroup":"bus","stopLat":-12.2204078,"stopLon":-76.9491434,"routeNames":"8520 8802"},{"stopId":737635,"stopName":"Calle 12","stopTypeGroup":"bus","stopLat":-12.2202453,"stopLon":-76.9253629,"routeNames":"1802 8109 8214 8306 8503 8720 IO06"},{"stopId":1312610,"stopName":"Estadio Iván Elías Moreno","stopTypeGroup":"bus","stopLat":-12.2198258,"stopLon":-76.9362903,"routeNames":"8892"},{"stopId":1192591,"stopName":"Central","stopTypeGroup":"bus","stopLat":-12.2198245,"stopLon":-76.9298077,"routeNames":"8214 8503 IO06"},{"stopId":1315893,"stopName":"Matiátegui","stopTypeGroup":"bus","stopLat":-12.2197891,"stopLon":-76.9294775,"routeNames":"8802"},{"stopId":1326553,"stopName":"Estadio Iván Elías Moreno","stopTypeGroup":"bus","stopLat":-12.219548,"stopLon":-76.9363654,"routeNames":"1061 3813 3814"},{"stopId":1312587,"stopName":"Estadio Iván Elías Moreno","stopTypeGroup":"bus","stopLat":-12.2195165,"stopLon":-76.9360864,"routeNames":"8892"},{"stopId":1304204,"stopName":"Calle 1","stopTypeGroup":"bus","stopLat":-12.219312,"stopLon":-76.9211733,"routeNames":"1110 1804 8104 8211 8716 8717 8722 8724 8728 8729 IO28b NH25 NH27p"},{"stopId":737603,"stopName":"Mariátegui","stopTypeGroup":"bus","stopLat":-12.2192544,"stopLon":-76.9299442,"routeNames":"1802 2805 8109 8212 8611 8612 8613 8619 8802 SH24"},{"stopId":737637,"stopName":"Central","stopTypeGroup":"bus","stopLat":-12.2192334,"stopLon":-76.929692,"routeNames":"1802 8109 8214 8306 8503 IO06"},{"stopId":1304203,"stopName":"Calle 1","stopTypeGroup":"bus","stopLat":-12.2192281,"stopLon":-76.9208783,"routeNames":"1110 1804 8104 8211 8716 8717 8722 8724 8728 8729 IO28b NH25 NH27p"},{"stopId":828177,"stopName":"Bolívar","stopTypeGroup":"bus","stopLat":-12.2188454,"stopLon":-76.9399206,"routeNames":"8201 8621 8718 9801-(Lima-Callao) OM19 OM21 OM37"},{"stopId":1313707,"stopName":"Pastor Sevilla","stopTypeGroup":"bus","stopLat":-12.2187825,"stopLon":-76.945796,"routeNames":"8520 8802"},{"stopId":1301240,"stopName":"Los Ángeles","stopTypeGroup":"bus","stopLat":-12.2186252,"stopLon":-76.9014645,"routeNames":"8803 IO06 IO28b OM19 OM21 OM37"},{"stopId":739345,"stopName":"César Vallejo","stopTypeGroup":"bus","stopLat":-12.21862,"stopLon":-76.9451201,"routeNames":"1801-(Lima-Callao) 8107 8108 8111 8112 8214 8503 8513 8723 IO06"},{"stopId":828142,"stopName":"Bolívar","stopTypeGroup":"bus","stopLat":-12.2186003,"stopLon":-76.9401795,"routeNames":"8201 8621 8718 9801-(Lima-Callao) OM19 OM21 OM37"},{"stopId":737639,"stopName":"3 de Octubre","stopTypeGroup":"bus","stopLat":-12.2183945,"stopLon":-76.9336188,"routeNames":"1061 1802 2805 3813 3814 8109 8212 8306 8611 8612 8613 8619 SH24"},{"stopId":1312588,"stopName":"Revolución","stopTypeGroup":"bus","stopLat":-12.2183893,"stopLon":-76.9338655,"routeNames":"8892"},{"stopId":1192592,"stopName":"Paradero 8","stopTypeGroup":"bus","stopLat":-12.2183123,"stopLon":-76.9072243,"routeNames":"1110 1801-(Lima-Callao) 1804 8109 8110 8111 8201 8211 8212 8503 8612 8701 8702 8711 8714 8715 8716 8717 8722 8724 8728 8729 IO06 IO28b OM19 OM21 OM37"},{"stopId":737604,"stopName":"Separadora Industrial","stopTypeGroup":"bus","stopLat":-12.2183106,"stopLon":-76.9272619,"routeNames":"1802 8109 8214 8503 IO06"},{"stopId":1308785,"stopName":"Jorge Chávez","stopTypeGroup":"bus","stopLat":-12.2182635,"stopLon":-76.9506803,"routeNames":"8107 8112 8302 8802 IM22"},{"stopId":867853,"stopName":"Paradero 8","stopTypeGroup":"bus","stopLat":-12.2182215,"stopLon":-76.9070864,"routeNames":"1110 1801-(Lima-Callao) 1804 8109 8111 8201 8212 8404 8506 8612 8626 8717 8724 8729 8803"},{"stopId":739303,"stopName":"César Vallejo","stopTypeGroup":"bus","stopLat":-12.2182058,"stopLon":-76.9458711,"routeNames":"1801-(Lima-Callao) 8107 8108 8111 8112 8214 8503 8513 8723 IO06"},{"stopId":1312586,"stopName":"Revolución","stopTypeGroup":"bus","stopLat":-12.2181638,"stopLon":-76.9336241,"routeNames":"8892"},{"stopId":1330942,"stopName":"3 de Octubre","stopTypeGroup":"bus","stopLat":-12.2181586,"stopLon":-76.9338548,"routeNames":"8306"},{"stopId":737636,"stopName":"Mariátegui","stopTypeGroup":"bus","stopLat":-12.2181376,"stopLon":-76.9266182,"routeNames":"1802 8109 8214 8306 8503 8720 IO06"},{"stopId":1312565,"stopName":"Pastor Sevilla","stopTypeGroup":"bus","stopLat":-12.21808,"stopLon":-76.9450879,"routeNames":"8520 8802"},{"stopId":1308786,"stopName":"Jorge Chávez","stopTypeGroup":"bus","stopLat":-12.2180485,"stopLon":-76.9510424,"routeNames":"8107 8112 8302 8802 IM22"},{"stopId":1330876,"stopName":"Paradero 8","stopTypeGroup":"bus","stopLat":-12.217865,"stopLon":-76.9070274,"routeNames":"8211 IO06 IO28b OM19 OM21 OM37"},{"stopId":1301238,"stopName":"Complejo Deportivo José Olaya","stopTypeGroup":"bus","stopLat":-12.2178493,"stopLon":-76.9029665,"routeNames":"8211 IO06 IO28b OM19 OM21 OM37"},{"stopId":817156,"stopName":"Paradero 8","stopTypeGroup":"bus","stopLat":-12.217844,"stopLon":-76.9072312,"routeNames":"8110 8404 8503 8506 8626 8701 8702 8711 8714 8715 8716 8722 8728 8803"},{"stopId":1309014,"stopName":"Ferrocarril","stopTypeGroup":"bus","stopLat":-12.2178073,"stopLon":-76.8771958,"routeNames":"8717"},{"stopId":1315890,"stopName":"Mariátegui","stopTypeGroup":"bus","stopLat":-12.2177025,"stopLon":-76.9273263,"routeNames":"8720"},{"stopId":1309370,"stopName":"José Olaya","stopTypeGroup":"bus","stopLat":-12.217671,"stopLon":-76.9011158,"routeNames":"8211"},{"stopId":1390755,"stopName":"Separadora Agroindustrial","stopTypeGroup":"bus","stopLat":-12.2173433,"stopLon":-76.9550389,"routeNames":"2804-(Lima-Callao) 8105 8107 8112"},{"stopId":1326552,"stopName":"Bolívar","stopTypeGroup":"bus","stopLat":-12.2171362,"stopLon":-76.9377708,"routeNames":"1061 3813 3814"},{"stopId":1315894,"stopName":"3 de Octubre","stopTypeGroup":"bus","stopLat":-12.2169947,"stopLon":-76.9312048,"routeNames":"8802"},{"stopId":1312589,"stopName":"Central","stopTypeGroup":"bus","stopLat":-12.2169685,"stopLon":-76.9314301,"routeNames":"8613 8892"},{"stopId":1390369,"stopName":"Juan Velasco Alvarado","stopTypeGroup":"bus","stopLat":-12.2168216,"stopLon":-76.9552535,"routeNames":"2804-(Lima-Callao)"},{"stopId":1390748,"stopName":"Separadora Agroindustrial","stopTypeGroup":"bus","stopLat":-12.2167823,"stopLon":-76.9549611,"routeNames":"8105 8107 8112"},{"stopId":737602,"stopName":"3 de Octubre","stopTypeGroup":"bus","stopLat":-12.2167535,"stopLon":-76.9314355,"routeNames":"1802 2805 8109 8212 8611 8612 8619 8802 8892 SH24"},{"stopId":1313706,"stopName":"Micaela Bastidas","stopTypeGroup":"bus","stopLat":-12.216397,"stopLon":-76.941644,"routeNames":"8520 8802"},{"stopId":828178,"stopName":"César Vallejo","stopTypeGroup":"bus","stopLat":-12.2163708,"stopLon":-76.9414193,"routeNames":"8201 8621 8718 9801-(Lima-Callao) OM19 OM21 OM37"},{"stopId":1302447,"stopName":"Alameda del Caballo Peruano de Paso","stopTypeGroup":"bus","stopLat":-12.216203,"stopLon":-76.8670142,"routeNames":"8401 8717"},{"stopId":1302446,"stopName":"Alameda del Caballo Peruano de Paso","stopTypeGroup":"bus","stopLat":-12.2160195,"stopLon":-76.8673575,"routeNames":"8401 8717"},{"stopId":737640,"stopName":"Bolívar","stopTypeGroup":"bus","stopLat":-12.2160038,"stopLon":-76.9350618,"routeNames":"1061 1802 2805 3813 3814 8109 8212 8306 8611 8612 8619 SH24"},{"stopId":739346,"stopName":"Jorge Chávez","stopTypeGroup":"bus","stopLat":-12.2159723,"stopLon":-76.9467133,"routeNames":"1801-(Lima-Callao) 8107 8108 8111 8112 8214 8503 8513 8723 IO06"},{"stopId":1315882,"stopName":"Micaela Bastidas","stopTypeGroup":"bus","stopLat":-12.2159303,"stopLon":-76.9414508,"routeNames":"8802"},{"stopId":828141,"stopName":"César Vallejo","stopTypeGroup":"bus","stopLat":-12.2159133,"stopLon":-76.9417875,"routeNames":"8201 8520 8621 8718 9801-(Lima-Callao) OM19 OM21 OM37"},{"stopId":739302,"stopName":"Jorge Chávez","stopTypeGroup":"bus","stopLat":-12.2158832,"stopLon":-76.9472659,"routeNames":"1801-(Lima-Callao) 8107 8108 8111 8112 8214 8503 8513 8723 IO06"},{"stopId":1390754,"stopName":"María Elena Moyano","stopTypeGroup":"bus","stopLat":-12.2158517,"stopLon":-76.9524801,"routeNames":"8105 8107 8112"},{"stopId":1304205,"stopName":"José Carlos Mariátegui","stopTypeGroup":"bus","stopLat":-12.2158465,"stopLon":-76.9218117,"routeNames":"1110 1804 8104 8211 8716 8717 8722 8724 8728 8729 IO28b NH25 NH27p"},{"stopId":1308788,"stopName":"Juan Velasco Alvarado","stopTypeGroup":"bus","stopLat":-12.2157888,"stopLon":-76.9521743,"routeNames":"8107 8112 8302 8802 IM22"},{"stopId":1330941,"stopName":"Bolívar","stopTypeGroup":"bus","stopLat":-12.2157678,"stopLon":-76.9352871,"routeNames":"8306"},{"stopId":1929460,"stopName":"Juan Velasco Alvarado","stopTypeGroup":"bus","stopLat":-12.21535152617905,"stopLon":-76.95265334846228,"routeNames":"8802"},{"stopId":1311099,"stopName":"María Elena Moyano","stopTypeGroup":"bus","stopLat":-12.2151649,"stopLon":-76.9521475,"routeNames":"8105 8302 IM22"},{"stopId":1315889,"stopName":"3 de Octubre","stopTypeGroup":"bus","stopLat":-12.2151439,"stopLon":-76.9288766,"routeNames":"8613 8720"},{"stopId":1315881,"stopName":"Los Álamos","stopTypeGroup":"bus","stopLat":-12.2150181,"stopLon":-76.9392407,"routeNames":"8802"},{"stopId":1131974,"stopName":"César Vallejo","stopTypeGroup":"bus","stopLat":-12.214997,"stopLon":-76.9389511,"routeNames":"AS04"}]