[{"stopId":732420,"stopName":"Dos de Mayo","stopTypeGroup":"bus","stopLat":-12.1176645,"stopLon":-77.0292771,"routeNames":"303 305"},{"stopId":1595176,"stopName":"Prado","stopTypeGroup":"bus","stopLat":-12.117494,"stopLon":-77.0273808,"routeNames":"8515"},{"stopId":1595177,"stopName":"Paseo de la República","stopTypeGroup":"bus","stopLat":-12.1174862,"stopLon":-77.0264608,"routeNames":"1047 8515"},{"stopId":828128,"stopName":"Roca y Boloña","stopTypeGroup":"bus","stopLat":-12.1173301,"stopLon":-77.008958,"routeNames":"1099 2803 7505 7612 7613 8201 8611 8612 8614 8619 8621 8703 8704 8711 8714 8715 8803 9801-(Lima-Callao) SH24"},{"stopId":1327195,"stopName":"Bernardo Alcedo","stopTypeGroup":"bus","stopLat":-12.1173131,"stopLon":-77.0429564,"routeNames":"4405 4703 8611 CR02 CR31 CR38 CR39"},{"stopId":1196300,"stopName":"Parroquia","stopTypeGroup":"bus","stopLat":-12.1171919,"stopLon":-77.0418387,"routeNames":"1612 IO50"},{"stopId":1304050,"stopName":"General Valera","stopTypeGroup":"bus","stopLat":-12.1171085,"stopLon":-77.0389169,"routeNames":"4405 4703 8611 CR02 CR31 CR38 CR39"},{"stopId":1304044,"stopName":"Teniente Enrique Palacios","stopTypeGroup":"bus","stopLat":-12.1171033,"stopLon":-77.028172,"routeNames":"1047 4911-(Lima-Callao) 8515 IO14-(Lima-Callao) NH25"},{"stopId":1304051,"stopName":"Parroquia","stopTypeGroup":"bus","stopLat":-12.1170718,"stopLon":-77.0418459,"routeNames":"4405 4703 8611 CR02 CR31 CR38 CR39"},{"stopId":1304119,"stopName":"D\u0027nnos Pizza","stopTypeGroup":"bus","stopLat":-12.1170036,"stopLon":-77.0368463,"routeNames":"1701 3408 4405 4703 7505 7606 7613 8523 8611 8612 8617 Airport-Express-Lima CR02 CR31 CR38 CR39 CR71"},{"stopId":1304120,"stopName":"D\u0027nnos Pizza","stopTypeGroup":"bus","stopLat":-12.1169826,"stopLon":-77.0370287,"routeNames":"1701 3408 4405 4703 7505 7606 7613 8523 8611 8612 8617 Airport-Express-Lima CR02 CR31 CR38 CR39 CR71 IO50 NH25"},{"stopId":1304046,"stopName":"Independencia","stopTypeGroup":"bus","stopLat":-12.1169512,"stopLon":-77.0323133,"routeNames":"8515"},{"stopId":1304045,"stopName":"Avenida Arequipa","stopTypeGroup":"bus","stopLat":-12.1169354,"stopLon":-77.0290303,"routeNames":"8515"},{"stopId":1304047,"stopName":"Elías Aguirre","stopTypeGroup":"bus","stopLat":-12.1169197,"stopLon":-77.0345986,"routeNames":"8515"},{"stopId":1329835,"stopName":"General Suárez","stopTypeGroup":"bus","stopLat":-12.1168882,"stopLon":-77.0275363,"routeNames":"8515"},{"stopId":1304048,"stopName":"Comandante Espinar","stopTypeGroup":"bus","stopLat":-12.116883,"stopLon":-77.0367175,"routeNames":"8515"},{"stopId":761196,"stopName":"Tovar","stopTypeGroup":"bus","stopLat":-12.1168279,"stopLon":-77.0448406,"routeNames":"1057 1110 1491 1701 1702 1704 1706 3816 4511 4911-(Lima-Callao) 7501 7505 8306 8515 8523 8525 8616 CR14 CR71 CR75 IM18 IO03 IO07 IO14-(Lima-Callao) IO30b IO89 OM18 OM19 OM21 OM36 OM37"},{"stopId":1131525,"stopName":"Teniente Enrique Palacios","stopTypeGroup":"bus","stopLat":-12.1167047,"stopLon":-77.0273995,"routeNames":"4911-(Lima-Callao) IO14-(Lima-Callao)"},{"stopId":761316,"stopName":"Tovar","stopTypeGroup":"bus","stopLat":-12.1167007,"stopLon":-77.0450766,"routeNames":"1057 1110 1491 1612 1701 1702 1704 1706 3816 4511 4911-(Lima-Callao) 7501 7505 8306 8515 8523 8525 8616 CR14 CR71 CR75 IM18 IO03 IO07 IO14-(Lima-Callao) IO30b IO89 OM18 OM19 OM21 OM36 OM37"},{"stopId":1196301,"stopName":"Ugarte","stopTypeGroup":"bus","stopLat":-12.1162158,"stopLon":-77.0428163,"routeNames":"1612 4405 4703 8611 CR02 CR31 CR38 CR39 IO50"},{"stopId":735452,"stopName":"Piura","stopTypeGroup":"bus","stopLat":-12.1160097,"stopLon":-77.029379,"routeNames":"301 305"},{"stopId":1019067,"stopName":"Los Ángeles","stopTypeGroup":"bus","stopLat":-12.1159597,"stopLon":-77.0098546,"routeNames":"1099 7505 7612 7613 8201 8611 8612 8614 8619 8621 8703 8704 8711 8714 8715 8803 9801-(Lima-Callao) SH24"},{"stopId":1327194,"stopName":"Manuel Tovar","stopTypeGroup":"bus","stopLat":-12.1159494,"stopLon":-77.0443296,"routeNames":"4405 4703 8611 CR02 CR31 CR38 CR39"},{"stopId":735429,"stopName":"Piura","stopTypeGroup":"bus","stopLat":-12.1156163,"stopLon":-77.0296043,"routeNames":"301 305"},{"stopId":935969,"stopName":"San Agustín","stopTypeGroup":"bus","stopLat":-12.1155672,"stopLon":-77.0183242,"routeNames":"1053 1055 3702 3805 7607 7610 8308"},{"stopId":1300304,"stopName":"Sanzio","stopTypeGroup":"bus","stopLat":-12.115556,"stopLon":-76.9991076,"routeNames":"1060 1061 1804 2701-(Lima-Callao) 2703 3810 3813 3814 4703 7103 7601 8520 8605 8617 8729 CR19 IM22 IO06 IO28b OM33"},{"stopId":828127,"stopName":"Los Ángeles","stopTypeGroup":"bus","stopLat":-12.1155049,"stopLon":-77.0101798,"routeNames":"1099 2803 7505 7612 7613 8201 8611 8612 8614 8619 8621 8703 8704 8711 8714 8715 8803 9801-(Lima-Callao) SH24"},{"stopId":1300303,"stopName":"Sanzio","stopTypeGroup":"bus","stopLat":-12.1154249,"stopLon":-76.999408,"routeNames":"1060 1061 1804 2701-(Lima-Callao) 2703 3810 3813 3814 4703 7103 7601 8520 8605 8617 8729 CR19 IM22 IO06 IO28b OM33"},{"stopId":935996,"stopName":"San Agustín","stopTypeGroup":"bus","stopLat":-12.1153696,"stopLon":-77.0184051,"routeNames":"1053 1055 3702 3805 7607 7610 8308"},{"stopId":761197,"stopName":"Pacheco","stopTypeGroup":"bus","stopLat":-12.1153515,"stopLon":-77.046293,"routeNames":"1057 1110 1491 1701 1702 1704 1706 3816 4511 4911-(Lima-Callao) 7501 7505 8306 8515 8523 8525 8616 CR14 CR71 CR75 IM18 IO03 IO07 IO14-(Lima-Callao) IO30b IO89 OM18 OM19 OM21 OM36 OM37"},{"stopId":761315,"stopName":"Pacheco","stopTypeGroup":"bus","stopLat":-12.1152754,"stopLon":-77.04647,"routeNames":"1057 1110 1491 1612 1701 1702 1704 1706 3816 4511 4911-(Lima-Callao) 7501 7505 8306 8515 8523 8525 8616 CR14 CR71 CR75 IM18 IO03 IO07 IO14-(Lima-Callao) IO30b IO89 OM18 OM19 OM21 OM36 OM37"},{"stopId":1196302,"stopName":"Capello","stopTypeGroup":"bus","stopLat":-12.1147673,"stopLon":-77.0442199,"routeNames":"1612 4405 4703 8611 CR02 CR31 CR38 CR39 IO50"},{"stopId":827186,"stopName":"Las Flores","stopTypeGroup":"bus","stopLat":-12.1146172,"stopLon":-77.028569,"routeNames":"1047 4911-(Lima-Callao) IO14-(Lima-Callao) NH25"},{"stopId":1327193,"stopName":"Toribio Pacheco","stopTypeGroup":"bus","stopLat":-12.1144703,"stopLon":-77.0457351,"routeNames":"4405 4703 8611 CR02 CR31 CR38 CR39"},{"stopId":737353,"stopName":"Aricota","stopTypeGroup":"bus","stopLat":-12.1144284,"stopLon":-76.9915974,"routeNames":"1059 1703-(Lima-Callao) 2702 3701 3809 7504 7614 8104 8523 8803"},{"stopId":1304649,"stopName":"General Vidal","stopTypeGroup":"bus","stopLat":-12.1144179,"stopLon":-77.0272923,"routeNames":"4911-(Lima-Callao) IO14-(Lima-Callao)"},{"stopId":736433,"stopName":"Aricota","stopTypeGroup":"bus","stopLat":-12.1143602,"stopLon":-76.9918442,"routeNames":"1059 1703-(Lima-Callao) 2702 3701 3809 7504 7614 8104 8523 8803"},{"stopId":1304121,"stopName":"Angamos Oeste","stopTypeGroup":"bus","stopLat":-12.1141479,"stopLon":-77.0368382,"routeNames":"1701 336 3408 4405 4703 7505 7606 7613 8523 8611 8612 8617 CR02 CR31 CR38 CR39 CR71"},{"stopId":868273,"stopName":"Santa Cruz","stopTypeGroup":"bus","stopLat":-12.1141084,"stopLon":-77.0397511,"routeNames":"4609 4610 4622 7612 7614 8614"},{"stopId":868231,"stopName":"Comandante Espinar","stopTypeGroup":"bus","stopLat":-12.1140586,"stopLon":-77.0371091,"routeNames":"4609 4610 4622 7612 7614 8614 IO50"},{"stopId":1041145,"stopName":"Santa Cruz","stopTypeGroup":"bus","stopLat":-12.1140363,"stopLon":-77.0400539,"routeNames":"4609 4610 4622 7612 7614 8614 IO50"},{"stopId":868272,"stopName":"Comandante Espinar","stopTypeGroup":"bus","stopLat":-12.1139721,"stopLon":-77.0367014,"routeNames":"1701 3408 4405 4609 4610 4622 4703 7505 7612 7613 7614 8523 8605 8611 8612 8614 8617 8619 CR02 CR31 CR38 CR39 CR71"},{"stopId":761198,"stopName":"Polo","stopTypeGroup":"bus","stopLat":-12.1139314,"stopLon":-77.0477079,"routeNames":"1057 1110 1491 1701 1702 1704 1706 3816 4511 4911-(Lima-Callao) 7501 7505 8306 8515 8523 8525 8616 CR14 CR71 CR75 IM18 IO03 IO07 IO14-(Lima-Callao) IO30b IO89 OM18 OM19 OM21 OM36 OM37"},{"stopId":868232,"stopName":"General Borgoño","stopTypeGroup":"bus","stopLat":-12.1139144,"stopLon":-77.0335579,"routeNames":"1701 3408 4405 4609 4610 4622 4703 7505 7612 7613 7614 8523 8605 8611 8612 8614 8617 8619 CR02 CR31 CR38 CR39 CR71"},{"stopId":732423,"stopName":"Angamos","stopTypeGroup":"bus","stopLat":-12.1139091,"stopLon":-77.0297411,"routeNames":"301 303 305"},{"stopId":1304122,"stopName":"Angamos Oeste","stopTypeGroup":"bus","stopLat":-12.1138986,"stopLon":-77.0369911,"routeNames":"336 7606 8605 8619 NH25"},{"stopId":761314,"stopName":"Natura","stopTypeGroup":"bus","stopLat":-12.1138488,"stopLon":-77.0478836,"routeNames":"1057 1110 1491 1612 1701 1702 1704 1706 3816 4511 4911-(Lima-Callao) 7501 7505 8306 8515 8523 8525 8616 CR14 CR71 CR75 IM18 IO03 IO07 IO14-(Lima-Callao) IO30b IO89 OM18 OM19 OM21 OM36 OM37"},{"stopId":868271,"stopName":"General Borgoño","stopTypeGroup":"bus","stopLat":-12.1138357,"stopLon":-77.0333648,"routeNames":"1701 3408 4405 4609 4610 4622 4703 7505 7612 7613 7614 8523 8605 8611 8612 8614 8617 8619 CR02 CR31 CR38 CR39 CR71"},{"stopId":868233,"stopName":"Arequipa","stopTypeGroup":"bus","stopLat":-12.1137885,"stopLon":-77.0300549,"routeNames":"1701 3408 4405 4609 4610 4622 4703 7505 7612 7613 7614 8523 8605 8611 8612 8614 8617 8619 CR02 CR31 CR38 CR39 CR71 OM33"},{"stopId":868268,"stopName":"Arequipa","stopTypeGroup":"bus","stopLat":-12.1136941,"stopLon":-77.0296311,"routeNames":"1701 3408 4405 4609 4610 4622 4703 7505 7612 7613 7614 8523 8605 8611 8612 8614 8617 8619 CR02 CR31 CR38 CR39 CR71 OM33"},{"stopId":1589496,"stopName":"Angamos","stopTypeGroup":"bus","stopLat":-12.1136049,"stopLon":-77.0255005},{"stopId":868234,"stopName":"Paseo de la República","stopTypeGroup":"bus","stopLat":-12.1135944,"stopLon":-77.02645,"routeNames":"1701 3408 4405 4609 4610 4622 4703 4911-(Lima-Callao) 7505 7612 7613 7614 8523 8605 8611 8612 8614 8617 8619 CR02 CR31 CR38 CR39 CR71 IO14-(Lima-Callao) OM33 SH24"},{"stopId":732419,"stopName":"Angamos","stopTypeGroup":"bus","stopLat":-12.1135472,"stopLon":-77.0299691,"routeNames":"301 303 305"},{"stopId":826042,"stopName":"Angamos","stopTypeGroup":"bus","stopLat":-12.1135026,"stopLon":-77.0259243,"routeNames":"B C EX1 EX12 EX3 EX5 EX6 EX7 EX8 EX9 SX"},{"stopId":868265,"stopName":"Paseo de la República","stopTypeGroup":"bus","stopLat":-12.1133899,"stopLon":-77.0254093,"routeNames":"1701 2703 3408 4405 4609 4610 4622 4703 4911-(Lima-Callao) 7505 7612 7613 7614 8523 8605 8611 8612 8614 8617 8619 8703 8704 8711 8714 8715 CR02 CR31 CR38 CR39 CR71 IO14-(Lima-Callao) IO28b OM33 SH24"},{"stopId":1196303,"stopName":"Merino","stopTypeGroup":"bus","stopLat":-12.1133681,"stopLon":-77.0455843,"routeNames":"1612 4405 4703 8611 CR02 CR31 CR38 CR39 IO50"},{"stopId":827332,"stopName":"Angamos","stopTypeGroup":"bus","stopLat":-12.1133164,"stopLon":-77.0263213,"routeNames":"1047 2703 IO28b"},{"stopId":868236,"stopName":"Irribarren","stopTypeGroup":"bus","stopLat":-12.1133059,"stopLon":-77.0223838,"routeNames":"1701 2703 3408 4405 4609 4610 4622 4703 4911-(Lima-Callao) 7505 7612 7613 7614 8523 8605 8611 8612 8614 8617 8619 8703 8704 8711 8714 8715 CR02 CR31 CR38 CR39 CR71 IO14-(Lima-Callao) IO28b OM33 SH24"},{"stopId":737354,"stopName":"Monterrey","stopTypeGroup":"bus","stopLat":-12.113222,"stopLon":-76.9924021,"routeNames":"1059 1703-(Lima-Callao) 2702 3809 7504 7614 8104 8523 8803"},{"stopId":868263,"stopName":"Iribarren","stopTypeGroup":"bus","stopLat":-12.1131643,"stopLon":-77.0222443,"routeNames":"1701 2703 3408 4405 4609 4610 4622 4703 4911-(Lima-Callao) 7505 7612 7613 7614 8523 8605 8611 8612 8614 8617 8619 8703 8704 8711 8714 8715 CR02 CR31 CR38 CR39 CR71 IO14-(Lima-Callao) IO28b OM33 SH24"},{"stopId":935970,"stopName":"Angamos","stopTypeGroup":"bus","stopLat":-12.11316,"stopLon":-77.0183792,"routeNames":"1053 1055 3702 3805 7607 7610 8308"},{"stopId":868237,"stopName":"República de Panamá","stopTypeGroup":"bus","stopLat":-12.1130489,"stopLon":-77.0185697,"routeNames":"1701 2703 3408 4405 4609 4610 4622 4703 4911-(Lima-Callao) 7505 7612 7613 7614 8523 8605 8611 8612 8614 8617 8619 8703 8704 8711 8714 8715 CR02 CR31 CR38 CR39 CR71 IO14-(Lima-Callao) IO28b OM33 SH24"},{"stopId":736432,"stopName":"Monterrey","stopTypeGroup":"bus","stopLat":-12.1130227,"stopLon":-76.9926918,"routeNames":"1059 1703-(Lima-Callao) 2702 3701 3809 7504 7614 8104 8523 8803"},{"stopId":828191,"stopName":"Angamos","stopTypeGroup":"bus","stopLat":-12.1129099,"stopLon":-77.0118803,"routeNames":"1099 2803 7505 7612 7613 8201 8611 8612 8614 8619 8621 8703 8704 8711 8714 8715 8803 9801-(Lima-Callao) SH24"},{"stopId":868238,"stopName":"San Felipe","stopTypeGroup":"bus","stopLat":-12.1129021,"stopLon":-77.0163971,"routeNames":"1701 2703 3408 4405 4609 4610 4622 4703 4911-(Lima-Callao) 7505 7612 7613 7614 8523 8605 8611 8612 8614 8617 8619 8703 8704 8711 8714 8715 9405-(Lima-Callao) CR02 CR31 CR38 CR39 CR71 IO14-(Lima-Callao) IO28b OM33 SH24"},{"stopId":868262,"stopName":"República De Panamá","stopTypeGroup":"bus","stopLat":-12.1128863,"stopLon":-77.0182371,"routeNames":"1701 2703 3408 4405 4609 4610 4622 4703 4911-(Lima-Callao) 7505 7612 7613 7614 8523 8605 8611 8612 8614 8617 8619 8703 8704 8711 8714 8715 9405-(Lima-Callao) CR02 CR31 CR38 CR39 CR71 IO14-(Lima-Callao) IO28b OM33 SH24"},{"stopId":868260,"stopName":"San Felipe","stopTypeGroup":"bus","stopLat":-12.1127657,"stopLon":-77.0162362,"routeNames":"1701 2703 3408 4405 4609 4610 4622 4703 4911-(Lima-Callao) 7505 7612 7613 7614 8523 8605 8611 8612 8614 8617 8619 8703 8704 8711 8714 8715 9405-(Lima-Callao) CR02 CR31 CR38 CR39 CR71 IO14-(Lima-Callao) IO28b OM33 SH24"},{"stopId":1327192,"stopName":"José Toribio Polo","stopTypeGroup":"bus","stopLat":-12.1127605,"stopLon":-77.0474303,"routeNames":"4405 8611"},{"stopId":935995,"stopName":"Angamos","stopTypeGroup":"bus","stopLat":-12.11274,"stopLon":-77.0184496,"routeNames":"1053 1055 3702 3805 7607 7610 8308 9405-(Lima-Callao)"},{"stopId":868239,"stopName":"Marsano","stopTypeGroup":"bus","stopLat":-12.1126398,"stopLon":-77.0123577,"routeNames":"1701 2703 3408 4405 4609 4610 4622 4703 4911-(Lima-Callao) 7505 7612 7613 7614 8523 8605 8611 8612 8614 8617 8619 8703 8704 8711 8714 8715 9405-(Lima-Callao) CR02 CR31 CR38 CR39 CR71 IO14-(Lima-Callao) IO28b OM33 SH24"},{"stopId":868259,"stopName":"Marsano","stopTypeGroup":"bus","stopLat":-12.1124484,"stopLon":-77.0119634,"routeNames":"1701 2703 3408 4405 4609 4610 4622 4703 4911-(Lima-Callao) 7614 8523 8605 8617 9405-(Lima-Callao) CR02 CR31 CR38 CR39 CR71 IO14-(Lima-Callao) IO28b OM33"},{"stopId":868240,"stopName":"Miguel Iglesias","stopTypeGroup":"bus","stopLat":-12.1124326,"stopLon":-77.0097077,"routeNames":"1701 2703 3408 4405 4609 4610 4622 4703 4911-(Lima-Callao) 7614 8523 8605 8617 9405-(Lima-Callao) CR02 CR31 CR38 CR39 CR71 IO14-(Lima-Callao) IO28b OM33"},{"stopId":868258,"stopName":"Miguel Iglesias","stopTypeGroup":"bus","stopLat":-12.1123094,"stopLon":-77.009536,"routeNames":"1701 2703 3408 4405 4609 4610 4622 4703 4911-(Lima-Callao) 7614 8523 8605 8617 9405-(Lima-Callao) CR02 CR31 CR38 CR39 CR71 IO14-(Lima-Callao) IO28b OM33"},{"stopId":868241,"stopName":"Principal","stopTypeGroup":"bus","stopLat":-12.1122674,"stopLon":-77.0073956,"routeNames":"1701 2703 3408 4405 4609 4610 4622 4703 4911-(Lima-Callao) 7614 8523 8605 8617 9405-(Lima-Callao) CR02 CR31 CR38 CR39 CR71 IO14-(Lima-Callao) IO28b OM33"},{"stopId":828126,"stopName":"Angamos","stopTypeGroup":"bus","stopLat":-12.1122183,"stopLon":-77.012406,"routeNames":"1099 2803 8201 8621 8803 9801-(Lima-Callao)"},{"stopId":1315895,"stopName":"Dante","stopTypeGroup":"bus","stopLat":-12.112215,"stopLon":-77.0235801,"routeNames":"8714 8715"},{"stopId":868256,"stopName":"Raúl Porras Barrenechea","stopTypeGroup":"bus","stopLat":-12.1121311,"stopLon":-77.0070201,"routeNames":"1701 2703 3408 4405 4609 4610 4622 4703 4911-(Lima-Callao) 7614 8523 8605 8617 9405-(Lima-Callao) CR02 CR31 CR38 CR39 CR71 IO14-(Lima-Callao) IO28b OM33"},{"stopId":868242,"stopName":"Ricardo Malachowsky","stopTypeGroup":"bus","stopLat":-12.1120314,"stopLon":-77.0035574,"routeNames":"1701 2703 3408 4405 4609 4610 4622 4703 4911-(Lima-Callao) 7614 8523 8605 8617 9405-(Lima-Callao) CR02 CR31 CR38 CR39 CR71 IO14-(Lima-Callao) IO28b OM33"},{"stopId":868255,"stopName":"Ricardo Malachowsky","stopTypeGroup":"bus","stopLat":-12.1118898,"stopLon":-77.0033294,"routeNames":"1701 2703 3408 4405 4609 4610 4622 4703 4911-(Lima-Callao) 7614 8523 8605 8617 9405-(Lima-Callao) CR02 CR31 CR38 CR39 CR71 IO14-(Lima-Callao) IO28b OM33"},{"stopId":1196304,"stopName":"Villareal","stopTypeGroup":"bus","stopLat":-12.1118888,"stopLon":-77.047068,"routeNames":"1612 4405 4703 8611 CR02 CR31 CR38 CR39 IO50"},{"stopId":868243,"stopName":"Aviación","stopTypeGroup":"bus","stopLat":-12.111819,"stopLon":-77.0003924,"routeNames":"1701 2703 3408 4405 4609 4610 4622 4703 4911-(Lima-Callao) 7614 8523 8605 8617 9405-(Lima-Callao) CR02 CR31 CR38 CR39 CR71 IO14-(Lima-Callao) IO28b OM33"},{"stopId":1676890,"stopName":"La Mar","stopTypeGroup":"bus","stopLat":-12.1117587,"stopLon":-77.0470655,"routeNames":"1612"},{"stopId":761199,"stopName":"Melgar","stopTypeGroup":"bus","stopLat":-12.1117534,"stopLon":-77.0498282,"routeNames":"1057 1110 1491 1701 1702 1704 1706 3816 4405 4511 4703 4911-(Lima-Callao) 7501 7505 8306 8515 8523 8525 CR02 CR14 CR31 CR38 CR39 CR71 CR75 IM18 IO03 IO07 IO14-(Lima-Callao) IO30b IO89 OM18 OM19 OM21 OM36 OM37"},{"stopId":827187,"stopName":"Lizardo Montero","stopTypeGroup":"bus","stopLat":-12.111701,"stopLon":-77.0290089,"routeNames":"1047 IO28b NH25"},{"stopId":735453,"stopName":"Lizardo Montero","stopTypeGroup":"bus","stopLat":-12.11168,"stopLon":-77.0301354,"routeNames":"301 305"},{"stopId":868249,"stopName":"Aviación","stopTypeGroup":"bus","stopLat":-12.111638,"stopLon":-76.9999176,"routeNames":"1701 1703-(Lima-Callao) 3408 4609 4610 4622 7614 8523 8729 9405-(Lima-Callao) CR02 CR31 CR38 CR39 CR71 IO14-(Lima-Callao)"},{"stopId":737355,"stopName":"Primavera","stopTypeGroup":"bus","stopLat":-12.1115961,"stopLon":-76.9934052,"routeNames":"1059 1703-(Lima-Callao) 2702 3701 3809 7504 7614 8104 8523 8803"},{"stopId":1331909,"stopName":"Hipólito Unanue","stopTypeGroup":"bus","stopLat":-12.1115698,"stopLon":-77.0483798,"routeNames":"8611"},{"stopId":868244,"stopName":"Caminos del Inca","stopTypeGroup":"bus","stopLat":-12.1114492,"stopLon":-76.9940972,"routeNames":"1701 1703-(Lima-Callao) 3408 3701 4609 4610 4622 7614 8523 8729 9405-(Lima-Callao) CR02 CR31 CR38 CR39 CR71 IO14-(Lima-Callao)"},{"stopId":735428,"stopName":"Ayacucho","stopTypeGroup":"bus","stopLat":-12.1113679,"stopLon":-77.0303231,"routeNames":"301 305"},{"stopId":868248,"stopName":"San Luis","stopTypeGroup":"bus","stopLat":-12.1110978,"stopLon":-76.9932872,"routeNames":"1701 3408 4609 4610 4622 8729 9405-(Lima-Callao) CR02 CR31 CR38 CR39 CR71 IO14-(Lima-Callao)"},{"stopId":1332413,"stopName":"Jirón Lizardo Montero","stopTypeGroup":"bus","stopLat":-12.1110821,"stopLon":-77.0235318,"routeNames":"8703 8704"},{"stopId":1041144,"stopName":"Ignacio Merino","stopTypeGroup":"bus","stopLat":-12.1110367,"stopLon":-77.0430292,"routeNames":"4609 4610 4622 7612 7614 8614 IO50"},{"stopId":736431,"stopName":"Angamos","stopTypeGroup":"bus","stopLat":-12.1109824,"stopLon":-76.9939202,"routeNames":"1059 2702 3809 7504 8104 8803"},{"stopId":761313,"stopName":"Choquehuanca","stopTypeGroup":"bus","stopLat":-12.1109457,"stopLon":-77.0507509,"routeNames":"1057 1110 1491 1701 1702 1704 1706 3816 4405 4511 4703 4911-(Lima-Callao) 7501 7505 8306 8515 8523 8525 CR02 CR14 CR31 CR38 CR39 CR71 CR75 IM18 IO03 IO07 IO14-(Lima-Callao) IO30b IO89 OM18 OM19 OM21 OM36 OM37"},{"stopId":737687,"stopName":"Primavera","stopTypeGroup":"bus","stopLat":-12.1109453,"stopLon":-76.9779753,"routeNames":"1054 1058 1801-(Lima-Callao) 1802 2804-(Lima-Callao) 2805 3408 3705 4511 7101 7204 8105 8107 8108 8109 8110 8111 8112 8209 8211 8212 8214 8302 8404 8406 8502 8503 8504 8505 8506 8507 8508 8510 8511 8513 8618 9802-(Lima-Callao) CR75 IM06 IM18"},{"stopId":1019068,"stopName":"Salvador Allende","stopTypeGroup":"bus","stopLat":-12.110887,"stopLon":-77.0132177,"routeNames":"1099 2803 8201 8621 8803 9801-(Lima-Callao)"},{"stopId":1304123,"stopName":"Óvalo Gutiérrez","stopTypeGroup":"bus","stopLat":-12.1108117,"stopLon":-77.0368007,"routeNames":"336 7606 8605 8619 Airport-Express-Lima"},{"stopId":1019610,"stopName":"San Fernando","stopTypeGroup":"bus","stopLat":-12.1107817,"stopLon":-77.0134422,"routeNames":"1099 2803 8201 8621 8803 9801-(Lima-Callao)"},{"stopId":868245,"stopName":"Velasco Astete","stopTypeGroup":"bus","stopLat":-12.110728,"stopLon":-76.9847229,"routeNames":"1701 3408 4609 4610 4622 9405-(Lima-Callao) CR02 CR31 CR38 CR39 CR71 IO14-(Lima-Callao)"},{"stopId":868247,"stopName":"Velasco Astete","stopTypeGroup":"bus","stopLat":-12.1105628,"stopLon":-76.984342,"routeNames":"1701 3408 4609 4610 4622 9405-(Lima-Callao) CR02 CR31 CR38 CR39 CR71 IO14-(Lima-Callao)"},{"stopId":1300301,"stopName":"Estación Angamos","stopTypeGroup":"bus","stopLat":-12.1105366,"stopLon":-77.0004916,"routeNames":"1060 1061 1703-(Lima-Callao) 1804 2701-(Lima-Callao) 3701 3810 3813 3814 4405 4911-(Lima-Callao) 7103 7601 8520 CR19 IM22 IO06"},{"stopId":1300302,"stopName":"Estación Angamos","stopTypeGroup":"bus","stopLat":-12.1105366,"stopLon":-77.0002288,"routeNames":"1060 1061 1804 2701-(Lima-Callao) 3701 3810 3813 3814 4405 7103 7601 8520 CR19 IM22 IO06"},{"stopId":1196305,"stopName":"Unanue","stopTypeGroup":"bus","stopLat":-12.1105143,"stopLon":-77.0483744,"routeNames":"1612 4622 7614 IO50"},{"stopId":1041142,"stopName":"Parque Mora","stopTypeGroup":"bus","stopLat":-12.1103919,"stopLon":-77.0472396,"routeNames":"1612 4609 4610 4622 7612 7614 8614 IO50"},{"stopId":738090,"stopName":"Angamos","stopTypeGroup":"metro","stopLat":-12.1103058,"stopLon":-77.000387,"routeNames":"Línea-1"},{"stopId":868246,"stopName":"Puente Primavera","stopTypeGroup":"bus","stopLat":-12.1103051,"stopLon":-76.9782521,"routeNames":"1701 3408 4609 4610 4622 9405-(Lima-Callao) CR02 CR31 CR38 CR39 CR71 IO14-(Lima-Callao)"},{"stopId":761177,"stopName":"Puente Primavera","stopTypeGroup":"bus","stopLat":-12.1101324,"stopLon":-76.9782702,"routeNames":"1701 3408 4609 4610 4622 9405-(Lima-Callao) CR02 CR14 CR31 CR38 CR39 CR71 CR75 IM18 IO14-(Lima-Callao)"},{"stopId":935971,"stopName":"Barbieri","stopTypeGroup":"bus","stopLat":-12.1099222,"stopLon":-77.0184642,"routeNames":"1053 1055 3702 3805 7607 7610 8308 9405-(Lima-Callao)"},{"stopId":761340,"stopName":"Encalada","stopTypeGroup":"bus","stopLat":-12.1098967,"stopLon":-76.973058,"routeNames":"1701 3408 4609 4610 4622 9405-(Lima-Callao) CR02 CR14 CR31 CR38 CR39 CR71 CR75 IM18 IO14-(Lima-Callao)"},{"stopId":1304124,"stopName":"Óvalo Guitérrez","stopTypeGroup":"bus","stopLat":-12.1098652,"stopLon":-77.0373505,"routeNames":"336 8605 8619 Airport-Express-Lima NH25"},{"stopId":935993,"stopName":"Barbieri","stopTypeGroup":"bus","stopLat":-12.1097613,"stopLon":-77.0185311,"routeNames":"1053 1055 3702 3805 7607 7610 8308 9405-(Lima-Callao)"},{"stopId":761176,"stopName":"Encalada","stopTypeGroup":"bus","stopLat":-12.1096921,"stopLon":-76.9723767,"routeNames":"1701 CR02 CR14 CR39 CR71 CR75 IM18"},{"stopId":827188,"stopName":"Salaverry","stopTypeGroup":"bus","stopLat":-12.1096869,"stopLon":-77.0293844,"routeNames":"1047 IO28b NH25"},{"stopId":1304648,"stopName":"Avenida Primavera","stopTypeGroup":"bus","stopLat":-12.1096502,"stopLon":-76.9727844,"routeNames":"3408 4609 4610 4622 9405-(Lima-Callao) CR31 CR38 IO14-(Lima-Callao)"},{"stopId":1196306,"stopName":"Cordova","stopTypeGroup":"bus","stopLat":-12.1093499,"stopLon":-77.0484441,"routeNames":"1612 4622 7614 IO50"},{"stopId":1332412,"stopName":"Jirón Salaverry","stopTypeGroup":"bus","stopLat":-12.109068,"stopLon":-77.0236444,"routeNames":"8703 8704"},{"stopId":828192,"stopName":"Alejandro Peralta","stopTypeGroup":"bus","stopLat":-12.1090601,"stopLon":-77.0145062,"routeNames":"1099 2803 8201 8621 8803 9801-(Lima-Callao)"},{"stopId":828124,"stopName":"Flaubert","stopTypeGroup":"bus","stopLat":-12.1088687,"stopLon":-77.0148468,"routeNames":"1099 2803 8201 8621 8803 9801-(Lima-Callao)"},{"stopId":735454,"stopName":"Tenaud","stopTypeGroup":"bus","stopLat":-12.108866,"stopLon":-77.0306048,"routeNames":"301 305"},{"stopId":737562,"stopName":"Primavera","stopTypeGroup":"bus","stopLat":-12.1087699,"stopLon":-76.9786502,"routeNames":"1054 1058 1801-(Lima-Callao) 1802 2804-(Lima-Callao) 2805 3705 4511 7101 7204 8105 8107 8108 8109 8110 8111 8112 8209 8211 8212 8214 8302 8404 8406 8502 8503 8504 8505 8506 8507 8508 8510 8511 8513 8618 9802-(Lima-Callao) IM06"},{"stopId":735427,"stopName":"Andalucía","stopTypeGroup":"bus","stopLat":-12.1087061,"stopLon":-77.0307818,"routeNames":"301 305"},{"stopId":1303851,"stopName":"Domingo Orué","stopTypeGroup":"bus","stopLat":-12.1086536,"stopLon":-77.0261067,"routeNames":"2703 8703 8704"},{"stopId":1323992,"stopName":"Víctor Martua","stopTypeGroup":"bus","stopLat":-12.1086379,"stopLon":-77.0480794,"routeNames":"1612 IO50"},{"stopId":826041,"stopName":"Domingo Orué","stopTypeGroup":"bus","stopLat":-12.1086143,"stopLon":-77.0263642,"routeNames":"B C"},{"stopId":827331,"stopName":"Domingo Orué","stopTypeGroup":"bus","stopLat":-12.1085854,"stopLon":-77.0267022,"routeNames":"1047 2703 IO28b"},{"stopId":1196260,"stopName":"Victor Maurtua","stopTypeGroup":"bus","stopLat":-12.1084814,"stopLon":-77.0481106,"routeNames":"1612 IO50"},{"stopId":737356,"stopName":"Joaquín de la Madrid","stopTypeGroup":"bus","stopLat":-12.1081081,"stopLon":-76.9924423,"routeNames":"1059 2702 3809 7504 8104 8803"},{"stopId":1041147,"stopName":"Álamo","stopTypeGroup":"bus","stopLat":-12.1080458,"stopLon":-76.9719852,"routeNames":"3408 4609 4610 4622 9405-(Lima-Callao) CR31 CR38 IO14-(Lima-Callao)"},{"stopId":2036950,"stopName":"Terminal OLTURSA - Surquillo","stopTypeGroup":"bus","stopLat":-12.107906181130133,"stopLon":-77.0176684856415},{"stopId":1041127,"stopName":"Álamo","stopTypeGroup":"bus","stopLat":-12.1078777,"stopLon":-76.9720353,"routeNames":"3408 4609 4610 4622 9405-(Lima-Callao) CR31 CR38 IO14-(Lima-Callao)"},{"stopId":736430,"stopName":"Joaquín de la Madrid","stopTypeGroup":"bus","stopLat":-12.1076938,"stopLon":-76.9925523,"routeNames":"1059 2702 3809 7504 8104 8803"},{"stopId":1001733,"stopName":"Coronel Portillo","stopTypeGroup":"bus","stopLat":-12.107676,"stopLon":-77.0540415,"routeNames":"1-(Expreso-San-Isidro) 1057 1110 1491 1701 1702 1704 1706 3816 4405 4511 4703 4911-(Lima-Callao) 7501 7505 8306 8515 8523 8525 CR02 CR14 CR31 CR38 CR39 CR71 CR75 IM18 IO03 IO07 IO14-(Lima-Callao) IO30b IO89 OM18 OM19 OM21 OM36 OM37"},{"stopId":1304126,"stopName":"Pardo y Aliaga","stopTypeGroup":"bus","stopLat":-12.1074053,"stopLon":-77.0370983,"routeNames":"336 8605 8619"},{"stopId":1304125,"stopName":"Francisco Tudela y Varela","stopTypeGroup":"bus","stopLat":-12.1073004,"stopLon":-77.0395392,"routeNames":"336 8605 8619 NH25"},{"stopId":1300300,"stopName":"Joaquín de La Madrid","stopTypeGroup":"bus","stopLat":-12.1072165,"stopLon":-77.0007062,"routeNames":"1060 1061 1703-(Lima-Callao) 1804 2701-(Lima-Callao) 3701 3810 3813 3814 4405 4911-(Lima-Callao) 7103 7601 8520 CR19 IM22 IO06"},{"stopId":761201,"stopName":"Complejo","stopTypeGroup":"bus","stopLat":-12.1071797,"stopLon":-77.0543182,"routeNames":"1057 1110 1491 1701 1702 1704 1706 3816 4405 4511 4703 4911-(Lima-Callao) 7501 7505 8306 8515 8523 8525 CR02 CR14 CR31 CR38 CR39 CR71 CR75 IM18 IO03 IO07 IO14-(Lima-Callao) IO30b IO89 OM18 OM19 OM21 OM36 OM37"},{"stopId":1300299,"stopName":"Joaquín de La Madrid","stopTypeGroup":"bus","stopLat":-12.1068598,"stopLon":-77.0010227,"routeNames":"1060 1061 1703-(Lima-Callao) 1804 2701-(Lima-Callao) 3701 3810 3813 3814 4405 4911-(Lima-Callao) 7103 7601 8520 CR19 IM22 IO06"},{"stopId":1019070,"stopName":"Guardia Civil","stopTypeGroup":"bus","stopLat":-12.1067749,"stopLon":-77.0165035,"routeNames":"1099 2803 8201 8621 8803 9801-(Lima-Callao)"},{"stopId":1002033,"stopName":"Plaza 31","stopTypeGroup":"bus","stopLat":-12.1067636,"stopLon":-77.012208,"routeNames":"2-(Expreso-San-Isidro)"},{"stopId":735426,"stopName":"Los Ángeles","stopTypeGroup":"bus","stopLat":-12.1065477,"stopLon":-77.0311546,"routeNames":"301 305"},{"stopId":1308944,"stopName":"Guardia Civil","stopTypeGroup":"bus","stopLat":-12.1064035,"stopLon":-77.0170569,"routeNames":"1099 2803 8201 8621 9801-(Lima-Callao)"},{"stopId":935972,"stopName":"Domingo Orué","stopTypeGroup":"bus","stopLat":-12.1058712,"stopLon":-77.018544,"routeNames":"1053 1055 3702 3805 7607 7610 8308 9405-(Lima-Callao)"},{"stopId":1196307,"stopName":"Salazar","stopTypeGroup":"bus","stopLat":-12.1058073,"stopLon":-77.0474856,"routeNames":"1612 IO50"},{"stopId":1001734,"stopName":"Residencial Santa Cruz","stopTypeGroup":"bus","stopLat":-12.1057454,"stopLon":-77.0485553,"routeNames":"1-(Expreso-San-Isidro)"},{"stopId":735455,"stopName":"Río de Janeiro","stopTypeGroup":"bus","stopLat":-12.1056613,"stopLon":-77.0311359,"routeNames":"301 305"},{"stopId":1196258,"stopName":"Salazar","stopTypeGroup":"bus","stopLat":-12.1056083,"stopLon":-77.0475125,"routeNames":"1612 IO50"},{"stopId":827189,"stopName":"Río de Janeiro","stopTypeGroup":"bus","stopLat":-12.1055852,"stopLon":-77.030071,"routeNames":"1047 IO28b NH25"},{"stopId":935990,"stopName":"Domingo Orué","stopTypeGroup":"bus","stopLat":-12.1055494,"stopLon":-77.0186974,"routeNames":"1053 1055 3702 3805 7607 7610 8308 9405-(Lima-Callao)"},{"stopId":1304127,"stopName":"Pardo y Aliaga","stopTypeGroup":"bus","stopLat":-12.1055328,"stopLon":-77.0390832,"routeNames":"8605 8619 NH25"},{"stopId":828193,"stopName":"Domingo Orué","stopTypeGroup":"bus","stopLat":-12.1054751,"stopLon":-77.0176792,"routeNames":"1099 2803 8201 8621 9801-(Lima-Callao)"},{"stopId":761202,"stopName":"Huaura","stopTypeGroup":"bus","stopLat":-12.1054174,"stopLon":-77.0559382,"routeNames":"1057 1110 1491 1701 1702 1704 1706 3816 4405 4511 4703 4911-(Lima-Callao) 7501 7505 8306 8515 8523 8525 CR02 CR14 CR31 CR38 CR39 CR71 CR75 IM18 IO03 IO07 IO14-(Lima-Callao) IO30b IO89 OM18 OM19 OM21 OM36 OM37"},{"stopId":1001739,"stopName":"Alberto Ulloa","stopTypeGroup":"bus","stopLat":-12.105382,"stopLon":-77.0402878,"routeNames":"1-(Expreso-San-Isidro)"},{"stopId":828122,"stopName":"Domingo Orué","stopTypeGroup":"bus","stopLat":-12.1052941,"stopLon":-77.0180386,"routeNames":"1099 2803 8201 8621 9801-(Lima-Callao)"},{"stopId":1001740,"stopName":"Paz Soldán","stopTypeGroup":"bus","stopLat":-12.1051472,"stopLon":-77.0371846,"routeNames":"1-(Expreso-San-Isidro) 8605 8619"},{"stopId":1001736,"stopName":"Parque Hermasia Paget","stopTypeGroup":"bus","stopLat":-12.1044021,"stopLon":-77.0445966,"routeNames":"1-(Expreso-San-Isidro)"},{"stopId":737357,"stopName":"Romero Hidalgo","stopTypeGroup":"bus","stopLat":-12.1043946,"stopLon":-76.9934267,"routeNames":"1059 2702 3809 7504 8104 8803"},{"stopId":1002034,"stopName":"Del Parque Sur","stopTypeGroup":"bus","stopLat":-12.1043386,"stopLon":-77.0119885,"routeNames":"2-(Expreso-San-Isidro)"},{"stopId":736429,"stopName":"Romero Hidalgo","stopTypeGroup":"bus","stopLat":-12.1043316,"stopLon":-76.9936466,"routeNames":"1059 2702 3809 7504 8104 8803"},{"stopId":1001732,"stopName":"La Torre","stopTypeGroup":"bus","stopLat":-12.1040334,"stopLon":-77.0573833,"routeNames":"1-(Expreso-San-Isidro) 1057 1110 1491 1701 1702 1704 1706 3816 4405 4511 4703 4911-(Lima-Callao) 7501 7505 8306 8515 8523 8525 CR02 CR14 CR31 CR38 CR39 CR71 CR75 IM18 IO03 IO07 IO14-(Lima-Callao) IO30b IO89 OM18 OM19 OM21 OM36 OM37"},{"stopId":732425,"stopName":"Aramburú","stopTypeGroup":"bus","stopLat":-12.1037153,"stopLon":-77.0314711,"routeNames":"301 303 305"},{"stopId":827190,"stopName":"Aramburú","stopTypeGroup":"bus","stopLat":-12.1035816,"stopLon":-77.0304143,"routeNames":"1047 IO28b NH25"},{"stopId":1304128,"stopName":"General Juan Antonio Pezet","stopTypeGroup":"bus","stopLat":-12.1033474,"stopLon":-77.0386983,"routeNames":"336 8605 8619 NH25"},{"stopId":737688,"stopName":"Pentagonito","stopTypeGroup":"bus","stopLat":-12.1032721,"stopLon":-76.9791198,"routeNames":"1054 1058 1801-(Lima-Callao) 1802 2804-(Lima-Callao) 2805 3705 4511 7101 7204 8105 8107 8108 8109 8110 8111 8112 8209 8211 8212 8214 8302 8404 8406 8502 8503 8504 8505 8506 8507 8508 8510 8511 8513 8618 9802-(Lima-Callao) IM06"},{"stopId":2057513,"stopName":"Hospital Central FAP","stopTypeGroup":"bus","stopLat":-12.103258997337033,"stopLon":-77.0303848385811},{"stopId":1304130,"stopName":"Conde de la Monclova","stopTypeGroup":"bus","stopLat":-12.1031829,"stopLon":-77.036916,"routeNames":"336 8605 8619"},{"stopId":1002032,"stopName":"Guardia Civil","stopTypeGroup":"bus","stopLat":-12.1031559,"stopLon":-77.0151803,"routeNames":"1053 2-(Expreso-San-Isidro) 3702 7610"},{"stopId":737561,"stopName":"Pentagonito","stopTypeGroup":"bus","stopLat":-12.103078,"stopLon":-76.9793344,"routeNames":"1054 1058 1801-(Lima-Callao) 1802 2804-(Lima-Callao) 2805 3705 4511 7101 7204 8105 8107 8108 8109 8110 8111 8112 8209 8211 8212 8214 8302 8404 8406 8502 8503 8504 8505 8506 8507 8508 8510 8511 8513 8618 9802-(Lima-Callao) IM06"},{"stopId":1196308,"stopName":"Pezet","stopTypeGroup":"bus","stopLat":-12.1030592,"stopLon":-77.0479308,"routeNames":"1612 IO50"},{"stopId":761203,"stopName":"Salaverry","stopTypeGroup":"bus","stopLat":-12.1030308,"stopLon":-77.0581377,"routeNames":"1057 1110 1491 1701 1702 1704 1706 3816 4405 4511 4703 4911-(Lima-Callao) 7501 7505 8306 8515 8523 8525 CR02 CR14 CR31 CR38 CR39 CR71 CR75 IM18 IO03 IO07 IO14-(Lima-Callao) IO30b IO89 OM18 OM19 OM21 OM36 OM37"},{"stopId":1303852,"stopName":"Andrés Aramburú","stopTypeGroup":"bus","stopLat":-12.1029994,"stopLon":-77.0270562,"routeNames":"2703"},{"stopId":1196256,"stopName":"Lima","stopTypeGroup":"bus","stopLat":-12.1029752,"stopLon":-77.0516679,"routeNames":"1612 IO50"},{"stopId":1196257,"stopName":"Lima","stopTypeGroup":"bus","stopLat":-12.1029442,"stopLon":-77.0481405,"routeNames":"1612 IO50"},{"stopId":1196309,"stopName":"Portillo","stopTypeGroup":"bus","stopLat":-12.1029246,"stopLon":-77.0512628,"routeNames":"1612 IO50"},{"stopId":826040,"stopName":"Aramburú","stopTypeGroup":"bus","stopLat":-12.102863,"stopLon":-77.0273083,"routeNames":"B C SX"},{"stopId":761309,"stopName":"Salaverry","stopTypeGroup":"bus","stopLat":-12.1027528,"stopLon":-77.0585775,"routeNames":"1491 1702 1706 3507 3511 4405 4703 4911-(Lima-Callao) 7505 8306 8525 CR02 CR14 CR31 CR38 CR39 CR71 CR75 IM18 IO89 OM18"},{"stopId":1308305,"stopName":"Del Parque Sur","stopTypeGroup":"bus","stopLat":-12.1027528,"stopLon":-77.014761,"routeNames":"1053 3702 7610 8803"},{"stopId":2057514,"stopName":"Paseo de la República","stopTypeGroup":"bus","stopLat":-12.102708253493624,"stopLon":-77.0268362760544},{"stopId":827330,"stopName":"Andrés Aramburú","stopTypeGroup":"bus","stopLat":-12.1027004,"stopLon":-77.027598,"routeNames":"1047 2703 IO28b"},{"stopId":732418,"stopName":"Raymundo Morales","stopTypeGroup":"bus","stopLat":-12.1026532,"stopLon":-77.0318078,"routeNames":"301 303 305"},{"stopId":827096,"stopName":"Del Ejército","stopTypeGroup":"bus","stopLat":-12.102627,"stopLon":-77.0582986,"routeNames":"1051 1057 1110 1701 1704 3507 3511 3816 4511 7501 8515 8523 IO03 IO07 IO14-(Lima-Callao) IO30b OM19 OM21 OM36 OM37"},{"stopId":828196,"stopName":"Aramburú","stopTypeGroup":"bus","stopLat":-12.1024014,"stopLon":-77.0186287,"routeNames":"1053 1055 1099 2803 3702 3805 7607 7610 8201 8308 8621 9405-(Lima-Callao) 9801-(Lima-Callao)"},{"stopId":2057515,"stopName":"Los Cisnes","stopTypeGroup":"bus","stopLat":-12.102367316259784,"stopLon":-77.02340304851533},{"stopId":1196255,"stopName":"Juan Delepiani","stopTypeGroup":"bus","stopLat":-12.1022671,"stopLon":-77.0555218,"routeNames":"1612 IO50"},{"stopId":1196310,"stopName":"Juan Delepiani","stopTypeGroup":"bus","stopLat":-12.1022427,"stopLon":-77.0552861,"routeNames":"1612 IO50"},{"stopId":1308948,"stopName":"República de Panamá","stopTypeGroup":"bus","stopLat":-12.1019451,"stopLon":-77.0184517,"routeNames":"1053 3702 7610"},{"stopId":828120,"stopName":"Aramburú","stopTypeGroup":"bus","stopLat":-12.1017772,"stopLon":-77.0189345,"routeNames":"1055 1099 2803 3805 7607 8201 8308 8621 9405-(Lima-Callao) 9801-(Lima-Callao)"},{"stopId":827069,"stopName":"Pezet","stopTypeGroup":"bus","stopLat":-12.1014678,"stopLon":-77.0574886,"routeNames":"1051 1057 1110 1701 1704 3507 3511 3816 4511 7501 8515 8523 IO03 IO07 IO14-(Lima-Callao) IO30b OM19 OM21 OM36 OM37"},{"stopId":1196311,"stopName":"Salaverry","stopTypeGroup":"bus","stopLat":-12.1013283,"stopLon":-77.0572373,"routeNames":"1612 IO50"},{"stopId":1001741,"stopName":"Ernesto Plasencia","stopTypeGroup":"bus","stopLat":-12.1011826,"stopLon":-77.03677,"routeNames":"1-(Expreso-San-Isidro) 8605 8619"},{"stopId":761308,"stopName":"Aliaga","stopTypeGroup":"bus","stopLat":-12.1009957,"stopLon":-77.0609915,"routeNames":"1491 1702 1706 3507 3511 4405 4703 4911-(Lima-Callao) 7505 8306 8525 CR02 CR14 CR31 CR38 CR39 CR71 CR75 IM18 IO89 OM18"},{"stopId":738089,"stopName":"San Borja Sur","stopTypeGroup":"metro","stopLat":-12.1009616,"stopLon":-77.0017201,"routeNames":"Línea-1"},{"stopId":761204,"stopName":"Aliaga","stopTypeGroup":"bus","stopLat":-12.100959,"stopLon":-77.0607287,"routeNames":"1491 1702 1706 3507 3511 4405 4703 4911-(Lima-Callao) 7505 8306 8525 CR02 CR14 CR31 CR38 CR39 CR71 CR75 IM18 IO89 OM18"},{"stopId":827094,"stopName":"Pezet","stopTypeGroup":"bus","stopLat":-12.1009564,"stopLon":-77.0574296,"routeNames":"1-(Expreso-San-Isidro) 1051 1057 1110 1612 1701 1704 3507 3511 3816 4511 7501 8515 8523 IO03 IO07 IO14-(Lima-Callao) IO30b IO50 OM19 OM21 OM36 OM37"},{"stopId":1300295,"stopName":"Estación San Borja Sur","stopTypeGroup":"bus","stopLat":-12.1009223,"stopLon":-77.0018327,"routeNames":"1060 1061 1703-(Lima-Callao) 1804 2701-(Lima-Callao) 3701 3810 3813 3814 4405 4911-(Lima-Callao) 7103 7601 8520 CR19 IM22 IO06"},{"stopId":1300296,"stopName":"Estación San Borja Sur","stopTypeGroup":"bus","stopLat":-12.100917,"stopLon":-77.0016235,"routeNames":"1060 1061 1703-(Lima-Callao) 1804 2701-(Lima-Callao) 3701 3810 3813 3814 4405 4911-(Lima-Callao) 7103 7601 8520 CR19 IM22 IO06"},{"stopId":737358,"stopName":"San Borja Sur","stopTypeGroup":"bus","stopLat":-12.1006705,"stopLon":-76.9945371,"routeNames":"1059 2702 3809 7504 8104 8803"},{"stopId":1002029,"stopName":"Parque Juan Pablo II","stopTypeGroup":"bus","stopLat":-12.1005435,"stopLon":-77.0169866,"routeNames":"2-(Expreso-San-Isidro)"},{"stopId":761307,"stopName":"Marbella","stopTypeGroup":"bus","stopLat":-12.1004318,"stopLon":-77.0625311,"routeNames":"1491 1702 1706 3507 3511 4405 4703 4911-(Lima-Callao) 7505 8306 8525 CR02 CR14 CR31 CR38 CR39 CR71 CR75 IM18 IO89 OM18"},{"stopId":761205,"stopName":"Marbella","stopTypeGroup":"bus","stopLat":-12.1004082,"stopLon":-77.0622629,"routeNames":"1491 1702 1706 3507 3511 4405 4703 4911-(Lima-Callao) 7505 8306 8525 CR02 CR14 CR31 CR38 CR39 CR71 CR75 IM18 IO89 OM18"},{"stopId":1304131,"stopName":"Aurelio Miro Quesada","stopTypeGroup":"bus","stopLat":-12.100382,"stopLon":-77.0379674,"routeNames":"8605 8619 NH25"},{"stopId":1019071,"stopName":"Los Zorzales","stopTypeGroup":"bus","stopLat":-12.1003459,"stopLon":-77.0192726,"routeNames":"1055 1099 2803 3805 7607 8201 8308 8621 9405-(Lima-Callao) 9801-(Lima-Callao)"},{"stopId":1019575,"stopName":"Los Lamentos","stopTypeGroup":"bus","stopLat":-12.1003322,"stopLon":-77.0194183,"routeNames":"1055 1099 2803 3805 7607 8201 8308 8621 9405-(Lima-Callao) 9801-(Lima-Callao)"},{"stopId":1002016,"stopName":"Guardia Civil","stopTypeGroup":"bus","stopLat":-12.1003235,"stopLon":-77.012962,"routeNames":"2-(Expreso-San-Isidro)"},{"stopId":736428,"stopName":"San Borja Sur","stopTypeGroup":"bus","stopLat":-12.1002666,"stopLon":-76.9947463,"routeNames":"1059 2702 3809 7504 8104 8803"},{"stopId":1321149,"stopName":"CEV Los Cisnes","stopTypeGroup":"bus","stopLat":-12.1001407,"stopLon":-77.0239985,"routeNames":"2-(Expreso-San-Isidro)"},{"stopId":1308306,"stopName":"Óvalo José Quiñones","stopTypeGroup":"bus","stopLat":-12.0998785,"stopLon":-77.0130658,"routeNames":"1053 3702 7610 8803"},{"stopId":735456,"stopName":"La Habana","stopTypeGroup":"bus","stopLat":-12.099784,"stopLon":-77.032131,"routeNames":"301 305"},{"stopId":1002026,"stopName":"Arequipa","stopTypeGroup":"bus","stopLat":-12.0997388,"stopLon":-77.0324388,"routeNames":"2-(Expreso-San-Isidro)"},{"stopId":827191,"stopName":"La Habana","stopTypeGroup":"bus","stopLat":-12.0996896,"stopLon":-77.0310795,"routeNames":"1047 IO28b NH25"},{"stopId":735425,"stopName":"Choquehuanca","stopTypeGroup":"bus","stopLat":-12.0995847,"stopLon":-77.0323375,"routeNames":"301 305"},{"stopId":737689,"stopName":"El Derby","stopTypeGroup":"bus","stopLat":-12.0994693,"stopLon":-76.9796187,"routeNames":"1054 1058 1801-(Lima-Callao) 1802 2804-(Lima-Callao) 2805 3705 4511 7101 7204 8105 8107 8108 8109 8110 8111 8112 8209 8211 8212 8214 8302 8404 8406 8502 8503 8504 8505 8506 8507 8508 8510 8511 8513 8618 9802-(Lima-Callao) IM06"},{"stopId":1002027,"stopName":"CEV Los Halcones","stopTypeGroup":"bus","stopLat":-12.0994465,"stopLon":-77.0205606,"routeNames":"2-(Expreso-San-Isidro)"},{"stopId":1001742,"stopName":"El Olívar","stopTypeGroup":"bus","stopLat":-12.0992648,"stopLon":-77.0346618,"routeNames":"1-(Expreso-San-Isidro) 2-(Expreso-San-Isidro)"},{"stopId":1304132,"stopName":"José Choquehuanca","stopTypeGroup":"bus","stopLat":-12.0992176,"stopLon":-77.0363688,"routeNames":"336 8605 8619"},{"stopId":737560,"stopName":"El Derby","stopTypeGroup":"bus","stopLat":-12.0991441,"stopLon":-76.979903,"routeNames":"1054 1058 1801-(Lima-Callao) 1802 2804-(Lima-Callao) 2805 3705 4511 7101 7204 8105 8107 8108 8109 8110 8111 8112 8209 8211 8212 8214 8302 8404 8406 8502 8503 8504 8505 8506 8507 8508 8510 8511 8513 8618 9802-(Lima-Callao) IM06"},{"stopId":1304133,"stopName":"José Choquehuanca","stopTypeGroup":"bus","stopLat":-12.0987874,"stopLon":-77.0370662,"routeNames":"336 8605 8619 NH25"},{"stopId":1768105,"stopName":"Avenida La República","stopTypeGroup":"bus","stopLat":-12.0983703,"stopLon":-76.9758576,"routeNames":"CR54"},{"stopId":1768109,"stopName":"La República","stopTypeGroup":"bus","stopLat":-12.0982424,"stopLon":-76.97555,"routeNames":"CR54"},{"stopId":827071,"stopName":"Alberto del Campo","stopTypeGroup":"bus","stopLat":-12.0981633,"stopLon":-77.0557719,"routeNames":"1051 1057 1110 1612 1701 1704 3507 3511 3816 4511 7501 8515 8523 IO03 IO07 IO14-(Lima-Callao) IO30b IO50 OM19 OM21 OM36 OM37"},{"stopId":1768106,"stopName":"Manuel Olguín","stopTypeGroup":"bus","stopLat":-12.0980713,"stopLon":-76.9735301,"routeNames":"CR54"},{"stopId":828197,"stopName":"Canaval y Moreyra","stopTypeGroup":"bus","stopLat":-12.0980466,"stopLon":-77.020167,"routeNames":"1055 1099 2803 3805 7607 8201 8308 8621 9405-(Lima-Callao) 9801-(Lima-Callao)"},{"stopId":1300298,"stopName":"Fray Luis de León","stopTypeGroup":"bus","stopLat":-12.0980111,"stopLon":-77.0020473,"routeNames":"1060 1061 1703-(Lima-Callao) 1804 2701-(Lima-Callao) 3701 3810 3813 3814 4405 4911-(Lima-Callao) 7103 7601 8520 CR19 IM22 IO06"},{"stopId":1321148,"stopName":"Calle Augusto Tamayo","stopTypeGroup":"bus","stopLat":-12.0979482,"stopLon":-77.0272493,"routeNames":"2-(Expreso-San-Isidro)"},{"stopId":1304637,"stopName":"Manuel Olguin","stopTypeGroup":"bus","stopLat":-12.0979482,"stopLon":-76.9730687,"routeNames":"CR31 CR38 CR54 IO14-(Lima-Callao)"},{"stopId":1300297,"stopName":"Fray Luis de León","stopTypeGroup":"bus","stopLat":-12.0978643,"stopLon":-77.0022619,"routeNames":"1060 1061 1703-(Lima-Callao) 1804 2701-(Lima-Callao) 3701 3810 3813 3814 4405 4911-(Lima-Callao) 7103 7601 8520 CR19 IM22 IO06"},{"stopId":1321156,"stopName":"Canaval y Moreyra","stopTypeGroup":"bus","stopLat":-12.0978092,"stopLon":-77.0258465,"routeNames":"1047 IO28b"},{"stopId":827092,"stopName":"Alberto del Campo","stopTypeGroup":"bus","stopLat":-12.0977699,"stopLon":-77.0558041,"routeNames":"1051 1057 1110 1612 1701 1704 3507 3511 3816 4511 7501 8515 8523 IO03 IO07 IO14-(Lima-Callao) IO30b IO50 OM19 OM21 OM36 OM37"},{"stopId":1304638,"stopName":"El Derby","stopTypeGroup":"bus","stopLat":-12.0976545,"stopLon":-76.9734335,"routeNames":"CR31 CR38 IO14-(Lima-Callao)"},{"stopId":1002022,"stopName":"Pablo Carriquiry","stopTypeGroup":"bus","stopLat":-12.0976532,"stopLon":-77.0180811,"routeNames":"2-(Expreso-San-Isidro)"},{"stopId":935988,"stopName":"República de Panamá","stopTypeGroup":"bus","stopLat":-12.0974192,"stopLon":-77.0208805,"routeNames":"1099 2803 3805 7607 8201 8308 8621 9405-(Lima-Callao)"},{"stopId":1308998,"stopName":"Canaval y Moreyra","stopTypeGroup":"bus","stopLat":-12.0973922,"stopLon":-77.0182478,"routeNames":"1055"},{"stopId":1308982,"stopName":"Canaval y Moreyra","stopTypeGroup":"bus","stopLat":-12.0973817,"stopLon":-77.0184731,"routeNames":"1055"},{"stopId":1308983,"stopName":"República de Panamá","stopTypeGroup":"bus","stopLat":-12.0973398,"stopLon":-77.0203507,"routeNames":"1055"},{"stopId":1002020,"stopName":"Calle 21","stopTypeGroup":"bus","stopLat":-12.0972173,"stopLon":-77.0149274,"routeNames":"2-(Expreso-San-Isidro)"},{"stopId":735457,"stopName":"Juan de Arona","stopTypeGroup":"bus","stopLat":-12.0971614,"stopLon":-77.032544,"routeNames":"301 305"},{"stopId":827192,"stopName":"Juan de Arona","stopTypeGroup":"bus","stopLat":-12.097109,"stopLon":-77.0314765,"routeNames":"1047 IO28b NH25"},{"stopId":1001743,"stopName":"Paz Soldán","stopTypeGroup":"bus","stopLat":-12.0971032,"stopLon":-77.0339676,"routeNames":"1-(Expreso-San-Isidro)"},{"stopId":828119,"stopName":"Canaval y Moreyra","stopTypeGroup":"bus","stopLat":-12.0970513,"stopLon":-77.0207396,"routeNames":"9801-(Lima-Callao)"},{"stopId":1321147,"stopName":"Daniel Hernández","stopTypeGroup":"bus","stopLat":-12.0970198,"stopLon":-77.0338663,"routeNames":"2-(Expreso-San-Isidro) 8619"},{"stopId":1308307,"stopName":"Óvalo José Quiñones","stopTypeGroup":"bus","stopLat":-12.0969831,"stopLon":-77.0116925,"routeNames":"1053 3702 7610 8803"},{"stopId":935983,"stopName":"Schreiber","stopTypeGroup":"bus","stopLat":-12.096975,"stopLon":-77.0241615,"routeNames":"1099 2-(Expreso-San-Isidro) 2803 3805 7607 8201 8308 8621 9405-(Lima-Callao)"},{"stopId":735424,"stopName":"Paz Soldán","stopTypeGroup":"bus","stopLat":-12.0969568,"stopLon":-77.0327318,"routeNames":"301 305"},{"stopId":828200,"stopName":"Petit Thouars","stopTypeGroup":"bus","stopLat":-12.0969149,"stopLon":-77.0313907,"routeNames":"405 8201 8619 9405-(Lima-Callao) 9801-(Lima-Callao)"},{"stopId":1002023,"stopName":"Schreiber","stopTypeGroup":"bus","stopLat":-12.0968206,"stopLon":-77.0241089,"routeNames":"1099 2803 3805 7607 8201 8308 8621 9405-(Lima-Callao) 9801-(Lima-Callao)"},{"stopId":826039,"stopName":"Canaval y Moreyra","stopTypeGroup":"bus","stopLat":-12.0967838,"stopLon":-77.025007,"routeNames":"B C EX1 EX12 EX5 EX6 EX7 EX8 EX9 SX"},{"stopId":1304134,"stopName":"Óvalo Paz Soldán","stopTypeGroup":"bus","stopLat":-12.0967785,"stopLon":-77.0355749,"routeNames":"336 8605 8619"},{"stopId":828199,"stopName":"Las Camelias","stopTypeGroup":"bus","stopLat":-12.0965267,"stopLon":-77.0286065,"routeNames":"1099 2703 2803 405 7607 8201 8621 9405-(Lima-Callao) 9801-(Lima-Callao)"},{"stopId":828198,"stopName":"Tottus","stopTypeGroup":"bus","stopLat":-12.0964953,"stopLon":-77.0258734,"routeNames":"1099 2703 2803 3805 7607 8201 8308 8621 9405-(Lima-Callao) 9801-(Lima-Callao)"},{"stopId":1285053,"stopName":"Juan de Arona","stopTypeGroup":"bus","stopLat":-12.0964271,"stopLon":-77.0252645,"routeNames":"405 7607"},{"stopId":1002024,"stopName":"Sunat","stopTypeGroup":"bus","stopLat":-12.0963138,"stopLon":-77.027124,"routeNames":"1099 2-(Expreso-San-Isidro) 2703 2803 405 7607 8201 8621 9405-(Lima-Callao) 9801-(Lima-Callao)"},{"stopId":1304135,"stopName":"Óvalo Paz Soldán","stopTypeGroup":"bus","stopLat":-12.0962225,"stopLon":-77.0356607,"routeNames":"336 NH25"},{"stopId":867851,"stopName":"Juan de Arona","stopTypeGroup":"bus","stopLat":-12.0959996,"stopLon":-77.0264098,"routeNames":"1047 1099 2703 2803 3805 8201 8308 8621 9405-(Lima-Callao) IO28b"},{"stopId":1001746,"stopName":"Los Cedros","stopTypeGroup":"bus","stopLat":-12.0956763,"stopLon":-77.0434717,"routeNames":"1-(Expreso-San-Isidro)"},{"stopId":737359,"stopName":"Fray Angélico","stopTypeGroup":"bus","stopLat":-12.0956193,"stopLon":-76.9952559,"routeNames":"1059 2702 3809 7504 8104 8803"},{"stopId":1333246,"stopName":"Novotel Lima San Isidro","stopTypeGroup":"bus","stopLat":-12.0955747,"stopLon":-77.0349339,"routeNames":"Airport-Express-Lima"},{"stopId":827072,"stopName":"Javier Prado","stopTypeGroup":"bus","stopLat":-12.0955144,"stopLon":-77.0543933,"routeNames":"1051 1057 1110 1612 1701 1704 3507 3511 3816 4511 7501 8515 8523 IO03 IO07 IO14-(Lima-Callao) IO30b IO50 OM19 OM21 OM36 OM37"},{"stopId":1001749,"stopName":"CEV Polar","stopTypeGroup":"bus","stopLat":-12.095501,"stopLon":-77.0568454,"routeNames":"1-(Expreso-San-Isidro)"},{"stopId":1333237,"stopName":"Basadre Suites Boutique Hotel","stopTypeGroup":"bus","stopLat":-12.0954514,"stopLon":-77.042098,"routeNames":"Airport-Express-Lima"},{"stopId":736427,"stopName":"Fray Angélico","stopTypeGroup":"bus","stopLat":-12.0953885,"stopLon":-76.9954544,"routeNames":"1059 2702 3809 7504 8104 8803"},{"stopId":1005287,"stopName":"Salaverry","stopTypeGroup":"bus","stopLat":-12.0951858,"stopLon":-77.0546525,"routeNames":"1313-(Lima-Callao) 1611 1615 1704 2408 CR54 IO03 IO06 IO07 IO14-(Lima-Callao) OM22 OM36 OM37"},{"stopId":1311954,"stopName":"Salaverry","stopTypeGroup":"bus","stopLat":-12.0950528,"stopLon":-77.0541036},{"stopId":827091,"stopName":"Javier Prado","stopTypeGroup":"bus","stopLat":-12.094961,"stopLon":-77.054396,"routeNames":"1-(Expreso-San-Isidro) 1051 1057 1110 1313-(Lima-Callao) 1611 1612 1615 1701 2408 3507 3511 3816 4511 7501 8515 8523 CR54 IO06 IO30b IO50 OM19 OM21 OM22"},{"stopId":1331888,"stopName":"Pullman Lima San Isidro","stopTypeGroup":"bus","stopLat":-12.0949584,"stopLon":-77.0366156,"routeNames":"Airport-Express-Lima"},{"stopId":1001744,"stopName":"Las Palmeras","stopTypeGroup":"bus","stopLat":-12.0949253,"stopLon":-77.0381709,"routeNames":"1-(Expreso-San-Isidro)"},{"stopId":828117,"stopName":"República de Panamá","stopTypeGroup":"bus","stopLat":-12.0948902,"stopLon":-77.0218205,"routeNames":"9801-(Lima-Callao)"},{"stopId":1304139,"stopName":"Andrés Reyes","stopTypeGroup":"bus","stopLat":-12.094843,"stopLon":-77.0317984,"routeNames":"1047 405 8201 9405-(Lima-Callao) 9801-(Lima-Callao) IO28b NH25"},{"stopId":1332267,"stopName":"Andrés Reyes","stopTypeGroup":"bus","stopLat":-12.0947486,"stopLon":-77.0308542,"routeNames":"1099 2703 2803 7607 8619 8621"},{"stopId":1334562,"stopName":"Andrés Reyes","stopTypeGroup":"bus","stopLat":-12.094641,"stopLon":-77.0240736,"routeNames":"B EX1 EX8 EX9"},{"stopId":2055318,"stopName":"Andrés Reyes","stopTypeGroup":"bus","stopLat":-12.094496790439786,"stopLon":-77.02905178070068},{"stopId":1333252,"stopName":"Pullman Lima San Isidro","stopTypeGroup":"bus","stopLat":-12.0944863,"stopLon":-77.0384502,"routeNames":"Airport-Express-Lima"},{"stopId":1308945,"stopName":"Estación Andrés Reyes","stopTypeGroup":"bus","stopLat":-12.0944811,"stopLon":-77.0244437,"routeNames":"7607 9801-(Lima-Callao)"},{"stopId":867849,"stopName":"Andrés Reyes","stopTypeGroup":"bus","stopLat":-12.0944784,"stopLon":-77.0310688,"routeNames":"1047 1099 2703 2803 7607 8201 8308 8619 8621 9405-(Lima-Callao) 9801-(Lima-Callao) IO28b"},{"stopId":735829,"stopName":"Javier Prado","stopTypeGroup":"bus","stopLat":-12.0944627,"stopLon":-77.0513141,"routeNames":"201-(Lima-Callao) 206"},{"stopId":735806,"stopName":"Pershing","stopTypeGroup":"bus","stopLat":-12.0944614,"stopLon":-77.0494983,"routeNames":"201-(Lima-Callao) 206 209"},{"stopId":732416,"stopName":"Manuel Bañón","stopTypeGroup":"bus","stopLat":-12.0944076,"stopLon":-77.0331073,"routeNames":"301 303 305"},{"stopId":1331906,"stopName":"Saga Falabella Las Begonias","stopTypeGroup":"bus","stopLat":-12.0944024,"stopLon":-77.0252001,"routeNames":"3805 8308"},{"stopId":1308308,"stopName":"Del Parque Norte","stopTypeGroup":"bus","stopLat":-12.0943604,"stopLon":-77.0100403,"routeNames":"1053 3702 7610 8803"},{"stopId":1005286,"stopName":"Clemente X","stopTypeGroup":"bus","stopLat":-12.0943148,"stopLon":-77.0564057,"routeNames":"1313-(Lima-Callao) 1611 1615 1704 2408 CR54 IO03 IO06 IO07 IO14-(Lima-Callao) OM22 OM36 OM37"},{"stopId":827328,"stopName":"Andrés Reyes","stopTypeGroup":"bus","stopLat":-12.0943132,"stopLon":-77.0242935,"routeNames":"405"},{"stopId":735830,"stopName":"Las Flores","stopTypeGroup":"bus","stopLat":-12.094309,"stopLon":-77.0474208,"routeNames":"201-(Lima-Callao) 204 206 209"},{"stopId":1300294,"stopName":"San Borja Norte","stopTypeGroup":"bus","stopLat":-12.0942607,"stopLon":-77.0026106,"routeNames":"1060 1061 1703-(Lima-Callao) 1804 2701-(Lima-Callao) 3701 3810 3813 3814 4405 4911-(Lima-Callao) 7103 7601 8520 CR19 IM22 IO06"},{"stopId":1300293,"stopName":"San Borja Norte","stopTypeGroup":"bus","stopLat":-12.0942503,"stopLon":-77.0027769,"routeNames":"1060 1061 1703-(Lima-Callao) 1804 2701-(Lima-Callao) 3701 3810 3813 3814 4405 4911-(Lima-Callao) 7103 7601 8520 CR19 IM22 IO06"},{"stopId":1075588,"stopName":"Clemente X","stopTypeGroup":"bus","stopLat":-12.0942303,"stopLon":-77.0561248,"routeNames":"1313-(Lima-Callao) 1611 1615 1704 2408 CR54 IO03 IO06 IO07 IO14-(Lima-Callao) OM22 OM36 OM37"},{"stopId":867850,"stopName":"Las Orquídeas","stopTypeGroup":"bus","stopLat":-12.0941637,"stopLon":-77.0278797,"routeNames":"1047 1099 2703 2803 7607 8201 8308 8621 9405-(Lima-Callao) 9801-(Lima-Callao) IO28b"},{"stopId":735832,"stopName":"Los Cedros","stopTypeGroup":"bus","stopLat":-12.0939329,"stopLon":-77.0441204,"routeNames":"201-(Lima-Callao) 206 209"},{"stopId":1019563,"stopName":"Andrés Reyes","stopTypeGroup":"bus","stopLat":-12.0938793,"stopLon":-77.0266788,"routeNames":"3805"},{"stopId":1304136,"stopName":"Manuel Bañón","stopTypeGroup":"bus","stopLat":-12.0938464,"stopLon":-77.0348668,"routeNames":"336 NH25"},{"stopId":732426,"stopName":"Olavide","stopTypeGroup":"bus","stopLat":-12.0938306,"stopLon":-77.033051,"routeNames":"301 303 305 336"},{"stopId":735805,"stopName":"Los Nogales","stopTypeGroup":"bus","stopLat":-12.0937635,"stopLon":-77.0446765,"routeNames":"201-(Lima-Callao) 204 206 209"},{"stopId":1333241,"stopName":"Pullman Lima San Isidro","stopTypeGroup":"bus","stopLat":-12.0935789,"stopLon":-77.0365834,"routeNames":"Airport-Express-Lima"},{"stopId":1002019,"stopName":"Parque Talamantes de Baeza","stopTypeGroup":"bus","stopLat":-12.0935575,"stopLon":-77.0167628,"routeNames":"2-(Expreso-San-Isidro)"},{"stopId":1005285,"stopName":"Juan de Aliaga","stopTypeGroup":"bus","stopLat":-12.0935124,"stopLon":-77.0595609,"routeNames":"1313-(Lima-Callao) 1611 1615 1704 2408 3505 CR35 CR54 IO03 IO06 IO07 IO14-(Lima-Callao) OM22 OM36 OM37"},{"stopId":1075579,"stopName":"Juan de Aliaga","stopTypeGroup":"bus","stopLat":-12.0933744,"stopLon":-77.0590805,"routeNames":"1313-(Lima-Callao) 1611 1615 1704 2408 CR54 IO03 IO06 IO07 IO14-(Lima-Callao) OM22 OM36 OM37"},{"stopId":737559,"stopName":"Hipódromo","stopTypeGroup":"bus","stopLat":-12.0933035,"stopLon":-76.9807854,"routeNames":"1054 1058 1801-(Lima-Callao) 1802 2804-(Lima-Callao) 2805 3705 4511 7101 7204 8105 8107 8108 8109 8110 8111 8112 8209 8211 8212 8214 8302 8404 8406 8502 8503 8504 8505 8506 8507 8508 8510 8511 8513 8618 9802-(Lima-Callao) CR54 IM06"},{"stopId":827075,"stopName":"Pershing","stopTypeGroup":"bus","stopLat":-12.0932956,"stopLon":-77.0532507,"routeNames":"1051 1057 1110 1313-(Lima-Callao) 1611 1612 1615 1701 2408 3507 3511 3816 4511 7501 8515 8523 CR54 IO06 IO30b IO50 OM19 OM21 OM22"},{"stopId":737360,"stopName":"San Borja Norte","stopTypeGroup":"bus","stopLat":-12.0932589,"stopLon":-76.9956207,"routeNames":"1059 2702 3809 7504 8104 8803"},{"stopId":1300213,"stopName":"Javier Prado Oeste","stopTypeGroup":"bus","stopLat":-12.0931907,"stopLon":-77.0593393,"routeNames":"3505 CR35"},{"stopId":737690,"stopName":"Hipódromo","stopTypeGroup":"bus","stopLat":-12.093133,"stopLon":-76.9804072,"routeNames":"1054 1058 1801-(Lima-Callao) 1802 2804-(Lima-Callao) 2805 3705 4511 7101 7204 8105 8107 8108 8109 8110 8111 8112 8209 8211 8212 8214 8302 8404 8406 8502 8503 8504 8505 8506 8507 8508 8510 8511 8513 8618 9802-(Lima-Callao) CR54 IM06"},{"stopId":735807,"stopName":"Salaverry","stopTypeGroup":"bus","stopLat":-12.0931035,"stopLon":-77.052972,"routeNames":"201-(Lima-Callao) 204 206 209"},{"stopId":1308309,"stopName":"Del Parque Norte","stopTypeGroup":"bus","stopLat":-12.0931015,"stopLon":-77.0095897,"routeNames":"1053 3702 7610 8803"},{"stopId":735833,"stopName":"Los Sauces","stopTypeGroup":"bus","stopLat":-12.0930839,"stopLon":-77.0380026,"routeNames":"201-(Lima-Callao) 206 209"},{"stopId":1332273,"stopName":"Centro Financiero de San Isidro","stopTypeGroup":"bus","stopLat":-12.0930281,"stopLon":-77.0255435,"routeNames":"3805 8308"},{"stopId":1005284,"stopName":"Trujillo","stopTypeGroup":"bus","stopLat":-12.0929021,"stopLon":-77.0621089,"routeNames":"1313-(Lima-Callao) 1611 1615 1704 2408 3505 CR35 CR54 IO03 IO06 IO07 IO14-(Lima-Callao) OM22 OM36 OM37"},{"stopId":735804,"stopName":"Las Palmeras","stopTypeGroup":"bus","stopLat":-12.0928988,"stopLon":-77.0384511,"routeNames":"201-(Lima-Callao) 206 209"},{"stopId":793067,"stopName":"Salaverry","stopTypeGroup":"bus","stopLat":-12.0928936,"stopLon":-77.0536157,"routeNames":"201-(Lima-Callao) 204 206 209 IO50"},{"stopId":1075580,"stopName":"Trujillo","stopTypeGroup":"bus","stopLat":-12.0927795,"stopLon":-77.0618667,"routeNames":"1313-(Lima-Callao) 1611 1615 1704 2408 3505 CR35 CR54 IO03 IO06 IO07 IO14-(Lima-Callao) OM22 OM36 OM37"},{"stopId":827090,"stopName":"Pershing","stopTypeGroup":"bus","stopLat":-12.0927501,"stopLon":-77.0532292,"routeNames":"1051 1057 1110 1313-(Lima-Callao) 1611 1612 1615 1701 2408 3507 3511 3816 4511 7501 8515 8523 CR54 IO06 IO30b OM19 OM21 OM22"}]