[{"stopId":761245,"stopName":"Grifo","stopTypeGroup":"bus","stopLat":-12.0216238,"stopLon":-77.1051729,"routeNames":"1491 1501-(Lima-Callao) 9305-(Lima-Callao) CR13 CR14 CR15 CR17 CR27 CR28 CR34 CR42 CR51 CR53 CR62 CR65 CR69 CR71 CR75 CR84 IM06 IM08 IM18 IM30 IM47 IO07 IO09 IO19 IO28b IO32b IO38b IO40 IO45 IO55 IO89 IPC06 OM18 OM25 OM32 OM39 OM47-(Callao-Lima"},{"stopId":1019286,"stopName":"José Granda","stopTypeGroup":"bus","stopLat":-12.0216174,"stopLon":-77.0859882,"routeNames":"3203-(Lima-Callao) 4210-(Lima-Callao) 7204 8201 8214 IM57"},{"stopId":761277,"stopName":"Grifo","stopTypeGroup":"bus","stopLat":-12.0215136,"stopLon":-77.1055806,"routeNames":"1491 1501-(Lima-Callao) 1502-(Lima-Callao) CR14 CR15 CR17 CR27 CR28 CR34 CR42 CR51 CR53 CR62 CR65 CR69 CR71 CR75 CR84 IM06 IM08 IM18 IM30 IM47 IO07 IO09 IO19 IO28b IO32b IO38b IO40 IO45 IO55 IO89 IPC06 OM18 OM25 OM32 OM39 OM47-(Callao-Lima) UCL"},{"stopId":1303855,"stopName":"Hospital Cayetano Heredia","stopTypeGroup":"bus","stopLat":-12.0213877,"stopLon":-77.0538247,"routeNames":"2703"},{"stopId":1071811,"stopName":"12 de Octubre","stopTypeGroup":"bus","stopLat":-12.021364,"stopLon":-77.0859093,"routeNames":"1174-(Lima-Callao) 1278-(Lima-Callao) 2404-(Lima-Callao) 2406 2701-(Lima-Callao) 4205 4206 CR07 ICR14 IM04 IM22 IO27 IO35b OM23 OM33 OM34"},{"stopId":1323505,"stopName":"Hospital Cayetano Heredia","stopTypeGroup":"bus","stopLat":-12.0213326,"stopLon":-77.0536503,"routeNames":"1508 1612 CR12 CR43 CR62 IM47 IO35b IO38b IO45 IPC06"},{"stopId":1071802,"stopName":"12 de Octubre","stopTypeGroup":"bus","stopLat":-12.0212827,"stopLon":-77.086376,"routeNames":"1174-(Lima-Callao) 1278-(Lima-Callao) 2404-(Lima-Callao) 2701-(Lima-Callao) 4205 4206 4210-(Lima-Callao) CR07 ICR14 IM04 IM22 IM57 IO27 IO35b OM23 OM33 OM34"},{"stopId":1032125,"stopName":"Hospital Cayetano Heredia","stopTypeGroup":"bus","stopLat":-12.0211887,"stopLon":-77.0539608,"routeNames":"1103 1403 1612 2703 CR62 IM47 IO35b IO38b IO45 IPC06"},{"stopId":1019313,"stopName":"José Granda","stopTypeGroup":"bus","stopLat":-12.021079,"stopLon":-77.086209,"routeNames":"2406 3203-(Lima-Callao) 7204 8201 8214"},{"stopId":1032103,"stopName":"Hospital Cayetano Heredia","stopTypeGroup":"bus","stopLat":-12.0210789,"stopLon":-77.0537451,"routeNames":"1103 1403 1508 1610 CR12 CR43"},{"stopId":737533,"stopName":"Cayetano","stopTypeGroup":"bus","stopLat":-12.0209312,"stopLon":-77.0593232,"routeNames":"1213 1217 1308 1404 1411 1412 1505 1607 1608 1701 1702 1706 1801-(Lima-Callao) 1802 1804 2204 2407 2414 2511-(Lima-Callao) 2603 2604 2702 2805 4204 4212 7101 8102 8105 8107 8108 8109 8110 8111 8112 8209 8211 8212 9307-(Callao-Lima) 9401-(Lima-"},{"stopId":737713,"stopName":"Cayetano","stopTypeGroup":"bus","stopLat":-12.0208919,"stopLon":-77.0591891,"routeNames":"1213 1217 1308 1404 1411 1412 1505 1607 1608 1701 1702 1706 1801-(Lima-Callao) 1802 1804 2204 2407 2414 2511-(Lima-Callao) 2603 2604 2702 2805 4204 4212 7101 8102 8105 8107 8108 8109 8110 8111 8112 8209 8211 8212 9307-(Callao-Lima) 9401-(Lima-"},{"stopId":1032104,"stopName":"Noguchi","stopTypeGroup":"bus","stopLat":-12.0201172,"stopLon":-77.0550699,"routeNames":"1103 1403 1612 2703 CR62 IM47 IO35b IO38b IO45 IPC06"},{"stopId":1032123,"stopName":"Noguchi","stopTypeGroup":"bus","stopLat":-12.0200764,"stopLon":-77.0552697,"routeNames":"1103 1403 1612 2703 CR62 IM47 IO35b IO38b IO45 IPC06"},{"stopId":931383,"stopName":"Tomás Valle","stopTypeGroup":"bus","stopLat":-12.0199583,"stopLon":-77.100989,"routeNames":"1703-(Lima-Callao) 4905-(Lima-Callao) CR24 CR25 CR44-(Lima-Callao) IM06 IM24 IM40 IO04 IO28b IO30b IO32b IO55 IO68 OM21"},{"stopId":761246,"stopName":"Bertello","stopTypeGroup":"bus","stopLat":-12.0198714,"stopLon":-77.1016163,"routeNames":"1491 1501-(Lima-Callao) 1502-(Lima-Callao) 9305-(Lima-Callao) CR13 CR14 CR15 CR17 CR27 CR28 CR34 CR42 CR51 CR53 CR62 CR65 CR69 CR71 CR75 CR84 IM06 IM08 IM18 IM30 IM47 IO07 IO09 IO19 IO28b IO32b IO38b IO40 IO45 IO55 IO89 IPC06 OM18 OM25 OM32 OM3"},{"stopId":1312562,"stopName":"El Olivar","stopTypeGroup":"bus","stopLat":-12.0198661,"stopLon":-77.0970726,"routeNames":"IM22"},{"stopId":1197947,"stopName":"Pacasmayo","stopTypeGroup":"bus","stopLat":-12.019756,"stopLon":-77.0963789,"routeNames":"IM22 UCL03-(Lima-Callao)"},{"stopId":1309261,"stopName":"Óvalo Previ","stopTypeGroup":"bus","stopLat":-12.0194936,"stopLon":-77.0897716,"routeNames":"1174-(Lima-Callao) 1278-(Lima-Callao) 2404-(Lima-Callao) 2701-(Lima-Callao) 4205 4210-(Lima-Callao) CR07 ICR14 IM04 IM22 IM57 IO27 IO35b OM23 OM33 OM34"},{"stopId":737420,"stopName":"Germán Aguirre","stopTypeGroup":"bus","stopLat":-12.01947,"stopLon":-77.076087,"routeNames":"018p 1031 1103 1201 1503 1504 1506 1513 1514 1518 1604 1611 1615 1618 1704 1901-(Lima-Callao) 2408 2502 2505 2513 2613 2804-(Lima-Callao) 3205 7103 8104 CR17 IM21 IO44b SH24a"},{"stopId":931414,"stopName":"Tomás Valle","stopTypeGroup":"bus","stopLat":-12.0194607,"stopLon":-77.1015423,"routeNames":"IM24 IM40"},{"stopId":1325488,"stopName":"Universitaria","stopTypeGroup":"bus","stopLat":-12.0194464,"stopLon":-77.0765376,"routeNames":"3203-(Lima-Callao)"},{"stopId":1019287,"stopName":"Álvarez Thomas","stopTypeGroup":"bus","stopLat":-12.0194343,"stopLon":-77.0862483,"routeNames":"2406 3203-(Lima-Callao) 7204 8201 8214"},{"stopId":1321896,"stopName":"Alhelíes","stopTypeGroup":"bus","stopLat":-12.0193939,"stopLon":-77.0528966,"routeNames":"1508 CR12 CR43"},{"stopId":1194992,"stopName":"Óvalo Previ ","stopTypeGroup":"bus","stopLat":-12.0193717,"stopLon":-77.0904942,"routeNames":"1174-(Lima-Callao) 1278-(Lima-Callao) 2404-(Lima-Callao) 2701-(Lima-Callao) 4205 4210-(Lima-Callao) CR07 ICR14 IM04 IM22 IM57 IO27 IO35b OM23 OM33 OM34 UCL01-(Lima-Callao)"},{"stopId":1019312,"stopName":"Álvarez Thomas","stopTypeGroup":"bus","stopLat":-12.0193113,"stopLon":-77.0864568,"routeNames":"2406 3203-(Lima-Callao) 7204 8201 8214"},{"stopId":761275,"stopName":"Bertello","stopTypeGroup":"bus","stopLat":-12.0192942,"stopLon":-77.1010959,"routeNames":"1491 1501-(Lima-Callao) 1502-(Lima-Callao) 1703-(Lima-Callao) 4905-(Lima-Callao) CR14 CR15 CR17 CR24 CR25 CR27 CR28 CR34 CR42 CR44-(Lima-Callao) CR51 CR53 CR62 CR65 CR69 CR71 CR75 CR84 IM08 IM18 IM30 IM47 IO04 IO07 IO09 IO19 IO30b IO38b IO4"},{"stopId":1057130,"stopName":"Honorio Delgado","stopTypeGroup":"bus","stopLat":-12.0192329,"stopLon":-77.0530638,"routeNames":"1602 1610 2510"},{"stopId":1032105,"stopName":"NIcolini","stopTypeGroup":"bus","stopLat":-12.0192095,"stopLon":-77.0561428,"routeNames":"1103 1403 1612 2703 CR62 IM47 IO35b IO38b IO45 IPC06"},{"stopId":1032102,"stopName":"Alhelíes","stopTypeGroup":"bus","stopLat":-12.0191691,"stopLon":-77.0529029,"routeNames":"1103 1403 1508 1602 1610 2510 CR12 CR43"},{"stopId":1308832,"stopName":"Universitaria","stopTypeGroup":"bus","stopLat":-12.0191263,"stopLon":-77.0761085,"routeNames":"1031 1201 2408 2513 3203-(Lima-Callao) 3205 IM21"},{"stopId":736374,"stopName":"Germán Aguirre","stopTypeGroup":"bus","stopLat":-12.0190555,"stopLon":-77.0765349,"routeNames":"018p 1103 1503 1504 1506 1513 1514 1518 1604 1611 1615 1618 1704 1901-(Lima-Callao) 2502 2505 2613 2804-(Lima-Callao) 7103 8104 CR17 IO44b SH24a"},{"stopId":1032124,"stopName":"Eloy Espinoza","stopTypeGroup":"bus","stopLat":-12.0189273,"stopLon":-77.0562996,"routeNames":"1103 1403 1612 2703 CR62 IM47 IO35b IO38b IO45 IPC06"},{"stopId":1193233,"stopName":"In Outlet","stopTypeGroup":"bus","stopLat":-12.0189174,"stopLon":-77.1076769,"routeNames":"2511-(Lima-Callao) 9305-(Lima-Callao) CR13 CR16 CR19 CR28 CR32 CR35 CR41 CR49 CR56 CR57 CR58 CR61 ICR05 ICR10 IM06 IM12-(Lima-Callao) IM19 IM20 IM26 IM30 IM31 IO03 IO06 IO14-(Lima-Callao) IO28b IO32b IO37b-(Callao-Lima) IO55 IO71 IO75b OM10"},{"stopId":1193235,"stopName":"In Outlet","stopTypeGroup":"bus","stopLat":-12.0189127,"stopLon":-77.1075359,"routeNames":"2511-(Lima-Callao) 9305-(Lima-Callao) CR16 CR19 CR28 CR32 CR35 CR41 CR49 CR56 CR57 CR58 CR61 ICR05 ICR10 IM06 IM12-(Lima-Callao) IM19 IM20 IM26 IM30 IM31 IO03 IO06 IO14-(Lima-Callao) IO28b IO32b IO37b-(Callao-Lima) IO55 IO71 IO75b OM10 OM22"},{"stopId":1325486,"stopName":"Leoncio Prado","stopTypeGroup":"bus","stopLat":-12.0187853,"stopLon":-77.0806092,"routeNames":"3203-(Lima-Callao)"},{"stopId":1325487,"stopName":"Leoncio Prado","stopTypeGroup":"bus","stopLat":-12.0187485,"stopLon":-77.0803249,"routeNames":"3203-(Lima-Callao)"},{"stopId":1017577,"stopName":"Puerta 5","stopTypeGroup":"bus","stopLat":-12.0183859,"stopLon":-77.051048,"routeNames":"1103 1403 1602 1610 2209 2409 2411 2510 2611 2803 NH26b SH112a"},{"stopId":1032126,"stopName":"Túpac Amaru","stopTypeGroup":"bus","stopLat":-12.0182977,"stopLon":-77.0516701,"routeNames":"1508 1602 2510 CR12 CR43"},{"stopId":1194991,"stopName":"Parroquia","stopTypeGroup":"bus","stopLat":-12.0180751,"stopLon":-77.0922105,"routeNames":"1174-(Lima-Callao) 1278-(Lima-Callao) 2404-(Lima-Callao) 2701-(Lima-Callao) 4210-(Lima-Callao) CR07 ICR14 IM04 IM22 IM57 IO27 IO35b OM23 OM33 OM34 UCL01-(Lima-Callao)"},{"stopId":1017591,"stopName":"Puerta 5","stopTypeGroup":"bus","stopLat":-12.0179476,"stopLon":-77.0515905,"routeNames":"1508 2209 2409 2411 2611 2803 CR12 CR43 NH26b SH112a"},{"stopId":1195048,"stopName":"Parroquia","stopTypeGroup":"bus","stopLat":-12.0178633,"stopLon":-77.0919711,"routeNames":"1174-(Lima-Callao) 1278-(Lima-Callao) 2404-(Lima-Callao) 2701-(Lima-Callao) 4210-(Lima-Callao) CR07 ICR14 IM04 IM22 IM57 IO27 IO35b OM23 OM33 OM34 UCL01-(Lima-Callao)"},{"stopId":737532,"stopName":"Palao","stopTypeGroup":"bus","stopLat":-12.0177464,"stopLon":-77.0598274,"routeNames":"1213 1217 1308 1404 1411 1412 1505 1607 1608 1701 1702 1706 1801-(Lima-Callao) 1802 1804 2204 2407 2414 2511-(Lima-Callao) 2603 2604 2702 2805 4204 4212 7101 8102 8105 8107 8108 8109 8110 8111 8112 8209 8211 8212 9307-(Callao-Lima) 9401-(Lima-"},{"stopId":737714,"stopName":"Palao","stopTypeGroup":"bus","stopLat":-12.0177149,"stopLon":-77.0596826,"routeNames":"1213 1217 1308 1404 1411 1412 1505 1607 1608 1701 1702 1706 1801-(Lima-Callao) 1802 1804 2204 2407 2414 2511-(Lima-Callao) 2603 2604 2702 2805 4204 4212 7101 8102 8105 8107 8108 8109 8110 8111 8112 8209 8211 8212 9307-(Callao-Lima) 9401-(Lima-"},{"stopId":1032107,"stopName":"Alhelí","stopTypeGroup":"bus","stopLat":-12.0176827,"stopLon":-77.0550056,"routeNames":"1103 1403 1612 2703 CR62 IM47 IO35b IO38b IO45 IPC06"},{"stopId":1057141,"stopName":"Nicolini","stopTypeGroup":"bus","stopLat":-12.0176502,"stopLon":-77.0547823,"routeNames":"1602 1610 2510"},{"stopId":1325485,"stopName":"Pedro Ruiz Gallo","stopTypeGroup":"bus","stopLat":-12.0176415,"stopLon":-77.0832646,"routeNames":"3203-(Lima-Callao)"},{"stopId":1456028,"stopName":"Condominios de Alcázar","stopTypeGroup":"bus","stopLat":-12.0174893,"stopLon":-77.0419264,"routeNames":"305 371"},{"stopId":1032122,"stopName":"Nicolini","stopTypeGroup":"bus","stopLat":-12.017453,"stopLon":-77.0551159,"routeNames":"1103 1403 1602 1610 1612 2510 2703 CR62 IM47 IO35b IO38b IO45 IPC06"},{"stopId":815582,"stopName":"Honorio Delgado","stopTypeGroup":"bus","stopLat":-12.0172742,"stopLon":-77.0515501,"routeNames":"A B D"},{"stopId":1455879,"stopName":"Condominios de Alcázar","stopTypeGroup":"bus","stopLat":-12.0171981,"stopLon":-77.0421705,"routeNames":"305 371"},{"stopId":1193236,"stopName":"Aviación","stopTypeGroup":"bus","stopLat":-12.0171964,"stopLon":-77.1083029,"routeNames":"2511-(Lima-Callao) 9305-(Lima-Callao) CR16 CR19 CR28 CR32 CR35 CR41 CR49 CR56 CR57 CR58 CR61 ICR05 ICR10 IM06 IM12-(Lima-Callao) IM19 IM20 IM26 IM30 IM31 IO03 IO06 IO14-(Lima-Callao) IO28b IO32b IO37b-(Callao-Lima) IO55 IO71 IO75b OM10 OM22"},{"stopId":1312572,"stopName":"Tomás Valle","stopTypeGroup":"bus","stopLat":-12.0171535,"stopLon":-77.0981187,"routeNames":"IM22"},{"stopId":1197954,"stopName":"Dominicos","stopTypeGroup":"bus","stopLat":-12.0171216,"stopLon":-77.0930436,"routeNames":"IM22 UCL03-(Lima-Callao)"},{"stopId":761247,"stopName":"Pacasmayo","stopTypeGroup":"bus","stopLat":-12.0171115,"stopLon":-77.0984352,"routeNames":"1491 1501-(Lima-Callao) 1502-(Lima-Callao) 1703-(Lima-Callao) 4905-(Lima-Callao) CR13 CR14 CR15 CR17 CR24 CR25 CR27 CR28 CR34 CR42 CR44-(Lima-Callao) CR51 CR53 CR62 CR65 CR69 CR71 CR75 CR84 IM08 IM18 IM30 IM47 IO04 IO07 IO09 IO19 IO30b IO38"},{"stopId":1193232,"stopName":"Aviación","stopTypeGroup":"bus","stopLat":-12.0170296,"stopLon":-77.1085988,"routeNames":"2511-(Lima-Callao) 9305-(Lima-Callao) CR13 CR16 CR19 CR28 CR32 CR35 CR41 CR49 CR56 CR57 CR58 CR61 ICR05 ICR10 IM06 IM12-(Lima-Callao) IM19 IM20 IM26 IM30 IM31 IO03 IO06 IO14-(Lima-Callao) IO28b IO32b IO37b-(Callao-Lima) IO55 IO71 IO75b OM10"},{"stopId":761274,"stopName":"Pacasmayo","stopTypeGroup":"bus","stopLat":-12.0166813,"stopLon":-77.0982689,"routeNames":"1174-(Lima-Callao) 1278-(Lima-Callao) 1501-(Lima-Callao) 1502-(Lima-Callao) 1703-(Lima-Callao) 4210-(Lima-Callao) CR15 CR17 CR27 CR28 CR34 CR42 CR51 CR53 CR62 CR65 CR69 CR71 CR84 ICR14 IM04 IM08 IM18 IM30 IM47 IO09 IO19 IO38b IO40 IO45 IO"},{"stopId":1030068,"stopName":"Tomás Valle","stopTypeGroup":"bus","stopLat":-12.0166696,"stopLon":-77.0985618,"routeNames":"1174-(Lima-Callao) 1278-(Lima-Callao) 1491 4210-(Lima-Callao) 4905-(Lima-Callao) CR14 CR24 CR25 CR44-(Lima-Callao) CR75 ICR14 IM04 IM22 IO04 IO07 IO30b IO89 OM18 OM21 OM33 OM34 UCL02-(Lima-Callao) UCL04-(Lima-Callao)"},{"stopId":1650763,"stopName":"Las Lomas","stopTypeGroup":"bus","stopLat":-12.0164268,"stopLon":-77.0428947,"routeNames":"371"},{"stopId":931413,"stopName":"Misionero Vega","stopTypeGroup":"bus","stopLat":-12.0163178,"stopLon":-77.103098,"routeNames":"IM24 IM40"},{"stopId":1447644,"stopName":"San Juan Bautista","stopTypeGroup":"bus","stopLat":-12.0162353,"stopLon":-77.0565122,"routeNames":"1103 1403 1602 1610 1612 2510 2703 CR62 IM47 IO35b IO38b IO45 IPC06"},{"stopId":1650764,"stopName":"Las Lomas","stopTypeGroup":"bus","stopLat":-12.016175,"stopLon":-77.0428705,"routeNames":"371"},{"stopId":931385,"stopName":"Misionero Vega","stopTypeGroup":"bus","stopLat":-12.0161744,"stopLon":-77.1028348,"routeNames":"IM24 IM40"},{"stopId":1019311,"stopName":"Pedro Delgado","stopTypeGroup":"bus","stopLat":-12.0159228,"stopLon":-77.086891,"routeNames":"2406 7204 8201 8214"},{"stopId":1195049,"stopName":"El Condor","stopTypeGroup":"bus","stopLat":-12.015914,"stopLon":-77.0932434,"routeNames":"1174-(Lima-Callao) 1278-(Lima-Callao) 2404-(Lima-Callao) 2701-(Lima-Callao) 4210-(Lima-Callao) CR07 ICR14 IM04 IM57 IO27 IO35b OM23 OM33 OM34 UCL01-(Lima-Callao) UCL03-(Lima-Callao)"},{"stopId":1194990,"stopName":"El Condor","stopTypeGroup":"bus","stopLat":-12.0158294,"stopLon":-77.0936723,"routeNames":"1174-(Lima-Callao) 1278-(Lima-Callao) 2404-(Lima-Callao) 2701-(Lima-Callao) 4210-(Lima-Callao) CR07 ICR14 IM04 IM57 IO27 IO35b OM23 OM33 OM34 UCL01-(Lima-Callao) UCL03-(Lima-Callao)"},{"stopId":1019288,"stopName":"Los Sauces","stopTypeGroup":"bus","stopLat":-12.0157108,"stopLon":-77.0867383,"routeNames":"2406 7204 8201 8214"},{"stopId":1308831,"stopName":"Juvenal Villaverde","stopTypeGroup":"bus","stopLat":-12.0157054,"stopLon":-77.0718437,"routeNames":"1031 1201 2408 2513 3203-(Lima-Callao) 3205 IM21"},{"stopId":1308830,"stopName":"Juvenal Villaverde","stopTypeGroup":"bus","stopLat":-12.0153643,"stopLon":-77.0717579,"routeNames":"1031 1201 2408 2513 3203-(Lima-Callao) 3205 IM21"},{"stopId":1030067,"stopName":"Ciudad Satélite Santa Rosa","stopTypeGroup":"bus","stopLat":-12.0144893,"stopLon":-77.0996709,"routeNames":"1174-(Lima-Callao) 1278-(Lima-Callao) 1491 4210-(Lima-Callao) 4905-(Lima-Callao) CR14 CR24 CR25 CR44-(Lima-Callao) CR75 ICR14 IM04 IM22 IO04 IO07 IO30b IO89 OM18 OM21 OM33 OM34 UCL02-(Lima-Callao) UCL04-(Lima-Callao)"},{"stopId":737531,"stopName":"Algarrobos","stopTypeGroup":"bus","stopLat":-12.0144304,"stopLon":-77.0603263,"routeNames":"1213 1217 1308 1404 1411 1412 1505 1607 1608 1701 1702 1706 1801-(Lima-Callao) 1802 1804 2204 2407 2414 2511-(Lima-Callao) 2603 2604 2702 2805 4204 4212 7101 8102 8105 8107 8108 8109 8110 8111 8112 8209 8211 8212 9307-(Callao-Lima) 9401-(Lima-"},{"stopId":737715,"stopName":"Fermi","stopTypeGroup":"bus","stopLat":-12.0144041,"stopLon":-77.060203,"routeNames":"1213 1217 1308 1404 1411 1412 1505 1607 1608 1701 1702 1706 1801-(Lima-Callao) 1802 1804 2204 2407 2414 2511-(Lima-Callao) 2603 2604 2702 2805 4204 4212 7101 8102 8105 8107 8108 8109 8110 8111 8112 8209 8211 8212 9307-(Callao-Lima) 9401-(Lima-"},{"stopId":1030123,"stopName":"Ciudad Satélite Santa Rosa","stopTypeGroup":"bus","stopLat":-12.0143754,"stopLon":-77.0995477,"routeNames":"1174-(Lima-Callao) 1278-(Lima-Callao) 1491 4210-(Lima-Callao) 4905-(Lima-Callao) CR13 CR14 CR24 CR25 CR44-(Lima-Callao) CR75 ICR14 IM04 IM22 IO04 IO07 IO30b IO89 OM18 OM21 OM33 OM34 UCL02-(Lima-Callao) UCL04-(Lima-Callao)"},{"stopId":1032120,"stopName":"Primaveras","stopTypeGroup":"bus","stopLat":-12.0141159,"stopLon":-77.0574656,"routeNames":"1103 1403 1602 1610 1612 2510 2703 CR62 IM47 IO35b IO38b IO45 IPC06"},{"stopId":1057143,"stopName":"Zarzamoras","stopTypeGroup":"bus","stopLat":-12.0141081,"stopLon":-77.0572712,"routeNames":"1103 1403 1602 1610 1612 2510 2703 CR62 IM47 IO35b IO38b IO45 IPC06"},{"stopId":761249,"stopName":"Dominicos","stopTypeGroup":"bus","stopLat":-12.0138007,"stopLon":-77.0951897,"routeNames":"1174-(Lima-Callao) 1278-(Lima-Callao) 1501-(Lima-Callao) 1502-(Lima-Callao) 1703-(Lima-Callao) 4210-(Lima-Callao) CR15 CR17 CR27 CR28 CR34 CR42 CR51 CR53 CR62 CR65 CR69 CR71 CR84 ICR14 IM04 IM08 IM18 IM30 IM47 IO09 IO19 IO38b IO40 IO45 IP"},{"stopId":1195050,"stopName":"Tomas Valle","stopTypeGroup":"bus","stopLat":-12.0136159,"stopLon":-77.0947455,"routeNames":"1174-(Lima-Callao) 1278-(Lima-Callao) 2404-(Lima-Callao) 2701-(Lima-Callao) 4210-(Lima-Callao) CR07 ICR14 IM04 IM57 IO27 IO35b OM23 OM33 OM34 UCL01-(Lima-Callao) UCL03-(Lima-Callao)"},{"stopId":761272,"stopName":"Dominicos","stopTypeGroup":"bus","stopLat":-12.0132655,"stopLon":-77.0948303,"routeNames":"1501-(Lima-Callao) 1502-(Lima-Callao) 1703-(Lima-Callao) CR15 CR17 CR27 CR28 CR34 CR42 CR51 CR53 CR62 CR65 CR69 CR71 CR84 IM08 IM18 IM30 IM47 IO09 IO19 IO38b IO40 IO45 IPC06 OM25 OM32 OM39 OM47-(Callao-Lima)"},{"stopId":1194989,"stopName":"Tomas Valle","stopTypeGroup":"bus","stopLat":-12.0132085,"stopLon":-77.0954076,"routeNames":"2404-(Lima-Callao) 2701-(Lima-Callao) CR07 IM57 IO27 IO35b IPC06 OM23 UCL01-(Lima-Callao) UCL03-(Lima-Callao)"},{"stopId":737421,"stopName":"Tomás Valle","stopTypeGroup":"bus","stopLat":-12.0131659,"stopLon":-77.0793593,"routeNames":"018p 1103 1503 1504 1506 1513 1514 1518 1604 1611 1615 1618 1704 1901-(Lima-Callao) 2502 2505 2613 2804-(Lima-Callao) 7103 8104 CR17 IO44b SH24a"},{"stopId":931412,"stopName":"Colegio","stopTypeGroup":"bus","stopLat":-12.0130727,"stopLon":-77.1046854,"routeNames":"IM24 IM40"},{"stopId":955744,"stopName":"Antares","stopTypeGroup":"bus","stopLat":-12.0130601,"stopLon":-77.0827594,"routeNames":"2203 2205 2703 CR53 CR71 IM08 IO45 OM39"},{"stopId":955720,"stopName":"Antares","stopTypeGroup":"bus","stopLat":-12.0128849,"stopLon":-77.082477,"routeNames":"2203 2205 2703 CR53 CR71 IM08 IO45 OM39"},{"stopId":955745,"stopName":"Universitaria","stopTypeGroup":"bus","stopLat":-12.0128783,"stopLon":-77.0803202,"routeNames":"2203 2205 2703 CR53 CR71 IM08 IO45 OM39"},{"stopId":931386,"stopName":"Colegio","stopTypeGroup":"bus","stopLat":-12.0128462,"stopLon":-77.1044345,"routeNames":"IM24 IM40"},{"stopId":1032110,"stopName":"Marco Polo","stopTypeGroup":"bus","stopLat":-12.01255,"stopLon":-77.0555417,"routeNames":"1103 1403 1602 1610 1612 2510 2703 CR62 IM47 IO35b IO38b IO45 IPC06"},{"stopId":955719,"stopName":"Universitaria","stopTypeGroup":"bus","stopLat":-12.0124702,"stopLon":-77.0794255,"routeNames":"2203 2205 2703 CR53 CR71 IM08 OM39"},{"stopId":1019289,"stopName":"Tomás Valle","stopTypeGroup":"bus","stopLat":-12.0123977,"stopLon":-77.0871775,"routeNames":"2406 7204 8201 8214"},{"stopId":1032119,"stopName":"Bartolomé de las Casas","stopTypeGroup":"bus","stopLat":-12.012311,"stopLon":-77.0556256,"routeNames":"1103 1403 1602 1610 1612 2510 CR62 IM47 IO35b IO38b IO45 IPC06"},{"stopId":761250,"stopName":"Farmacia","stopTypeGroup":"bus","stopLat":-12.0122476,"stopLon":-77.0923734,"routeNames":"1501-(Lima-Callao) 1502-(Lima-Callao) 1703-(Lima-Callao) CR15 CR17 CR27 CR28 CR34 CR42 CR51 CR53 CR62 CR65 CR69 CR71 CR84 IM08 IM18 IM30 IM47 IO09 IO19 IO38b IO40 IO45 IPC06 OM25 OM32 OM39 OM47-(Callao-Lima)"},{"stopId":1303787,"stopName":"Marco Polo","stopTypeGroup":"bus","stopLat":-12.0122319,"stopLon":-77.0553696,"routeNames":"2703"},{"stopId":736373,"stopName":"Tomás Valle","stopTypeGroup":"bus","stopLat":-12.0122057,"stopLon":-77.0802686,"routeNames":"018p 1103 1503 1504 1506 1513 1514 1518 1604 1611 1615 1618 1704 1901-(Lima-Callao) 2502 2505 2613 2804-(Lima-Callao) 7103 8104 CR17 IO44b IO45 SH24a"},{"stopId":1193238,"stopName":"Parque Tematico","stopTypeGroup":"bus","stopLat":-12.0121653,"stopLon":-77.1108487,"routeNames":"2511-(Lima-Callao) 9305-(Lima-Callao) CR16 CR19 CR28 CR32 CR35 CR41 CR49 CR56 CR57 CR58 CR61 ICR05 ICR10 IM06 IM12-(Lima-Callao) IM19 IM20 IM26 IM30 IM31 IO03 IO06 IO14-(Lima-Callao) IO28b IO32b IO37b-(Callao-Lima) IO55 IO71 IO75b OM10 OM22"},{"stopId":955742,"stopName":"Próceres","stopTypeGroup":"bus","stopLat":-12.0121458,"stopLon":-77.0875011,"routeNames":"2205 CR53 CR71 IM08 IO45 OM39"},{"stopId":955722,"stopName":"Próceres","stopTypeGroup":"bus","stopLat":-12.0120886,"stopLon":-77.087057,"routeNames":"2203 2205 2703 CR53 CR71 IM08 IO45 OM39"},{"stopId":1193230,"stopName":"Parque Tematico","stopTypeGroup":"bus","stopLat":-12.0120445,"stopLon":-77.1110763,"routeNames":"2511-(Lima-Callao) 9305-(Lima-Callao) CR13 CR16 CR19 CR28 CR32 CR35 CR41 CR49 CR56 CR57 CR58 CR61 ICR05 ICR10 IM06 IM12-(Lima-Callao) IM19 IM20 IM26 IM30 IM31 IO03 IO06 IO14-(Lima-Callao) IO28b IO32b IO37b-(Callao-Lima) IO55 IO71 IO75b OM10"},{"stopId":761271,"stopName":"Farmacia","stopTypeGroup":"bus","stopLat":-12.0120246,"stopLon":-77.092258,"routeNames":"1501-(Lima-Callao) 1502-(Lima-Callao) 1703-(Lima-Callao) CR15 CR17 CR27 CR28 CR34 CR42 CR51 CR53 CR62 CR65 CR69 CR71 CR84 IM08 IM18 IM30 IM47 IO09 IO19 IO38b IO40 IO45 IPC06 OM25 OM32 OM39 OM47-(Callao-Lima)"},{"stopId":955747,"stopName":"Grifo","stopTypeGroup":"bus","stopLat":-12.0119433,"stopLon":-77.074891,"routeNames":"2203 2205 2703 CR53 CR71 IM08 OM39"},{"stopId":955741,"stopName":"Metro (Angélica Gamarra)","stopTypeGroup":"bus","stopLat":-12.0118555,"stopLon":-77.0895948,"routeNames":"2205 CR53 CR71 IM08 IM47 IO19 IO45 OM39"},{"stopId":815581,"stopName":"El Milagro","stopTypeGroup":"bus","stopLat":-12.0117754,"stopLon":-77.0528054,"routeNames":"A B D"},{"stopId":1019310,"stopName":"Tomás Valle","stopTypeGroup":"bus","stopLat":-12.0117747,"stopLon":-77.0873785,"routeNames":"2203 2406 2703 7204 8201 8214"},{"stopId":955717,"stopName":"Grifo","stopTypeGroup":"bus","stopLat":-12.0117445,"stopLon":-77.0746229,"routeNames":"2203 2205 2703 CR53 CR71 IM08 OM39"},{"stopId":955723,"stopName":"Metro (Angélica Gamarra)","stopTypeGroup":"bus","stopLat":-12.0116227,"stopLon":-77.0895794,"routeNames":"CR53 CR71 IM08 IM47 IO19 IO45 OM39"},{"stopId":761251,"stopName":"Metro (Angélica Gamarra)","stopTypeGroup":"bus","stopLat":-12.0114134,"stopLon":-77.0896322,"routeNames":"1208 1501-(Lima-Callao) 1502-(Lima-Callao) 1703-(Lima-Callao) CR15 CR17 CR27 CR28 CR34 CR42 CR51 CR62 CR65 CR69 CR84 IM18 IM30 IO09 IO38b IO40 IPC06 OM25 OM32 OM47-(Callao-Lima)"},{"stopId":761270,"stopName":"Metro (Angélica Gamarra)","stopTypeGroup":"bus","stopLat":-12.0113032,"stopLon":-77.0898467,"routeNames":"1208 1501-(Lima-Callao) 1502-(Lima-Callao) 1703-(Lima-Callao) 2205 CR15 CR17 CR27 CR28 CR34 CR42 CR51 CR62 CR65 CR69 CR84 IM18 IM30 IO09 IO38b IO40 IPC06 OM25 OM32 OM47-(Callao-Lima)"},{"stopId":1308871,"stopName":"Tomás Valle","stopTypeGroup":"bus","stopLat":-12.0113032,"stopLon":-77.070272,"routeNames":"1031 1201 2408 2513 3203-(Lima-Callao) 3205 IM21"},{"stopId":1030124,"stopName":"Illescas","stopTypeGroup":"bus","stopLat":-12.0111929,"stopLon":-77.1011171,"routeNames":"1174-(Lima-Callao) 1278-(Lima-Callao) 1491 4210-(Lima-Callao) 4905-(Lima-Callao) CR13 CR14 CR24 CR25 CR44-(Lima-Callao) CR75 ICR14 IM04 IM22 IO04 IO07 IO30b IO89 OM18 OM21 OM33 OM34 UCL02-(Lima-Callao) UCL04-(Lima-Callao)"},{"stopId":1030066,"stopName":"llescas","stopTypeGroup":"bus","stopLat":-12.0111406,"stopLon":-77.1013088,"routeNames":"1174-(Lima-Callao) 1278-(Lima-Callao) 1491 4210-(Lima-Callao) 4905-(Lima-Callao) CR14 CR24 CR25 CR44-(Lima-Callao) CR75 ICR14 IM04 IM22 IO04 IO07 IO30b IO89 OM18 OM21 OM33 OM34 UCL02-(Lima-Callao) UCL04-(Lima-Callao)"},{"stopId":955749,"stopName":"San Germán","stopTypeGroup":"bus","stopLat":-12.0110844,"stopLon":-77.0706357,"routeNames":"2203 2205 2703 CR53 CR71 IM08 OM39"},{"stopId":1017578,"stopName":"Metro El Milagro","stopTypeGroup":"bus","stopLat":-12.0110571,"stopLon":-77.0528485,"routeNames":"1508 2209 2409 2411 2611 2803 CR12 CR43 NH26b SH112a"},{"stopId":1195051,"stopName":"Calle 39","stopTypeGroup":"bus","stopLat":-12.0110252,"stopLon":-77.0965731,"routeNames":"2404-(Lima-Callao) 2701-(Lima-Callao) CR07 IM57 IO27 IO35b IPC06 OM23 UCL01-(Lima-Callao) UCL03-(Lima-Callao)"},{"stopId":1194988,"stopName":"Girasoles","stopTypeGroup":"bus","stopLat":-12.0109941,"stopLon":-77.0967487,"routeNames":"2404-(Lima-Callao) 2701-(Lima-Callao) CR07 IM57 IO27 IO35b IPC06 OM23 UCL01-(Lima-Callao) UCL03-(Lima-Callao)"},{"stopId":1593083,"stopName":"Terminal Fiori - Suiza Peruana","stopTypeGroup":"bus","stopLat":-12.0109543,"stopLon":-77.0598972,"routeNames":"Lima-Socosbamba"},{"stopId":1593113,"stopName":"Terminal Fiori - La Perla del Altomayo","stopTypeGroup":"bus","stopLat":-12.0109149,"stopLon":-77.0596048,"routeNames":"Lima-Tayabamba-(La-Perla-del-Altomayo)"},{"stopId":1749030,"stopName":"Terminal Fiori - Hidalgo Express","stopTypeGroup":"bus","stopLat":-12.0108336,"stopLon":-77.0590657,"routeNames":"Lima-Huancayo-(Nazareno-Hidalgo-Express)"},{"stopId":951013,"stopName":"San Germán","stopTypeGroup":"bus","stopLat":-12.0108077,"stopLon":-77.0703,"routeNames":"1031 1201 2203 2205 2408 2513 2703 3203-(Lima-Callao) CR53 CR71 IM08 IM21 OM39"},{"stopId":1017590,"stopName":"Metro El Milagro","stopTypeGroup":"bus","stopLat":-12.0107388,"stopLon":-77.0531883,"routeNames":"1508 2209 2409 2411 2611 2703 2803 CR12 CR43 NH26b SH112a"},{"stopId":1593085,"stopName":"Terminal Fiori - Fama Tours","stopTypeGroup":"bus","stopLat":-12.0107234,"stopLon":-77.0595083,"routeNames":"Lima-Cajatambo"},{"stopId":737716,"stopName":"Fiori","stopTypeGroup":"bus","stopLat":-12.0105948,"stopLon":-77.0606107,"routeNames":"1213 1217 1308 1404 1411 1412 1505 1607 1608 1701 1702 1706 1801-(Lima-Callao) 1802 1804 2204 2407 2414 2511-(Lima-Callao) 2603 2604 2702 2805 4204 4212 7101 8102 8105 8107 8108 8109 8110 8111 8112 8209 8211 8212 9307-(Callao-Lima) 9401-(Lima-"},{"stopId":1032111,"stopName":"Mercado de Fiori","stopTypeGroup":"bus","stopLat":-12.010404,"stopLon":-77.0568506,"routeNames":"1103 1403 1602 1610 1612 2510 2703 CR62 IM47 IO35b IO38b IO45 IPC06"},{"stopId":737424,"stopName":"Plaza Vea (Universitaria)","stopTypeGroup":"bus","stopLat":-12.0103535,"stopLon":-77.0808989,"routeNames":"018p 1103 1503 1504 1506 1513 1514 1518 1604 1611 1615 1618 1704 1901-(Lima-Callao) 2502 2505 2613 2804-(Lima-Callao) 7103 8104 CR17 IO44b IO45 SH24a"},{"stopId":736372,"stopName":"Plaza Vea (Universitaria)","stopTypeGroup":"bus","stopLat":-12.0102643,"stopLon":-77.0812368,"routeNames":"018p 1103 1503 1504 1506 1513 1514 1518 1604 1611 1615 1618 1704 1901-(Lima-Callao) 2502 2505 2613 2804-(Lima-Callao) 7103 8104 CR17 IO44b IO45 SH24a"},{"stopId":1919762,"stopName":"Terrapuerto del Norte","stopTypeGroup":"bus","stopLat":-12.010232798587401,"stopLon":-77.06625938415529,"routeNames":"Lima-Huánuco-(Móvil-Bus)"},{"stopId":1032117,"stopName":"Mercado de Fiori","stopTypeGroup":"bus","stopLat":-12.0101702,"stopLon":-77.0571169,"routeNames":"1103 1206 1403 1602 1610 1612 2510 CR62 IM47 IO35b IO38b IO45 IPC06"},{"stopId":1325490,"stopName":"Mercado de Fiori","stopTypeGroup":"bus","stopLat":-12.0101121,"stopLon":-77.0568824,"routeNames":"3203-(Lima-Callao)"},{"stopId":931387,"stopName":"Bocanegra","stopTypeGroup":"bus","stopLat":-12.0100694,"stopLon":-77.1058647,"routeNames":"IM24 IM40"},{"stopId":761252,"stopName":"Próceres","stopTypeGroup":"bus","stopLat":-12.0098498,"stopLon":-77.0878083,"routeNames":"1208 1501-(Lima-Callao) 1502-(Lima-Callao) 1703-(Lima-Callao) CR15 CR17 CR27 CR28 CR34 CR42 CR51 CR62 CR65 CR69 CR84 IM18 IM30 IM47 IO09 IO38b IO40 IPC06 OM25 OM32 OM47-(Callao-Lima)"},{"stopId":1019290,"stopName":"Angélica Gamarra","stopTypeGroup":"bus","stopLat":-12.0097934,"stopLon":-77.0875179,"routeNames":"2203 2205 2406 2703 7204 8201 8214"},{"stopId":931411,"stopName":"Bocanegra","stopTypeGroup":"bus","stopLat":-12.0097566,"stopLon":-77.1063698,"routeNames":"IM04 IM24 IM40"},{"stopId":1339329,"stopName":"Bertello (Paseo Japón)","stopTypeGroup":"bus","stopLat":-12.0096766,"stopLon":-77.1057951,"routeNames":"IM04"},{"stopId":955751,"stopName":"Terrapuerto del Norte","stopTypeGroup":"bus","stopLat":-12.0094674,"stopLon":-77.0657922,"routeNames":"1031 1201 2203 2205 2408 2513 2703 3203-(Lima-Callao) CR53 CR71 IM08 IM21 OM39"},{"stopId":1195052,"stopName":"Heliotropos","stopTypeGroup":"bus","stopLat":-12.0093864,"stopLon":-77.0975073,"routeNames":"2404-(Lima-Callao) 2701-(Lima-Callao) CR07 IM57 IO27 IO35b OM23 UCL01-(Lima-Callao) UCL03-(Lima-Callao)"},{"stopId":1003238,"stopName":"Próceres","stopTypeGroup":"bus","stopLat":-12.0093549,"stopLon":-77.0874581,"routeNames":"1208 1501-(Lima-Callao) 1502-(Lima-Callao) 1703-(Lima-Callao) 2702 CR15 CR17 CR27 CR28 CR34 CR42 CR51 CR62 CR65 CR69 CR84 IM30 IM47 IO09 IO38b IO40 IPC06 OM25 OM32 OM47-(Callao-Lima)"},{"stopId":1325489,"stopName":"Imperial","stopTypeGroup":"bus","stopLat":-12.0093041,"stopLon":-77.0547903,"routeNames":"3203-(Lima-Callao)"},{"stopId":951011,"stopName":"Terrapuerto del Norte","stopTypeGroup":"bus","stopLat":-12.0092263,"stopLon":-77.0655774,"routeNames":"1031 1201 2203 2205 2408 2513 2703 3203-(Lima-Callao) CR53 CR71 IM08 IM21 OM39"},{"stopId":1194987,"stopName":"Heliotropos","stopTypeGroup":"bus","stopLat":-12.009225,"stopLon":-77.0977326,"routeNames":"2404-(Lima-Callao) 2701-(Lima-Callao) CR07 IM57 IO27 IO35b OM23 UCL01-(Lima-Callao) UCL03-(Lima-Callao)"},{"stopId":761267,"stopName":"Angélica Gamarra","stopTypeGroup":"bus","stopLat":-12.009207,"stopLon":-77.0877331,"routeNames":"2203 2406 2702 2703 7204 8201 8214 IM18"},{"stopId":1335274,"stopName":"Francia","stopTypeGroup":"bus","stopLat":-12.0088161,"stopLon":-77.1347791,"routeNames":"CR09 CR10"},{"stopId":955752,"stopName":"Ladrillera Rex","stopTypeGroup":"bus","stopLat":-12.008783,"stopLon":-77.0627051,"routeNames":"1201 2203 2205 2703 3203-(Lima-Callao) CR53 CR71 IM08 IM21 OM39"},{"stopId":951010,"stopName":"Ladrillera Rex","stopTypeGroup":"bus","stopLat":-12.0086136,"stopLon":-77.0627055,"routeNames":"1201 2203 2205 2703 3203-(Lima-Callao) CR53 CR71 IM08 IM21 OM39"},{"stopId":1339328,"stopName":"Pacasmayo","stopTypeGroup":"bus","stopLat":-12.0084908,"stopLon":-77.1029305,"routeNames":"IM04"},{"stopId":1030125,"stopName":"Bocanegra","stopTypeGroup":"bus","stopLat":-12.0083926,"stopLon":-77.102514,"routeNames":"1174-(Lima-Callao) 1278-(Lima-Callao) 1491 4210-(Lima-Callao) 4905-(Lima-Callao) CR13 CR14 CR24 CR25 CR44-(Lima-Callao) CR75 ICR14 IM04 IM22 IO04 IO07 IO30b IO89 OM18 OM21 OM33 OM34 UCL02-(Lima-Callao) UCL04-(Lima-Callao)"},{"stopId":1032113,"stopName":"Tomás Valle","stopTypeGroup":"bus","stopLat":-12.0081478,"stopLon":-77.0576982,"routeNames":"1103 1206 1403 1602 1610 1612 2510 2703 3203-(Lima-Callao) CR62 IM47 IO35b IO38b IO45 IPC06"},{"stopId":1030065,"stopName":"Bocanegra","stopTypeGroup":"bus","stopLat":-12.0081211,"stopLon":-77.1028026,"routeNames":"1174-(Lima-Callao) 1278-(Lima-Callao) 1491 4210-(Lima-Callao) 4905-(Lima-Callao) CR14 CR24 CR25 CR44-(Lima-Callao) CR75 ICR14 IM22 IO04 IO07 IO30b IO89 OM18 OM21 OM33 OM34 UCL02-(Lima-Callao) UCL03-(Lima-Callao) UCL04-(Lima-Callao)"},{"stopId":823669,"stopName":"Mercado Central Fevacel","stopTypeGroup":"bus","stopLat":-12.0078192,"stopLon":-77.056244,"routeNames":"1103 1201 1206 1208 1403 1610 2203 2205 2407 2703 3203-(Lima-Callao) CR28 CR53 CR62 IM08 IM47 IO19 IO35b IO38b IO45 IPC06 NM09"},{"stopId":931388,"stopName":"Calle 9","stopTypeGroup":"bus","stopLat":-12.0077607,"stopLon":-77.1070556,"routeNames":"IM04 IM24 IM40"},{"stopId":931410,"stopName":"Calle 9","stopTypeGroup":"bus","stopLat":-12.0076497,"stopLon":-77.1073974,"routeNames":"IM04 IM24 IM40"},{"stopId":1003279,"stopName":"Antares","stopTypeGroup":"bus","stopLat":-12.0076468,"stopLon":-77.0851551,"routeNames":"1208 1501-(Lima-Callao) 1502-(Lima-Callao) 1703-(Lima-Callao) 2702 3205 CR15 CR17 CR27 CR28 CR34 CR42 CR51 CR62 CR65 CR69 CR84 IM30 IM47 IO09 IO38b IO40 IPC06 OM25 OM32 OM47-(Callao-Lima)"},{"stopId":823581,"stopName":"Mercado Central Fevacel","stopTypeGroup":"bus","stopLat":-12.0076408,"stopLon":-77.0560616,"routeNames":"1103 1201 1206 1208 1403 1610 2203 2205 2407 CR28 CR53 CR62 IM08 IM47 IO19 IO35b IO38b IO45 IPC06 NM09"},{"stopId":1003235,"stopName":"Antares","stopTypeGroup":"bus","stopLat":-12.0075906,"stopLon":-77.0853379,"routeNames":"1208 1501-(Lima-Callao) 1502-(Lima-Callao) 1703-(Lima-Callao) 2702 3205 CR15 CR17 CR27 CR28 CR34 CR42 CR51 CR62 CR65 CR69 CR84 IM30 IM47 IO09 IO38b IO40 IPC06 OM25 OM32 OM47-(Callao-Lima)"},{"stopId":823670,"stopName":"Túpac Amaru","stopTypeGroup":"bus","stopLat":-12.0074939,"stopLon":-77.0540392,"routeNames":"1103 1201 1206 1208 1403 1610 2203 2205 2407 2703 3203-(Lima-Callao) CR28 CR53 CR62 IM08 IM47 IO19 IO35b IO38b IO45 IPC06 NM09"},{"stopId":1017579,"stopName":"Tomás Valle","stopTypeGroup":"bus","stopLat":-12.0074212,"stopLon":-77.0536493,"routeNames":"1508 2209 2409 2411 2611 2803 CR12 CR43 NH26b SH112a"},{"stopId":823580,"stopName":"Tomás Valle","stopTypeGroup":"bus","stopLat":-12.007242,"stopLon":-77.0539749,"routeNames":"1103 1201 1206 1208 1403 1508 1610 2203 2205 2209 2407 2409 2411 2611 2803 CR12 CR28 CR43 CR53 CR62 IM08 IM47 IO19 IO35b IO38b IO45 IPC06 NH26b NM09 SH112a"},{"stopId":737717,"stopName":"Plaza Norte","stopTypeGroup":"bus","stopLat":-12.0070269,"stopLon":-77.0613831,"routeNames":"1031 1208 1213 1217 1308 1404 1411 1412 1505 1602 1607 1608 1612 1701 1702 1706 1801-(Lima-Callao) 1802 1804 2204 2408 2414 2510 2511-(Lima-Callao) 2513 2603 2604 2702 2805 4204 4212 7101 8102 8105 8107 8108 8109 8110 8111 8112 8209 8211 8212 930"},{"stopId":1019291,"stopName":"Simón Bolívar","stopTypeGroup":"bus","stopLat":-12.0069328,"stopLon":-77.087837,"routeNames":"2203 2406 2702 2703 7204 8201 8214 IM18"},{"stopId":737425,"stopName":"Angélica Gamarra","stopTypeGroup":"bus","stopLat":-12.0068957,"stopLon":-77.0822078,"routeNames":"018p 1103 1503 1504 1506 1513 1514 1518 1604 1611 1615 1618 1704 1901-(Lima-Callao) 2502 2505 2613 2804-(Lima-Callao) 7103 8104 CR17 IO44b IO45 SH24a"},{"stopId":737529,"stopName":"Plaza Norte","stopTypeGroup":"bus","stopLat":-12.0067304,"stopLon":-77.0618686,"routeNames":"1031 1208 1213 1217 1308 1404 1411 1412 1505 1602 1607 1608 1612 1701 1702 1706 1801-(Lima-Callao) 1802 1804 2204 2408 2414 2510 2511-(Lima-Callao) 2513 2603 2604 2702 2805 4204 4212 7101 8102 8105 8107 8108 8109 8110 8111 8112 8209 8211 8212 930"},{"stopId":1003280,"stopName":"Universitaria","stopTypeGroup":"bus","stopLat":-12.0067229,"stopLon":-77.0826802,"routeNames":"1208 1501-(Lima-Callao) 1502-(Lima-Callao) 1703-(Lima-Callao) 2702 3205 CR15 CR17 CR27 CR28 CR34 CR42 CR51 CR62 CR65 CR69 CR84 IM30 IM47 IO09 IO38b IO40 IPC06 OM25 OM32 OM47-(Callao-Lima)"},{"stopId":761253,"stopName":"Simón Bolívar","stopTypeGroup":"bus","stopLat":-12.006712,"stopLon":-77.0880604,"routeNames":"2203 2406 2702 2703 7204 8201 8214 IM18"},{"stopId":1195053,"stopName":"Bocanegra","stopTypeGroup":"bus","stopLat":-12.0066514,"stopLon":-77.0987772,"routeNames":"2404-(Lima-Callao) 2701-(Lima-Callao) CR07 IM57 IO27 IO35b OM23 UCL01-(Lima-Callao) UCL03-(Lima-Callao)"},{"stopId":815580,"stopName":"Tomás Valle","stopTypeGroup":"bus","stopLat":-12.0065363,"stopLon":-77.0539695,"routeNames":"A B D EX5 EX7 EX8 L"},{"stopId":1003234,"stopName":"Universitaria","stopTypeGroup":"bus","stopLat":-12.0065149,"stopLon":-77.0819288,"routeNames":"1208 1501-(Lima-Callao) 2702 3205 CR15 CR27 CR28 CR34 CR42 CR51 CR65 CR69 CR84 IM30 IO09 IO40"},{"stopId":1003281,"stopName":"Santa Eulália","stopTypeGroup":"bus","stopLat":-12.006513,"stopLon":-77.0790753,"routeNames":"1208 1501-(Lima-Callao) 2702 3205 CR15 CR27 CR28 CR34 CR42 CR51 CR65 CR69 CR84 IM30 IO09 IO40"},{"stopId":1194981,"stopName":"Bocanegra","stopTypeGroup":"bus","stopLat":-12.0064021,"stopLon":-77.0992266,"routeNames":"2404-(Lima-Callao) 2701-(Lima-Callao) CR07 IM57 IO27 IO35b OM23 UCL01-(Lima-Callao)"},{"stopId":1003282,"stopName":"Santa Rosa","stopTypeGroup":"bus","stopLat":-12.0063871,"stopLon":-77.0765755,"routeNames":"1208 1501-(Lima-Callao) 2702 3205 CR15 CR27 CR28 CR34 CR42 CR51 CR65 CR69 CR84 IM30 IO09 IO40"},{"stopId":1003232,"stopName":"Santa Eulália","stopTypeGroup":"bus","stopLat":-12.0063431,"stopLon":-77.0789327,"routeNames":"1208 1501-(Lima-Callao) 2702 3205 CR15 CR27 CR28 CR34 CR42 CR51 CR65 CR69 CR84 IM30 IO09 IO40"},{"stopId":736370,"stopName":"Angélica Gamarra","stopTypeGroup":"bus","stopLat":-12.0063369,"stopLon":-77.0826209,"routeNames":"018p 1103 1502-(Lima-Callao) 1503 1504 1506 1513 1514 1518 1604 1611 1615 1618 1703-(Lima-Callao) 1704 1901-(Lima-Callao) 2502 2505 2613 2804-(Lima-Callao) 7103 8104 CR17 CR62 IM47 IO38b IO44b IO45 IPC06 OM25 OM32 OM47-(Callao-Lima) SH24a"},{"stopId":1003230,"stopName":"Santa Rosa","stopTypeGroup":"bus","stopLat":-12.0062387,"stopLon":-77.0762988,"routeNames":"1208 1501-(Lima-Callao) 2702 3205 CR15 CR27 CR28 CR34 CR42 CR51 CR65 CR69 CR84 IM30 IO09 IO40"},{"stopId":1003283,"stopName":"Mercado Conzac","stopTypeGroup":"bus","stopLat":-12.0060303,"stopLon":-77.0718383,"routeNames":"1208 1501-(Lima-Callao) 2702 3205 CR15 CR27 CR28 CR34 CR42 CR51 CR65 CR69 CR84 IM30 IO09 IO40"},{"stopId":1003227,"stopName":"Mercado Conzac","stopTypeGroup":"bus","stopLat":-12.0058257,"stopLon":-77.0714523,"routeNames":"1208 1501-(Lima-Callao) 2702 CR15 CR27 CR28 CR34 CR42 CR51 CR65 CR69 CR84 IM30 IO09 IO40"},{"stopId":1030126,"stopName":"Calle 20","stopTypeGroup":"bus","stopLat":-12.0056435,"stopLon":-77.1038633,"routeNames":"1174-(Lima-Callao) 1278-(Lima-Callao) 1491 4210-(Lima-Callao) 4905-(Lima-Callao) CR13 CR14 CR24 CR25 CR44-(Lima-Callao) CR75 ICR14 IM22 IO04 IO07 IO30b IO89 OM18 OM21 OM33 OM34 UCL02-(Lima-Callao) UCL03-(Lima-Callao) UCL04-(Lima-Calla"},{"stopId":1030064,"stopName":"Calle 20","stopTypeGroup":"bus","stopLat":-12.0055426,"stopLon":-77.1040708,"routeNames":"1174-(Lima-Callao) 1278-(Lima-Callao) 1491 4210-(Lima-Callao) 4905-(Lima-Callao) CR14 CR24 CR25 CR44-(Lima-Callao) CR75 ICR14 IM22 IO04 IO07 IO30b IO89 OM18 OM21 OM33 OM34 UCL02-(Lima-Callao) UCL03-(Lima-Callao) UCL04-(Lima-Callao)"},{"stopId":2050509,"stopName":"Terminal Terrestre Plaza Norte","stopTypeGroup":"bus","stopLat":-12.005518333805604,"stopLon":-77.05676436424257},{"stopId":1003285,"stopName":"El Trébol","stopTypeGroup":"bus","stopLat":-12.005238,"stopLon":-77.0664739,"routeNames":"1208 1501-(Lima-Callao) 2702 CR15 CR27 CR28 CR34 CR42 CR51 CR65 CR69 CR84 IM30 IO09 IO40"},{"stopId":1003221,"stopName":"El Trébol","stopTypeGroup":"bus","stopLat":-12.0050839,"stopLon":-77.0664878,"routeNames":"1208 1501-(Lima-Callao) 2702 CR15 CR27 CR28 CR34 CR42 CR51 CR65 CR69 CR84 IM30 IO09 IO40"},{"stopId":975919,"stopName":"Terminal Terrestre Plaza Norte","stopTypeGroup":"bus","stopLat":-12.0050739,"stopLon":-77.055539,"routeNames":"Arequipa-Lima-(CIVA) Arequipa-Lima-(Cruz-del-Sur) Lima-Celendín-(Turismo-del-Norte) Lima-Chimbote-(Emtrafesa-Ave-Fénix) Lima-Chulucanas Lima-Ferreñafe Lima-Paita-(Cavassa) Lima-Trujillo Lima-Yanahuanca-(Cruzero-Express)"},{"stopId":2059471,"stopName":"El Trébol (Auxiliar)","stopTypeGroup":"bus","stopLat":-12.00499887187199,"stopLon":-77.06650882959367},{"stopId":931389,"stopName":"Calle 2","stopTypeGroup":"bus","stopLat":-12.0048853,"stopLon":-77.1084182,"routeNames":"IM04 IM24 IM40"},{"stopId":931409,"stopName":"Calle 2","stopTypeGroup":"bus","stopLat":-12.0048474,"stopLon":-77.1087947,"routeNames":"IM04 IM24 IM40"},{"stopId":1003286,"stopName":"Pilas","stopTypeGroup":"bus","stopLat":-12.0047395,"stopLon":-77.0632016,"routeNames":"1208 1501-(Lima-Callao) 2702 CR15 CR27 CR28 CR34 CR42 CR51 CR65 CR69 CR84 IM30 IO09 IO40"},{"stopId":1181063,"stopName":"Pilas","stopTypeGroup":"bus","stopLat":-12.0046054,"stopLon":-77.0633858,"routeNames":"1208 2702 CR27 CR28 CR34 CR42 CR51 CR65 CR69 CR84 IM30 IO09 IO40"},{"stopId":1057144,"stopName":"Pilas","stopTypeGroup":"bus","stopLat":-12.004231,"stopLon":-77.0606541,"routeNames":"1404 1602 2510 CR42"},{"stopId":1030127,"stopName":"Calle 5","stopTypeGroup":"bus","stopLat":-12.0041226,"stopLon":-77.1045744,"routeNames":"1174-(Lima-Callao) 1278-(Lima-Callao) 1491 4210-(Lima-Callao) 4905-(Lima-Callao) CR13 CR14 CR24 CR25 CR44-(Lima-Callao) CR75 ICR14 IM22 IO04 IO07 IO30b IO89 OM18 OM21 OM33 OM34 UCL02-(Lima-Callao) UCL03-(Lima-Callao) UCL04-(Lima-Calla"},{"stopId":1057128,"stopName":"Pilas","stopTypeGroup":"bus","stopLat":-12.0040943,"stopLon":-77.0606408,"routeNames":"1404 1602 2510 CR42"},{"stopId":1030063,"stopName":"Calle 5","stopTypeGroup":"bus","stopLat":-12.0040038,"stopLon":-77.1048424,"routeNames":"1174-(Lima-Callao) 1278-(Lima-Callao) 1491 4210-(Lima-Callao) 4905-(Lima-Callao) CR14 CR24 CR25 CR44-(Lima-Callao) CR75 ICR14 IM22 IO04 IO07 IO30b IO89 OM18 OM21 OM33 OM34 UCL02-(Lima-Callao) UCL03-(Lima-Callao) UCL04-(Lima-Callao)"},{"stopId":1017580,"stopName":"Triángulo","stopTypeGroup":"bus","stopLat":-12.003827,"stopLon":-77.0543466,"routeNames":"1103 1201 1206 1208 1403 1508 1610 2203 2205 2209 2407 2409 2411 2611 2803 CR12 CR28 CR43 CR53 CR62 IM08 IM47 IO19 IO35b IO38b IO45 IPC06 NH26b NM09 SH112a"},{"stopId":1057145,"stopName":"Parque Los Vencedores","stopTypeGroup":"bus","stopLat":-12.003806,"stopLon":-77.0577895,"routeNames":"1404 1602 2510 CR42"},{"stopId":737528,"stopName":"Pilas","stopTypeGroup":"bus","stopLat":-12.0037815,"stopLon":-77.0622012,"routeNames":"1031 1213 1217 1308 1411 1412 1501-(Lima-Callao) 1505 1607 1608 1612 1701 1702 1706 1801-(Lima-Callao) 1802 1804 2204 2408 2414 2511-(Lima-Callao) 2513 2603 2604 2805 4204 4212 7101 8102 8105 8107 8108 8109 8110 8111 8112 8209 8211 8212 9307-(C"},{"stopId":761254,"stopName":"Antonio de Zela","stopTypeGroup":"bus","stopLat":-12.0037658,"stopLon":-77.0900479,"routeNames":"2203 2406 2702 2703 7204 8201 8214 IM18"},{"stopId":1017589,"stopName":"Triángulo","stopTypeGroup":"bus","stopLat":-12.0037098,"stopLon":-77.0546706,"routeNames":"1103 1201 1206 1208 1403 1508 1610 2203 2205 2209 2407 2409 2411 2611 2803 CR12 CR28 CR43 CR53 CR62 IM08 IM47 IO19 IO35b IO38b IO45 IPC06 NH26b NM09 SH112a"},{"stopId":1057127,"stopName":"Calle Cahuide","stopTypeGroup":"bus","stopLat":-12.0036718,"stopLon":-77.0580097,"routeNames":"1404 1602 2510 CR42"},{"stopId":2059472,"stopName":"Pachacútec","stopTypeGroup":"bus","stopLat":-12.003537551869272,"stopLon":-77.06622719764711},{"stopId":2059470,"stopName":"Pachacútec","stopTypeGroup":"bus","stopLat":-12.00339063236414,"stopLon":-77.06638813018799},{"stopId":737718,"stopName":"Pilas","stopTypeGroup":"bus","stopLat":-12.0031807,"stopLon":-77.0618337,"routeNames":"1031 1213 1217 1308 1411 1412 1505 1607 1608 1612 1701 1702 1706 1801-(Lima-Callao) 1802 1804 2204 2408 2414 2511-(Lima-Callao) 2513 2603 2604 2805 4204 4212 7101 8102 8105 8107 8108 8109 8110 8111 8112 8209 8211 8212 9307-(Callao-Lima) 9401-(L"},{"stopId":931390,"stopName":"Colectora","stopTypeGroup":"bus","stopLat":-12.0030278,"stopLon":-77.1093516,"routeNames":"IM04 IM24 IM40"},{"stopId":931408,"stopName":"Colectora","stopTypeGroup":"bus","stopLat":-12.0028132,"stopLon":-77.1097743,"routeNames":"ICR14 IM04 IM22 IM24 IM40 UCL02-(Lima-Callao) UCL03-(Lima-Callao) UCL04-(Lima-Callao)"},{"stopId":737427,"stopName":"Palacio","stopTypeGroup":"bus","stopLat":-12.0027872,"stopLon":-77.0832056,"routeNames":"018p 1103 1502-(Lima-Callao) 1503 1504 1506 1513 1514 1518 1604 1611 1615 1618 1703-(Lima-Callao) 1704 1901-(Lima-Callao) 2502 2505 2613 2804-(Lima-Callao) 7103 8104 CR17 CR62 IM47 IO38b IO44b IO45 IPC06 OM25 OM32 OM47-(Callao-Lima) SH24a"},{"stopId":1195629,"stopName":"Bertello","stopTypeGroup":"bus","stopLat":-12.0026718,"stopLon":-77.1093726,"routeNames":"ICR14 IM22 UCL02-(Lima-Callao) UCL03-(Lima-Callao) UCL04-(Lima-Callao)"},{"stopId":1195055,"stopName":"Colinas","stopTypeGroup":"bus","stopLat":-12.0024706,"stopLon":-77.1008877,"routeNames":"2404-(Lima-Callao) 2701-(Lima-Callao) CR07 IM57 IO27 IO35b OM23 UCL01-(Lima-Callao)"},{"stopId":815579,"stopName":"Los Jazmines","stopTypeGroup":"bus","stopLat":-12.0023281,"stopLon":-77.0547286,"routeNames":"A B D"},{"stopId":1194978,"stopName":"Calle 4","stopTypeGroup":"bus","stopLat":-12.0022835,"stopLon":-77.1011402,"routeNames":"2404-(Lima-Callao) 2701-(Lima-Callao) CR07 IM57 IO27 IO35b OM23 UCL01-(Lima-Callao)"},{"stopId":823671,"stopName":"Los Jazmines","stopTypeGroup":"bus","stopLat":-12.0016538,"stopLon":-77.0546991,"routeNames":"1103 1201 1206 1208 1403 1508 1610 2203 2205 2209 2407 2409 2411 2611 2803 CR12 CR28 CR43 CR53 CR62 IM08 IM47 IO19 IO35b IO38b IO45 IPC06 NH26b NM09 SH112a"},{"stopId":823578,"stopName":"Los Jazmines","stopTypeGroup":"bus","stopLat":-12.0014912,"stopLon":-77.0549941,"routeNames":"1103 1201 1206 1208 1403 1508 1610 2203 2205 2209 2407 2409 2411 2611 2803 CR12 CR28 CR43 CR53 CR62 IM08 IM47 IO19 IO35b IO38b IO45 IPC06 NH26b NM09 SH112a"},{"stopId":1195623,"stopName":"Pacasmayo","stopTypeGroup":"bus","stopLat":-12.00134004534846,"stopLon":-77.10632042883604,"routeNames":"ICR14 IM22 UCL02-(Lima-Callao) UCL03-(Lima-Callao) UCL04-(Lima-Callao)"},{"stopId":1030128,"stopName":"Alamo","stopTypeGroup":"bus","stopLat":-12.0013176,"stopLon":-77.1060205,"routeNames":"1174-(Lima-Callao) 1278-(Lima-Callao) 1491 4210-(Lima-Callao) 4905-(Lima-Callao) CR13 CR14 CR24 CR25 CR44-(Lima-Callao) CR75 ICR14 IM22 IO04 IO07 IO30b IO89 OM18 OM21 OM33 OM34 UCL02-(Lima-Callao) UCL03-(Lima-Callao) UCL04-(Lima-Calla"},{"stopId":736368,"stopName":"Meyer","stopTypeGroup":"bus","stopLat":-12.0012341,"stopLon":-77.0838064,"routeNames":"018p 1103 1502-(Lima-Callao) 1503 1504 1506 1513 1514 1518 1604 1611 1615 1618 1703-(Lima-Callao) 1704 1901-(Lima-Callao) 2502 2505 2613 2804-(Lima-Callao) 7103 8104 CR17 CR62 IM47 IO38b IO44b IO45 IPC06 OM25 OM32 OM47-(Callao-Lima) SH24a"},{"stopId":931391,"stopName":"Calle 15","stopTypeGroup":"bus","stopLat":-12.0011182,"stopLon":-77.110349,"routeNames":"ICR14 IM04 IM22 IM24 IM40 UCL02-(Lima-Callao) UCL03-(Lima-Callao) UCL04-(Lima-Callao)"},{"stopId":1068563,"stopName":"Canta Callao","stopTypeGroup":"bus","stopLat":-12.0011169,"stopLon":-77.1165054,"routeNames":"2511-(Lima-Callao) 9305-(Lima-Callao) CR16 CR19 CR28 CR32 CR35 CR41 CR49 CR56 CR57 CR58 CR61 ICR05 ICR10 IM06 IM12-(Lima-Callao) IM19 IM20 IM26 IM30 IM31 IO03 IO06 IO14-(Lima-Callao) IO28b IO32b IO37b-(Callao-Lima) IO55 IO71 IO75b OM10 OM22"},{"stopId":931407,"stopName":"Calle 15","stopTypeGroup":"bus","stopLat":-12.001101,"stopLon":-77.1106665,"routeNames":"ICR14 IM04 IM22 IM24 IM40 UCL02-(Lima-Callao) UCL03-(Lima-Callao) UCL04-(Lima-Callao)"},{"stopId":761255,"stopName":"Las Vaquitas","stopTypeGroup":"bus","stopLat":-12.001095,"stopLon":-77.0909545,"routeNames":"2203 2406 2702 2703 7204 8201 8214 IM18"},{"stopId":1030062,"stopName":"Álamo","stopTypeGroup":"bus","stopLat":-12.0010635,"stopLon":-77.1063059,"routeNames":"1174-(Lima-Callao) 1278-(Lima-Callao) 1491 4210-(Lima-Callao) 4905-(Lima-Callao) CR14 CR24 CR25 CR44-(Lima-Callao) CR75 IO04 IO07 IO30b IO89 OM18 OM21 OM33 OM34"},{"stopId":1068562,"stopName":"Canta Callao","stopTypeGroup":"bus","stopLat":-12.0010024,"stopLon":-77.1169929,"routeNames":"1491 9305-(Lima-Callao) CR16 CR19 CR24 CR28 CR32 CR35 CR41 CR44-(Lima-Callao) CR56 CR57 CR58 CR61 ICR10 ICR15 IM06 IM12-(Lima-Callao) IM19 IM20 IM30 IM31 IO03 IO06 IO14-(Lima-Callao) IO28b IO32b IO37b-(Callao-Lima) IO55 IO71 IO75b OM10 OM23"},{"stopId":761266,"stopName":"Las Vaquitas","stopTypeGroup":"bus","stopLat":-12.0009717,"stopLon":-77.0911878,"routeNames":"2203 2406 2502 2702 2703 7204 8201 IM18"},{"stopId":1308436,"stopName":"Las Vaquitas","stopTypeGroup":"bus","stopLat":-12.0008615,"stopLon":-77.0909679,"routeNames":"2502 8214"},{"stopId":1068598,"stopName":"Faucett","stopTypeGroup":"bus","stopLat":-12.0005324,"stopLon":-77.1165325,"routeNames":"1491 2511-(Lima-Callao) CR13 CR24 CR44-(Lima-Callao) CR49 ICR05 ICR15 IM26 IO45 OM22 OM23 OM34"},{"stopId":1057146,"stopName":"Isidro Bonifaz","stopTypeGroup":"bus","stopLat":-12.0003032,"stopLon":-77.0579237,"routeNames":"1404 1602 2510 CR42"},{"stopId":2059469,"stopName":"Manco Cápac","stopTypeGroup":"bus","stopLat":-12.00018461893381,"stopLon":-77.06563711166383},{"stopId":1057126,"stopName":"Isidro Bonifaz","stopTypeGroup":"bus","stopLat":-12.0001617,"stopLon":-77.0581168,"routeNames":"1404 1602 2510 CR42"},{"stopId":869936,"stopName":"Nísperos","stopTypeGroup":"bus","stopLat":-11.9997229,"stopLon":-77.0966327,"routeNames":"AN17"},{"stopId":869935,"stopName":"Nísperos","stopTypeGroup":"bus","stopLat":-11.9996651,"stopLon":-77.0968419,"routeNames":"AN17"},{"stopId":1195057,"stopName":"Santa Rosa","stopTypeGroup":"bus","stopLat":-11.999578,"stopLon":-77.1022659,"routeNames":"2404-(Lima-Callao) 2701-(Lima-Callao) CR07 IM57 IO27 IO35b OM23 UCL01-(Lima-Callao)"},{"stopId":1194975,"stopName":"Santa Rosa","stopTypeGroup":"bus","stopLat":-11.9995029,"stopLon":-77.1025594,"routeNames":"2404-(Lima-Callao) 2701-(Lima-Callao) CR07 IM57 IO27 IO35b OM23 UCL01-(Lima-Callao)"},{"stopId":1030129,"stopName":"Chicmabamba","stopTypeGroup":"bus","stopLat":-11.9994852,"stopLon":-77.1069555,"routeNames":"1174-(Lima-Callao) 1278-(Lima-Callao) 1491 4210-(Lima-Callao) 4905-(Lima-Callao) CR13 CR24 CR25 CR44-(Lima-Callao) IO04 IO07 IO30b IO89 OM18 OM21 OM33 OM34"},{"stopId":1030061,"stopName":"Chicmabamba","stopTypeGroup":"bus","stopLat":-11.9993548,"stopLon":-77.1071783,"routeNames":"1174-(Lima-Callao) 1278-(Lima-Callao) 1491 4210-(Lima-Callao) 4905-(Lima-Callao) CR24 CR25 CR44-(Lima-Callao) IO04 IO07 IO30b IO89 OM18 OM21 OM33 OM34"},{"stopId":1030059,"stopName":"Open Plaza Canta Callao - Parte Posterior","stopTypeGroup":"bus","stopLat":-11.999315,"stopLon":-77.112759,"routeNames":"CR25"},{"stopId":1329544,"stopName":"Dominicos","stopTypeGroup":"bus","stopLat":-11.9992506,"stopLon":-77.1023405},{"stopId":1068600,"stopName":"Paradero Deposito","stopTypeGroup":"bus","stopLat":-11.9989861,"stopLon":-77.121046,"routeNames":"1491 9305-(Lima-Callao) CR16 CR19 CR24 CR28 CR32 CR35 CR41 CR44-(Lima-Callao) CR56 CR57 CR58 CR61 ICR10 ICR15 IM06 IM12-(Lima-Callao) IM19 IM20 IM30 IM31 IO03 IO06 IO14-(Lima-Callao) IO28b IO32b IO37b-(Callao-Lima) IO55 IO71 IO75b OM10 OM23"},{"stopId":1068558,"stopName":"Paradero Depósito","stopTypeGroup":"bus","stopLat":-11.9989373,"stopLon":-77.121641,"routeNames":"1491 9305-(Lima-Callao) CR16 CR19 CR24 CR28 CR32 CR35 CR41 CR44-(Lima-Callao) CR56 CR57 CR58 CR61 ICR10 ICR15 IM06 IM12-(Lima-Callao) IM19 IM20 IM30 IM31 IO03 IO06 IO14-(Lima-Callao) IO28b IO32b IO37b-(Callao-Lima) IO55 IO71 IO75b OM10 OM23"},{"stopId":815578,"stopName":"Independencia","stopTypeGroup":"bus","stopLat":-11.99876,"stopLon":-77.0552006,"routeNames":"A B D EX6 EX8"},{"stopId":931406,"stopName":"Open Plaza","stopTypeGroup":"bus","stopLat":-11.9987188,"stopLon":-77.111911,"routeNames":"CR25 ICR14 IM04 IM22 IM24 IM40 UCL02-(Lima-Callao) UCL03-(Lima-Callao) UCL04-(Lima-Callao)"},{"stopId":737428,"stopName":"Juan Pichert","stopTypeGroup":"bus","stopLat":-11.9986,"stopLon":-77.0841497,"routeNames":"018p 1103 1502-(Lima-Callao) 1503 1504 1506 1513 1514 1518 1604 1611 1615 1618 1703-(Lima-Callao) 1704 1901-(Lima-Callao) 2502 2505 2613 2804-(Lima-Callao) 7103 8104 CR17 CR62 IM47 IO38b IO44b IO45 IPC06 OM25 OM32 OM47-(Callao-Lima) SH24a"},{"stopId":761256,"stopName":"Abtao","stopTypeGroup":"bus","stopLat":-11.9985727,"stopLon":-77.0926569,"routeNames":"2203 2406 2502 2702 2703 7204 8201 IM18"},{"stopId":736367,"stopName":"Juan Pichert","stopTypeGroup":"bus","stopLat":-11.9985606,"stopLon":-77.0844287,"routeNames":"018p 1103 1502-(Lima-Callao) 1503 1504 1506 1513 1514 1518 1604 1611 1615 1618 1703-(Lima-Callao) 1704 1901-(Lima-Callao) 2502 2505 2613 2804-(Lima-Callao) 7103 8104 CR17 CR62 IM47 IO38b IO44b IO45 IPC06 OM25 OM32 OM47-(Callao-Lima) SH24a"},{"stopId":761265,"stopName":"Abtao","stopTypeGroup":"bus","stopLat":-11.998506,"stopLon":-77.0929383,"routeNames":"2203 2406 2502 2702 2703 7204 8201 IM18"},{"stopId":931392,"stopName":"Open Plaza","stopTypeGroup":"bus","stopLat":-11.9984632,"stopLon":-77.1117303,"routeNames":"CR25 ICR14 IM04 IM22 IM24 IM40 UCL02-(Lima-Callao) UCL03-(Lima-Callao) UCL04-(Lima-Callao)"},{"stopId":1308435,"stopName":"María Parado de Bellido","stopTypeGroup":"bus","stopLat":-11.9982484,"stopLon":-77.0892915,"routeNames":"2502 8214"},{"stopId":737527,"stopName":"Senati","stopTypeGroup":"bus","stopLat":-11.9982117,"stopLon":-77.0628852,"routeNames":"1031 1213 1217 1308 1411 1412 1501-(Lima-Callao) 1505 1607 1608 1612 1701 1702 1706 1801-(Lima-Callao) 1802 1804 2204 2408 2414 2511-(Lima-Callao) 2513 2603 2604 2805 4204 4212 7101 8102 8105 8107 8108 8109 8110 8111 8112 8209 8211 8212 9307-(C"},{"stopId":737719,"stopName":"Senati","stopTypeGroup":"bus","stopLat":-11.9981854,"stopLon":-77.0625955,"routeNames":"1031 1213 1217 1308 1411 1412 1501-(Lima-Callao) 1505 1607 1608 1612 1701 1702 1706 1801-(Lima-Callao) 1802 1804 2204 2408 2414 2511-(Lima-Callao) 2513 2603 2604 2805 4204 4212 7101 8102 8105 8107 8108 8109 8110 8111 8112 8209 8211 8212 9307-(C"},{"stopId":823675,"stopName":"Los Pinos","stopTypeGroup":"bus","stopLat":-11.9978444,"stopLon":-77.0551631,"routeNames":"1103 1201 1206 1208 1403 1508 1610 2203 2205 2209 2407 2409 2411 2611 2803 CR12 CR28 CR43 CR53 CR62 IM08 IM47 IO19 IO35b IO38b IO45 IPC06 NH26b NM09 SH112a"},{"stopId":869934,"stopName":"Coopip","stopTypeGroup":"bus","stopLat":-11.9976817,"stopLon":-77.0979363,"routeNames":"AN17"},{"stopId":823577,"stopName":"Los Pinos","stopTypeGroup":"bus","stopLat":-11.9976555,"stopLon":-77.0554179,"routeNames":"1103 1201 1206 1208 1403 1508 1610 2203 2205 2209 2407 2409 2411 2611 CR12 CR28 CR43 CR53 CR62 IM08 IM47 IO19 IO35b IO38b IO45 IPC06 NH26b NM09 SH112a"},{"stopId":869937,"stopName":"Coopip","stopTypeGroup":"bus","stopLat":-11.9976345,"stopLon":-77.0977968,"routeNames":"AN17"},{"stopId":2059468,"stopName":"El Buen Pastor","stopTypeGroup":"bus","stopLat":-11.997566258891094,"stopLon":-77.06477880477907},{"stopId":1195058,"stopName":"Urubamba","stopTypeGroup":"bus","stopLat":-11.9972134,"stopLon":-77.1034429,"routeNames":"2404-(Lima-Callao) 2701-(Lima-Callao) CR07 IM57 IO27 IO35b OM23 UCL01-(Lima-Callao)"},{"stopId":1068564,"stopName":"Bertello","stopTypeGroup":"bus","stopLat":-11.9971853,"stopLon":-77.1129129,"routeNames":"1491 2208 2511-(Lima-Callao) CR24 CR44-(Lima-Callao) CR49 ICR05 ICR15 IM26 IO45 OM22 OM23 OM34 UCL01-(Lima-Callao)"},{"stopId":1532325,"stopName":"Virgo","stopTypeGroup":"bus","stopLat":-11.9971675,"stopLon":-77.0746708,"routeNames":"2505"},{"stopId":1194973,"stopName":"Urubamba","stopTypeGroup":"bus","stopLat":-11.9971377,"stopLon":-77.1035964,"routeNames":"2404-(Lima-Callao) 2701-(Lima-Callao) CR07 IM57 IO27 IO35b OM23 UCL01-(Lima-Callao)"},{"stopId":931393,"stopName":"Canta Callao","stopTypeGroup":"bus","stopLat":-11.9970448,"stopLon":-77.1124728,"routeNames":"CR25 ICR14 IM04 IM22 IM24 IM40 UCL02-(Lima-Callao) UCL03-(Lima-Callao) UCL04-(Lima-Callao)"},{"stopId":1030130,"stopName":"Salermo","stopTypeGroup":"bus","stopLat":-11.9969333,"stopLon":-77.1082823,"routeNames":"1174-(Lima-Callao) 1278-(Lima-Callao) 1491 4210-(Lima-Callao) 4905-(Lima-Callao) CR13 CR24 CR25 CR44-(Lima-Callao) IO04 IO07 IO30b IO89 OM18 OM21 OM33 OM34"},{"stopId":1030060,"stopName":"Salermo","stopTypeGroup":"bus","stopLat":-11.9968208,"stopLon":-77.1084844,"routeNames":"1174-(Lima-Callao) 1278-(Lima-Callao) 1491 4210-(Lima-Callao) 4905-(Lima-Callao) CR24 CR25 CR44-(Lima-Callao) IO04 IO07 IO30b IO89 OM18 OM21 OM33 OM34"},{"stopId":1479593,"stopName":"Casma","stopTypeGroup":"bus","stopLat":-11.996754,"stopLon":-77.1007569},{"stopId":1068602,"stopName":"Óvalo 200 Millas","stopTypeGroup":"bus","stopLat":-11.9967284,"stopLon":-77.1252176,"routeNames":"1491 9305-(Lima-Callao) CR16 CR19 CR24 CR28 CR32 CR35 CR41 CR56 CR57 CR58 CR61 CR66 ICR10 ICR15 IM06 IM12-(Lima-Callao) IM19 IM20 IM30 IM31 IO03 IO06 IO14-(Lima-Callao) IO28b IO32b IO37b-(Callao-Lima) IO55 IO71 IO75b OM10 OM23 OM34 OM42-(Call"},{"stopId":829872,"stopName":"Canta Callao","stopTypeGroup":"bus","stopLat":-11.996687,"stopLon":-77.1129819,"routeNames":"1174-(Lima-Callao) AN14 ICR14 IM04 IM24 IM40 OM33 UCL02-(Lima-Callao) UCL03-(Lima-Callao) UCL04-(Lima-Callao)"},{"stopId":1308434,"stopName":"Daniel Alcides Carrión","stopTypeGroup":"bus","stopLat":-11.9966322,"stopLon":-77.0865422,"routeNames":"2502 8214 9405-(Lima-Callao)"}]