[{"stopId":1195623,"stopName":"Pacasmayo","stopTypeGroup":"bus","stopLat":-12.00134004534846,"stopLon":-77.10632042883604,"routeNames":"ICR14 IM22 UCL02-(Lima-Callao) UCL03-(Lima-Callao) UCL04-(Lima-Callao)"},{"stopId":1030128,"stopName":"Alamo","stopTypeGroup":"bus","stopLat":-12.0013176,"stopLon":-77.1060205,"routeNames":"1174-(Lima-Callao) 1278-(Lima-Callao) 1491 4210-(Lima-Callao) 4905-(Lima-Callao) CR13 CR14 CR24 CR25 CR44-(Lima-Callao) CR75 ICR14 IM22 IO04 IO07 IO30b IO89 OM18 OM21 OM33 OM34 UCL02-(Lima-Callao) UCL03-(Lima-Callao) UCL04-(Lima-Calla"},{"stopId":736368,"stopName":"Meyer","stopTypeGroup":"bus","stopLat":-12.0012341,"stopLon":-77.0838064,"routeNames":"018p 1103 1502-(Lima-Callao) 1503 1504 1506 1513 1514 1518 1604 1611 1615 1618 1703-(Lima-Callao) 1704 1901-(Lima-Callao) 2502 2505 2613 2804-(Lima-Callao) 7103 8104 CR17 CR62 IM47 IO38b IO44b IO45 IPC06 OM25 OM32 OM47-(Callao-Lima) SH24a"},{"stopId":931391,"stopName":"Calle 15","stopTypeGroup":"bus","stopLat":-12.0011182,"stopLon":-77.110349,"routeNames":"ICR14 IM04 IM22 IM24 IM40 UCL02-(Lima-Callao) UCL03-(Lima-Callao) UCL04-(Lima-Callao)"},{"stopId":1068563,"stopName":"Canta Callao","stopTypeGroup":"bus","stopLat":-12.0011169,"stopLon":-77.1165054,"routeNames":"2511-(Lima-Callao) 9305-(Lima-Callao) CR16 CR19 CR28 CR32 CR35 CR41 CR49 CR56 CR57 CR58 CR61 ICR05 ICR10 IM06 IM12-(Lima-Callao) IM19 IM20 IM26 IM30 IM31 IO03 IO06 IO14-(Lima-Callao) IO28b IO32b IO37b-(Callao-Lima) IO55 IO71 IO75b OM10 OM22"},{"stopId":931407,"stopName":"Calle 15","stopTypeGroup":"bus","stopLat":-12.001101,"stopLon":-77.1106665,"routeNames":"ICR14 IM04 IM22 IM24 IM40 UCL02-(Lima-Callao) UCL03-(Lima-Callao) UCL04-(Lima-Callao)"},{"stopId":761255,"stopName":"Las Vaquitas","stopTypeGroup":"bus","stopLat":-12.001095,"stopLon":-77.0909545,"routeNames":"2203 2406 2702 2703 7204 8201 8214 IM18"},{"stopId":1030062,"stopName":"Álamo","stopTypeGroup":"bus","stopLat":-12.0010635,"stopLon":-77.1063059,"routeNames":"1174-(Lima-Callao) 1278-(Lima-Callao) 1491 4210-(Lima-Callao) 4905-(Lima-Callao) CR14 CR24 CR25 CR44-(Lima-Callao) CR75 IO04 IO07 IO30b IO89 OM18 OM21 OM33 OM34"},{"stopId":1068562,"stopName":"Canta Callao","stopTypeGroup":"bus","stopLat":-12.0010024,"stopLon":-77.1169929,"routeNames":"1491 9305-(Lima-Callao) CR16 CR19 CR24 CR28 CR32 CR35 CR41 CR44-(Lima-Callao) CR56 CR57 CR58 CR61 ICR10 ICR15 IM06 IM12-(Lima-Callao) IM19 IM20 IM30 IM31 IO03 IO06 IO14-(Lima-Callao) IO28b IO32b IO37b-(Callao-Lima) IO55 IO71 IO75b OM10 OM23"},{"stopId":761266,"stopName":"Las Vaquitas","stopTypeGroup":"bus","stopLat":-12.0009717,"stopLon":-77.0911878,"routeNames":"2203 2406 2502 2702 2703 7204 8201 IM18"},{"stopId":1308436,"stopName":"Las Vaquitas","stopTypeGroup":"bus","stopLat":-12.0008615,"stopLon":-77.0909679,"routeNames":"2502 8214"},{"stopId":1068598,"stopName":"Faucett","stopTypeGroup":"bus","stopLat":-12.0005324,"stopLon":-77.1165325,"routeNames":"1491 2511-(Lima-Callao) CR13 CR24 CR44-(Lima-Callao) CR49 ICR05 ICR15 IM26 IO45 OM22 OM23 OM34"},{"stopId":1057146,"stopName":"Isidro Bonifaz","stopTypeGroup":"bus","stopLat":-12.0003032,"stopLon":-77.0579237,"routeNames":"1404 1602 2510 CR42"},{"stopId":2059469,"stopName":"Manco Cápac","stopTypeGroup":"bus","stopLat":-12.00018461893381,"stopLon":-77.06563711166383},{"stopId":1057126,"stopName":"Isidro Bonifaz","stopTypeGroup":"bus","stopLat":-12.0001617,"stopLon":-77.0581168,"routeNames":"1404 1602 2510 CR42"},{"stopId":869936,"stopName":"Nísperos","stopTypeGroup":"bus","stopLat":-11.9997229,"stopLon":-77.0966327,"routeNames":"AN17"},{"stopId":869935,"stopName":"Nísperos","stopTypeGroup":"bus","stopLat":-11.9996651,"stopLon":-77.0968419,"routeNames":"AN17"},{"stopId":1195057,"stopName":"Santa Rosa","stopTypeGroup":"bus","stopLat":-11.999578,"stopLon":-77.1022659,"routeNames":"2404-(Lima-Callao) 2701-(Lima-Callao) CR07 IM57 IO27 IO35b OM23 UCL01-(Lima-Callao)"},{"stopId":1194975,"stopName":"Santa Rosa","stopTypeGroup":"bus","stopLat":-11.9995029,"stopLon":-77.1025594,"routeNames":"2404-(Lima-Callao) 2701-(Lima-Callao) CR07 IM57 IO27 IO35b OM23 UCL01-(Lima-Callao)"},{"stopId":1030129,"stopName":"Chicmabamba","stopTypeGroup":"bus","stopLat":-11.9994852,"stopLon":-77.1069555,"routeNames":"1174-(Lima-Callao) 1278-(Lima-Callao) 1491 4210-(Lima-Callao) 4905-(Lima-Callao) CR13 CR24 CR25 CR44-(Lima-Callao) IO04 IO07 IO30b IO89 OM18 OM21 OM33 OM34"},{"stopId":1030061,"stopName":"Chicmabamba","stopTypeGroup":"bus","stopLat":-11.9993548,"stopLon":-77.1071783,"routeNames":"1174-(Lima-Callao) 1278-(Lima-Callao) 1491 4210-(Lima-Callao) 4905-(Lima-Callao) CR24 CR25 CR44-(Lima-Callao) IO04 IO07 IO30b IO89 OM18 OM21 OM33 OM34"},{"stopId":1030059,"stopName":"Open Plaza Canta Callao - Parte Posterior","stopTypeGroup":"bus","stopLat":-11.999315,"stopLon":-77.112759,"routeNames":"CR25"},{"stopId":1329544,"stopName":"Dominicos","stopTypeGroup":"bus","stopLat":-11.9992506,"stopLon":-77.1023405},{"stopId":1068600,"stopName":"Paradero Deposito","stopTypeGroup":"bus","stopLat":-11.9989861,"stopLon":-77.121046,"routeNames":"1491 9305-(Lima-Callao) CR16 CR19 CR24 CR28 CR32 CR35 CR41 CR44-(Lima-Callao) CR56 CR57 CR58 CR61 ICR10 ICR15 IM06 IM12-(Lima-Callao) IM19 IM20 IM30 IM31 IO03 IO06 IO14-(Lima-Callao) IO28b IO32b IO37b-(Callao-Lima) IO55 IO71 IO75b OM10 OM23"},{"stopId":1068558,"stopName":"Paradero Depósito","stopTypeGroup":"bus","stopLat":-11.9989373,"stopLon":-77.121641,"routeNames":"1491 9305-(Lima-Callao) CR16 CR19 CR24 CR28 CR32 CR35 CR41 CR44-(Lima-Callao) CR56 CR57 CR58 CR61 ICR10 ICR15 IM06 IM12-(Lima-Callao) IM19 IM20 IM30 IM31 IO03 IO06 IO14-(Lima-Callao) IO28b IO32b IO37b-(Callao-Lima) IO55 IO71 IO75b OM10 OM23"},{"stopId":931406,"stopName":"Open Plaza","stopTypeGroup":"bus","stopLat":-11.9987188,"stopLon":-77.111911,"routeNames":"CR25 ICR14 IM04 IM22 IM24 IM40 UCL02-(Lima-Callao) UCL03-(Lima-Callao) UCL04-(Lima-Callao)"},{"stopId":737428,"stopName":"Juan Pichert","stopTypeGroup":"bus","stopLat":-11.9986,"stopLon":-77.0841497,"routeNames":"018p 1103 1502-(Lima-Callao) 1503 1504 1506 1513 1514 1518 1604 1611 1615 1618 1703-(Lima-Callao) 1704 1901-(Lima-Callao) 2502 2505 2613 2804-(Lima-Callao) 7103 8104 CR17 CR62 IM47 IO38b IO44b IO45 IPC06 OM25 OM32 OM47-(Callao-Lima) SH24a"},{"stopId":761256,"stopName":"Abtao","stopTypeGroup":"bus","stopLat":-11.9985727,"stopLon":-77.0926569,"routeNames":"2203 2406 2502 2702 2703 7204 8201 IM18"},{"stopId":736367,"stopName":"Juan Pichert","stopTypeGroup":"bus","stopLat":-11.9985606,"stopLon":-77.0844287,"routeNames":"018p 1103 1502-(Lima-Callao) 1503 1504 1506 1513 1514 1518 1604 1611 1615 1618 1703-(Lima-Callao) 1704 1901-(Lima-Callao) 2502 2505 2613 2804-(Lima-Callao) 7103 8104 CR17 CR62 IM47 IO38b IO44b IO45 IPC06 OM25 OM32 OM47-(Callao-Lima) SH24a"},{"stopId":761265,"stopName":"Abtao","stopTypeGroup":"bus","stopLat":-11.998506,"stopLon":-77.0929383,"routeNames":"2203 2406 2502 2702 2703 7204 8201 IM18"},{"stopId":931392,"stopName":"Open Plaza","stopTypeGroup":"bus","stopLat":-11.9984632,"stopLon":-77.1117303,"routeNames":"CR25 ICR14 IM04 IM22 IM24 IM40 UCL02-(Lima-Callao) UCL03-(Lima-Callao) UCL04-(Lima-Callao)"},{"stopId":1308435,"stopName":"María Parado de Bellido","stopTypeGroup":"bus","stopLat":-11.9982484,"stopLon":-77.0892915,"routeNames":"2502 8214"},{"stopId":737527,"stopName":"Senati","stopTypeGroup":"bus","stopLat":-11.9982117,"stopLon":-77.0628852,"routeNames":"1031 1213 1217 1308 1411 1412 1501-(Lima-Callao) 1505 1607 1608 1612 1701 1702 1706 1801-(Lima-Callao) 1802 1804 2204 2408 2414 2511-(Lima-Callao) 2513 2603 2604 2805 4204 4212 7101 8102 8105 8107 8108 8109 8110 8111 8112 8209 8211 8212 9307-(C"},{"stopId":737719,"stopName":"Senati","stopTypeGroup":"bus","stopLat":-11.9981854,"stopLon":-77.0625955,"routeNames":"1031 1213 1217 1308 1411 1412 1501-(Lima-Callao) 1505 1607 1608 1612 1701 1702 1706 1801-(Lima-Callao) 1802 1804 2204 2408 2414 2511-(Lima-Callao) 2513 2603 2604 2805 4204 4212 7101 8102 8105 8107 8108 8109 8110 8111 8112 8209 8211 8212 9307-(C"},{"stopId":869934,"stopName":"Coopip","stopTypeGroup":"bus","stopLat":-11.9976817,"stopLon":-77.0979363,"routeNames":"AN17"},{"stopId":869937,"stopName":"Coopip","stopTypeGroup":"bus","stopLat":-11.9976345,"stopLon":-77.0977968,"routeNames":"AN17"},{"stopId":2059468,"stopName":"El Buen Pastor","stopTypeGroup":"bus","stopLat":-11.997566258891094,"stopLon":-77.06477880477907},{"stopId":1195058,"stopName":"Urubamba","stopTypeGroup":"bus","stopLat":-11.9972134,"stopLon":-77.1034429,"routeNames":"2404-(Lima-Callao) 2701-(Lima-Callao) CR07 IM57 IO27 IO35b OM23 UCL01-(Lima-Callao)"},{"stopId":1068564,"stopName":"Bertello","stopTypeGroup":"bus","stopLat":-11.9971853,"stopLon":-77.1129129,"routeNames":"1491 2208 2511-(Lima-Callao) CR24 CR44-(Lima-Callao) CR49 ICR05 ICR15 IM26 IO45 OM22 OM23 OM34 UCL01-(Lima-Callao)"},{"stopId":1532325,"stopName":"Virgo","stopTypeGroup":"bus","stopLat":-11.9971675,"stopLon":-77.0746708,"routeNames":"2505"},{"stopId":1194973,"stopName":"Urubamba","stopTypeGroup":"bus","stopLat":-11.9971377,"stopLon":-77.1035964,"routeNames":"2404-(Lima-Callao) 2701-(Lima-Callao) CR07 IM57 IO27 IO35b OM23 UCL01-(Lima-Callao)"},{"stopId":931393,"stopName":"Canta Callao","stopTypeGroup":"bus","stopLat":-11.9970448,"stopLon":-77.1124728,"routeNames":"CR25 ICR14 IM04 IM22 IM24 IM40 UCL02-(Lima-Callao) UCL03-(Lima-Callao) UCL04-(Lima-Callao)"},{"stopId":1030130,"stopName":"Salermo","stopTypeGroup":"bus","stopLat":-11.9969333,"stopLon":-77.1082823,"routeNames":"1174-(Lima-Callao) 1278-(Lima-Callao) 1491 4210-(Lima-Callao) 4905-(Lima-Callao) CR13 CR24 CR25 CR44-(Lima-Callao) IO04 IO07 IO30b IO89 OM18 OM21 OM33 OM34"},{"stopId":1030060,"stopName":"Salermo","stopTypeGroup":"bus","stopLat":-11.9968208,"stopLon":-77.1084844,"routeNames":"1174-(Lima-Callao) 1278-(Lima-Callao) 1491 4210-(Lima-Callao) 4905-(Lima-Callao) CR24 CR25 CR44-(Lima-Callao) IO04 IO07 IO30b IO89 OM18 OM21 OM33 OM34"},{"stopId":1479593,"stopName":"Casma","stopTypeGroup":"bus","stopLat":-11.996754,"stopLon":-77.1007569},{"stopId":1068602,"stopName":"Óvalo 200 Millas","stopTypeGroup":"bus","stopLat":-11.9967284,"stopLon":-77.1252176,"routeNames":"1491 9305-(Lima-Callao) CR16 CR19 CR24 CR28 CR32 CR35 CR41 CR56 CR57 CR58 CR61 CR66 ICR10 ICR15 IM06 IM12-(Lima-Callao) IM19 IM20 IM30 IM31 IO03 IO06 IO14-(Lima-Callao) IO28b IO32b IO37b-(Callao-Lima) IO55 IO71 IO75b OM10 OM23 OM34 OM42-(Call"},{"stopId":829872,"stopName":"Canta Callao","stopTypeGroup":"bus","stopLat":-11.996687,"stopLon":-77.1129819,"routeNames":"1174-(Lima-Callao) AN14 ICR14 IM04 IM24 IM40 OM33 UCL02-(Lima-Callao) UCL03-(Lima-Callao) UCL04-(Lima-Callao)"},{"stopId":1308434,"stopName":"Daniel Alcides Carrión","stopTypeGroup":"bus","stopLat":-11.9966322,"stopLon":-77.0865422,"routeNames":"2502 8214 9405-(Lima-Callao)"},{"stopId":739152,"stopName":"Antúnez de Mayolo","stopTypeGroup":"bus","stopLat":-11.9966296,"stopLon":-77.0845574,"routeNames":"018p 1103 1502-(Lima-Callao) 1503 1504 1506 1513 1518 1604 1611 1615 1618 1703-(Lima-Callao) 1704 1901-(Lima-Callao) 2502 2505 2613 2804-(Lima-Callao) 7103 8104 CR17 CR62 IM47 IO38b IO44b IO45 IPC06 OM25 OM32 OM47-(Callao-Lima) SH24a"},{"stopId":1479594,"stopName":"Casma","stopTypeGroup":"bus","stopLat":-11.996543,"stopLon":-77.1008036},{"stopId":829870,"stopName":"Bertello","stopTypeGroup":"bus","stopLat":-11.9965273,"stopLon":-77.1125919,"routeNames":"1174-(Lima-Callao) 1491 2208 2511-(Lima-Callao) AN14 CR13 CR24 CR25 CR44-(Lima-Callao) CR49 ICR05 ICR15 IM22 IM26 IO45 OM22 OM23 OM33 OM34 UCL01-(Lima-Callao)"},{"stopId":1308433,"stopName":"Daniel Alcides Carrión","stopTypeGroup":"bus","stopLat":-11.9964329,"stopLon":-77.086494,"routeNames":"2502 8214 9405-(Lima-Callao)"},{"stopId":737430,"stopName":"Río Santa","stopTypeGroup":"bus","stopLat":-11.9963069,"stopLon":-77.0852172,"routeNames":"2502 8214 9405-(Lima-Callao) AN17"},{"stopId":869929,"stopName":"Universitaria","stopTypeGroup":"bus","stopLat":-11.9959501,"stopLon":-77.0838654,"routeNames":"1502-(Lima-Callao) 1618 1901-(Lima-Callao) 2205 2414 2505 2613 7103 8104 9405-(Lima-Callao) AN17 CR17 CR28 CR62 IM47 IO38b IPC06 OM25 OM47-(Callao-Lima)"},{"stopId":1068025,"stopName":"Óvalo 200 Millas","stopTypeGroup":"bus","stopLat":-11.9958569,"stopLon":-77.1261944,"routeNames":"9305-(Lima-Callao) CR16 CR19 CR24 CR28 CR32 CR35 CR41 CR56 CR57 CR58 CR61 CR66 ICR10 ICR15 IM06 IM12-(Lima-Callao) IM19 IM20 IM30 IM31 IO03 IO06 IO14-(Lima-Callao) IO28b IO32b IO37b-(Callao-Lima) IO55 IO71 IO75b OM10 OM23 OM34 OM42-(Callao-"},{"stopId":761257,"stopName":"Elías Aguirre","stopTypeGroup":"bus","stopLat":-11.995611,"stopLon":-77.0930818,"routeNames":"2203 2406 2502 2702 2703 7204 8201 IM18"},{"stopId":761264,"stopName":"Elías Aguirre","stopTypeGroup":"bus","stopLat":-11.9955054,"stopLon":-77.0932131,"routeNames":"2203 2406 2502 2702 2703 7204 8201 IM18"},{"stopId":1532324,"stopName":"Géminis","stopTypeGroup":"bus","stopLat":-11.9954149,"stopLon":-77.0749256,"routeNames":"2505"},{"stopId":1057147,"stopName":"Pacífico","stopTypeGroup":"bus","stopLat":-11.9953728,"stopLon":-77.0586824,"routeNames":"1404 1602 2510 CR42"},{"stopId":739104,"stopName":"Antúnez de Mayolo","stopTypeGroup":"bus","stopLat":-11.9953309,"stopLon":-77.0843992,"routeNames":"018p 1103 1503 1504 1506 1513 1514 1518 1604 1611 1615 1703-(Lima-Callao) 1704 2205 2414 2804-(Lima-Callao) 8214 CR28 IO44b IO45 OM32 SH24a"},{"stopId":2025633,"stopName":"Industrial","stopTypeGroup":"bus","stopLat":-11.99522073241103,"stopLon":-77.0585346221924},{"stopId":1057125,"stopName":"Pacífico","stopTypeGroup":"bus","stopLat":-11.9951996,"stopLon":-77.058901,"routeNames":"1404 1602 2510 CR42"},{"stopId":737432,"stopName":"Mercado de Covida","stopTypeGroup":"bus","stopLat":-11.9951315,"stopLon":-77.0770311,"routeNames":"1502-(Lima-Callao) 1618 1901-(Lima-Callao) 2205 2414 2505 2613 7103 8104 9405-(Lima-Callao) AN17 CR17 CR28 CR62 IM47 IO38b IPC06 OM25 OM47-(Callao-Lima)"},{"stopId":1197945,"stopName":"La Esperanza","stopTypeGroup":"bus","stopLat":-11.9950808,"stopLon":-77.1134521,"routeNames":"1174-(Lima-Callao) IM24 IM40 OM33 UCL03-(Lima-Callao) UCL04-(Lima-Callao)"},{"stopId":736364,"stopName":"Mercado de Covida","stopTypeGroup":"bus","stopLat":-11.9949321,"stopLon":-77.0768434,"routeNames":"1502-(Lima-Callao) 1618 1901-(Lima-Callao) 2205 2414 2505 2613 7103 8104 9405-(Lima-Callao) AN17 CR17 CR28 CR62 IM47 IO38b IPC06 OM25 OM47-(Callao-Lima)"},{"stopId":1197944,"stopName":"La Esperanza","stopTypeGroup":"bus","stopLat":-11.9948551,"stopLon":-77.1138759,"routeNames":"1174-(Lima-Callao) IM24 IM40 OM33 UCL03-(Lima-Callao) UCL04-(Lima-Callao)"},{"stopId":1479595,"stopName":"Alcides Vigo","stopTypeGroup":"bus","stopLat":-11.9948067,"stopLon":-77.0996384,"routeNames":"2702"},{"stopId":1195059,"stopName":"Veterinaria","stopTypeGroup":"bus","stopLat":-11.9947517,"stopLon":-77.104909,"routeNames":"2404-(Lima-Callao) 2701-(Lima-Callao) CR07 IM57 IO27 IO35b OM23 UCL01-(Lima-Callao)"},{"stopId":1194970,"stopName":"Veterinaria","stopTypeGroup":"bus","stopLat":-11.9947462,"stopLon":-77.1049914,"routeNames":"2404-(Lima-Callao) 2701-(Lima-Callao) CR07 IM57 IO27 IO35b OM23 UCL01-(Lima-Callao)"},{"stopId":869938,"stopName":"Santa Rosa","stopTypeGroup":"bus","stopLat":-11.9947327,"stopLon":-77.0994329,"routeNames":"AN17"},{"stopId":869930,"stopName":"San Francisco","stopTypeGroup":"bus","stopLat":-11.9945543,"stopLon":-77.0893693,"routeNames":"9405-(Lima-Callao) AN17"},{"stopId":869941,"stopName":"San Francisco","stopTypeGroup":"bus","stopLat":-11.9945228,"stopLon":-77.0896268,"routeNames":"9405-(Lima-Callao) AN17"},{"stopId":869933,"stopName":"Alcides Vigo","stopTypeGroup":"bus","stopLat":-11.9944126,"stopLon":-77.0995671,"routeNames":"2702 AN17"},{"stopId":829873,"stopName":"Pacasmayo","stopTypeGroup":"bus","stopLat":-11.9943602,"stopLon":-77.1103066,"routeNames":"1174-(Lima-Callao) 1491 2208 2511-(Lima-Callao) AN14 CR24 CR25 CR44-(Lima-Callao) CR49 ICR05 ICR15 IM22 IM26 IO45 OM22 OM23 OM33 OM34 UCL01-(Lima-Callao)"},{"stopId":1030131,"stopName":"Canta Callao","stopTypeGroup":"bus","stopLat":-11.9943537,"stopLon":-77.1099624,"routeNames":"1174-(Lima-Callao) 1278-(Lima-Callao) 1491 4210-(Lima-Callao) 4905-(Lima-Callao) CR13 CR24 CR25 CR44-(Lima-Callao) IO04 IO07 IO30b IO89 OM18 OM21 OM33 OM34"},{"stopId":737526,"stopName":"Mega Plaza","stopTypeGroup":"bus","stopLat":-11.9942815,"stopLon":-77.0637488,"routeNames":"1031 1213 1217 1308 1411 1412 1501-(Lima-Callao) 1505 1607 1608 1612 1701 1702 1706 1801-(Lima-Callao) 1802 1804 2204 2408 2414 2511-(Lima-Callao) 2513 2603 2604 2805 4204 4212 7101 8102 8105 8107 8108 8109 8110 8111 8112 8209 8211 8212 9307-(C"},{"stopId":737720,"stopName":"Mega Plaza","stopTypeGroup":"bus","stopLat":-11.9942605,"stopLon":-77.0632392,"routeNames":"1031 1213 1217 1308 1411 1412 1501-(Lima-Callao) 1505 1607 1608 1612 1701 1702 1706 1801-(Lima-Callao) 1802 1804 2204 2408 2414 2511-(Lima-Callao) 2513 2603 2604 2805 4204 4212 7101 8102 8105 8107 8108 8109 8110 8111 8112 8209 8211 8212 9307-(C"},{"stopId":761258,"stopName":"Parque","stopTypeGroup":"bus","stopLat":-11.9942237,"stopLon":-77.0931646,"routeNames":"2203 2406 2502 2702 2703 7204 8201 IM18"},{"stopId":737435,"stopName":"Plaza Vea (Los Olivos)","stopTypeGroup":"bus","stopLat":-11.9941765,"stopLon":-77.0721281,"routeNames":"1502-(Lima-Callao) 1618 1901-(Lima-Callao) 2205 2414 2613 7103 8104 9405-(Lima-Callao) AN17 CR17 CR28 CR62 IM47 IO38b IPC06 OM25 OM47-(Callao-Lima)"},{"stopId":1077408,"stopName":"Santa Beatriz","stopTypeGroup":"bus","stopLat":-11.9940529,"stopLon":-77.1256892,"routeNames":"9305-(Lima-Callao) CR16 CR19 CR24 CR28 CR32 CR35 CR41 CR56 CR57 CR58 CR61 CR66 ICR10 ICR15 IM06 IM12-(Lima-Callao) IM19 IM20 IM30 IM31 IO03 IO06 IO14-(Lima-Callao) IO28b IO32b IO37b-(Callao-Lima) IO55 IO71 IO75b OM10 OM23 OM34 OM42-(Callao-"},{"stopId":761263,"stopName":"Parque","stopTypeGroup":"bus","stopLat":-11.9940506,"stopLon":-77.0932961,"routeNames":"2203 2406 2502 2702 2703 7204 8201 IM18"},{"stopId":829869,"stopName":"Pacasmayo","stopTypeGroup":"bus","stopLat":-11.9940034,"stopLon":-77.1102476,"routeNames":"2208 2511-(Lima-Callao) 4210-(Lima-Callao) 4905-(Lima-Callao) AN14 CR13 CR49 ICR05 ICR15 IM22 IM26 IO27 IO45 IO89 OM21 OM22 OM23 UCL01-(Lima-Callao)"},{"stopId":1847263,"stopName":"Canta Callao","stopTypeGroup":"bus","stopLat":-11.993940391675384,"stopLon":-77.11052119731903,"routeNames":"IO04 IO07 IO27 IO30b OM18"},{"stopId":736363,"stopName":"Plaza Vea (Los Olivos)","stopTypeGroup":"bus","stopLat":-11.9938879,"stopLon":-77.072069,"routeNames":"1502-(Lima-Callao) 1618 1901-(Lima-Callao) 2205 2414 2613 7103 8104 9405-(Lima-Callao) AN17 CR17 CR28 CR62 IM47 IO38b IPC06 OM25 OM47-(Callao-Lima)"},{"stopId":2059473,"stopName":"Santa Cruz","stopTypeGroup":"bus","stopLat":-11.9935311011417,"stopLon":-77.06629157066347},{"stopId":1057148,"stopName":"Megaplaza","stopTypeGroup":"bus","stopLat":-11.9932413,"stopLon":-77.0590257,"routeNames":"1404 1602 2510 CR42"},{"stopId":1195060,"stopName":"Primaveras","stopTypeGroup":"bus","stopLat":-11.993215,"stopLon":-77.1054262,"routeNames":"2404-(Lima-Callao) 2701-(Lima-Callao) CR07 IM57 IO27 IO35b OM23 UCL01-(Lima-Callao)"},{"stopId":829871,"stopName":"Los Pinos","stopTypeGroup":"bus","stopLat":-11.993148,"stopLon":-77.1140885,"routeNames":"1031 1174-(Lima-Callao) AN14 IM24 IM40 OM33"},{"stopId":1194966,"stopName":"Primaveras","stopTypeGroup":"bus","stopLat":-11.9931035,"stopLon":-77.1055783,"routeNames":"2404-(Lima-Callao) 2701-(Lima-Callao) CR07 IM57 IO27 IO35b OM23 UCL01-(Lima-Callao)"},{"stopId":1851660,"stopName":"Calle D","stopTypeGroup":"bus","stopLat":-11.993087702362638,"stopLon":-77.11211979389192,"routeNames":"IO27"},{"stopId":1057124,"stopName":"Megaplaza","stopTypeGroup":"bus","stopLat":-11.9930708,"stopLon":-77.0592441,"routeNames":"1404 1602 2510 CR42"},{"stopId":931404,"stopName":"Los Pinos","stopTypeGroup":"bus","stopLat":-11.9929616,"stopLon":-77.1142303,"routeNames":"1031 1174-(Lima-Callao) IM24 IM40 OM33"},{"stopId":1851659,"stopName":"Bertello","stopTypeGroup":"bus","stopLat":-11.992675786867418,"stopLon":-77.11397856473924,"routeNames":"IO27"},{"stopId":761259,"stopName":"Daniel Alcides Carrión","stopTypeGroup":"bus","stopLat":-11.9925131,"stopLon":-77.0932692,"routeNames":"2203 2406 2502 2702 2703 7204 8201 IM18"},{"stopId":869931,"stopName":"12 de Octubre","stopTypeGroup":"bus","stopLat":-11.9922927,"stopLon":-77.0931727,"routeNames":"9405-(Lima-Callao) AN17"},{"stopId":1077357,"stopName":"Santa Beatriz","stopTypeGroup":"bus","stopLat":-11.992252,"stopLon":-77.1257556,"routeNames":"9305-(Lima-Callao) CR16 CR19 CR24 CR28 CR32 CR35 CR41 CR56 CR57 CR58 CR61 CR66 ICR10 ICR15 IM06 IM12-(Lima-Callao) IM19 IM20 IM30 IM31 IO03 IO06 IO14-(Lima-Callao) IO28b IO32b IO37b-(Callao-Lima) IO55 IO71 IO75b OM10 OM23 OM34 OM42-(Callao-"},{"stopId":869940,"stopName":"12 de Octubre","stopTypeGroup":"bus","stopLat":-11.992235,"stopLon":-77.0935374,"routeNames":"2406 7204 9405-(Lima-Callao) AN17"},{"stopId":761262,"stopName":"Daniel Alcides Carrión","stopTypeGroup":"bus","stopLat":-11.9920041,"stopLon":-77.0933819,"routeNames":"2203 2502 2702 2703 8201 IM18"},{"stopId":869953,"stopName":"Conococha","stopTypeGroup":"bus","stopLat":-11.991789,"stopLon":-77.0752072,"routeNames":"1031 2209 2513 AN18 CR71 IM21"},{"stopId":739153,"stopName":"Izaguirre","stopTypeGroup":"bus","stopLat":-11.9916867,"stopLon":-77.0818591,"routeNames":"018p 1103 1503 1504 1506 1513 1514 1518 1604 1611 1615 1703-(Lima-Callao) 1704 2205 2414 2804-(Lima-Callao) 8214 CR28 IO44b IO45 OM32 SH24a"},{"stopId":869944,"stopName":"El Amargón","stopTypeGroup":"bus","stopLat":-11.9916053,"stopLon":-77.0750195,"routeNames":"1031 2209 2513 AN18 CR71 IM21"},{"stopId":737436,"stopName":"Izaguirre","stopTypeGroup":"bus","stopLat":-11.9915266,"stopLon":-77.0715326,"routeNames":"1502-(Lima-Callao) 1618 1901-(Lima-Callao) 2205 2414 2613 7103 8104 9405-(Lima-Callao) CR17 CR28 CR62 IM47 IO38b IPC06 OM25 OM47-(Callao-Lima)"},{"stopId":2059474,"stopName":"Fitzcarrald","stopTypeGroup":"bus","stopLat":-11.991440036607445,"stopLon":-77.0678660273552},{"stopId":869951,"stopName":"Universitaria","stopTypeGroup":"bus","stopLat":-11.9913797,"stopLon":-77.0832431,"routeNames":"1031 2209 2513 AN18 CR71 IM21 IO45"},{"stopId":955753,"stopName":"Universitaria","stopTypeGroup":"bus","stopLat":-11.9912932,"stopLon":-77.0815079,"routeNames":"1031 2209 2513 CR71 IM21"},{"stopId":869954,"stopName":"Mayolo","stopTypeGroup":"bus","stopLat":-11.9912905,"stopLon":-77.0718545,"routeNames":"1031 2209 2513 AN18 CR71 IM21"},{"stopId":2065165,"stopName":"América Express Los Olivos","stopTypeGroup":"bus","stopLat":-11.991146184332438,"stopLon":-77.07968384027483},{"stopId":869950,"stopName":"San Francisco","stopTypeGroup":"bus","stopLat":-11.9911121,"stopLon":-77.0880228,"routeNames":"1031 2209 2513 AN18 CR71 IM21 IO45"},{"stopId":814993,"stopName":"Las Palmeras","stopTypeGroup":"bus","stopLat":-11.9910556,"stopLon":-77.0714763,"routeNames":"1031 2204 2205 2209 2409 2411 2414 2513 2603 2604 2611 4204 8212 9405-(Lima-Callao) AN18 CR28 CR71 IM21"},{"stopId":739103,"stopName":"Izaguirre","stopTypeGroup":"bus","stopLat":-11.9910439,"stopLon":-77.0829159,"routeNames":"018p 1103 1503 1504 1506 1513 1514 1518 1604 1611 1615 1703-(Lima-Callao) 1704 2205 2414 2804-(Lima-Callao) 8214 CR28 IO44b OM32 SH24a"},{"stopId":761260,"stopName":"Izaguirre","stopTypeGroup":"bus","stopLat":-11.990994,"stopLon":-77.0929527,"routeNames":"2406 2702 2703 7204 8201 9405-(Lima-Callao) IM18"},{"stopId":869946,"stopName":"San Francisco","stopTypeGroup":"bus","stopLat":-11.9909861,"stopLon":-77.0878512,"routeNames":"1031 2209 2513 AN18 CR71 IM21 IO45"},{"stopId":829874,"stopName":"Dominicos","stopTypeGroup":"bus","stopLat":-11.9909442,"stopLon":-77.1071899,"routeNames":"2208 2511-(Lima-Callao) 4210-(Lima-Callao) 4905-(Lima-Callao) AN14 CR13 CR49 ICR05 ICR15 IM22 IM26 IO27 IO45 IO89 OM21 OM22 OM23 UCL01-(Lima-Callao)"},{"stopId":736362,"stopName":"Izaguirre","stopTypeGroup":"bus","stopLat":-11.9908655,"stopLon":-77.0718116,"routeNames":"1502-(Lima-Callao) 1618 1901-(Lima-Callao) 2204 2409 2411 2603 2604 2611 2613 4204 7103 8104 8212 CR17 CR62 IM47 IO38b IPC06 OM25 OM47-(Callao-Lima)"},{"stopId":814961,"stopName":"José Santos Chocano","stopTypeGroup":"bus","stopLat":-11.9908293,"stopLon":-77.0688303,"routeNames":"1031 2204 2205 2209 2409 2411 2414 2513 2603 2604 2611 4204 8212 9405-(Lima-Callao) AN18 CR28 CR71 IM21"},{"stopId":1195061,"stopName":"Canta Callao","stopTypeGroup":"bus","stopLat":-11.9908281,"stopLon":-77.1067829,"routeNames":"2404-(Lima-Callao) 2701-(Lima-Callao) CR07 IM57 IO27 IO35b OM23 UCL01-(Lima-Callao)"},{"stopId":761261,"stopName":"12 de Octubre","stopTypeGroup":"bus","stopLat":-11.9907026,"stopLon":-77.0931859,"routeNames":"1031 2203 2209 2513 2702 2703 8201 AN18 CR71 IM18 IM21 IO45"},{"stopId":869932,"stopName":"Santa Rosa","stopTypeGroup":"bus","stopLat":-11.9906818,"stopLon":-77.0960426,"routeNames":"2203 AN18"},{"stopId":814992,"stopName":"José Santos Chocano","stopTypeGroup":"bus","stopLat":-11.9906253,"stopLon":-77.0686921,"routeNames":"1031 2204 2205 2209 2409 2411 2414 2513 2603 2604 2611 4204 8212 9405-(Lima-Callao) AN18 CR28 CR71 IM21"},{"stopId":737721,"stopName":"Izaguirre","stopTypeGroup":"bus","stopLat":-11.9906241,"stopLon":-77.0637006,"routeNames":"1031 1213 1217 1308 1411 1412 1501-(Lima-Callao) 1505 1607 1608 1612 1701 1702 1706 1801-(Lima-Callao) 1802 1804 2204 2408 2414 2511-(Lima-Callao) 2513 2603 2604 2805 4204 4212 7101 8102 8105 8107 8108 8109 8110 8111 8112 8209 8211 8212 9307-(C"},{"stopId":869947,"stopName":"12 de Octubre","stopTypeGroup":"bus","stopLat":-11.9906188,"stopLon":-77.092765,"routeNames":"1031 2209 2513 AN18 CR71 IM21 IO45"},{"stopId":829868,"stopName":"Dominicos","stopTypeGroup":"bus","stopLat":-11.9904981,"stopLon":-77.1070236,"routeNames":"2208 2404-(Lima-Callao) 2511-(Lima-Callao) 2701-(Lima-Callao) 4210-(Lima-Callao) 4905-(Lima-Callao) AN14 CR07 CR13 CR49 ICR05 ICR15 IM22 IM26 IM57 IO35b IO45 IO89 OM21 OM22 OM23"},{"stopId":869939,"stopName":"Puente Camote","stopTypeGroup":"bus","stopLat":-11.9904719,"stopLon":-77.0971584,"routeNames":"2702 AN17"},{"stopId":814962,"stopName":"Panamericana","stopTypeGroup":"bus","stopLat":-11.9904206,"stopLon":-77.0659563,"routeNames":"1031 2204 2205 2209 2409 2411 2414 2513 2603 2604 2611 4204 8212 9405-(Lima-Callao) AN18 CR28 CR71 IM21"},{"stopId":869949,"stopName":"Puente Camote","stopTypeGroup":"bus","stopLat":-11.9901472,"stopLon":-77.0973746,"routeNames":"1031 2209 2406 2513 2703 7204 8201 9405-(Lima-Callao) CR71 IM18 IM21 IO45"},{"stopId":955754,"stopName":"Puente Camote","stopTypeGroup":"bus","stopLat":-11.9901225,"stopLon":-77.0966212,"routeNames":"1031 2209 2406 2513 2702 2703 7204 8201 9405-(Lima-Callao) AN17 CR71 IM18 IM21 IO45"},{"stopId":817686,"stopName":"Plaza Vea (Izaguirre)","stopTypeGroup":"bus","stopLat":-11.9897268,"stopLon":-77.0624506,"routeNames":"1501-(Lima-Callao) 1612 1702 1706 2205 2209 2408 2409 2411 2611 CR15 CR28 CR34 CR51 CR65 CR69 CR84 IO09 IO40 OM39"},{"stopId":1057149,"stopName":"Izaguirre","stopTypeGroup":"bus","stopLat":-11.9895944,"stopLon":-77.0596212,"routeNames":"1404 1602 2408 2510 CR42"},{"stopId":951007,"stopName":"Paradero 73","stopTypeGroup":"bus","stopLat":-11.9895443,"stopLon":-77.1021025,"routeNames":"1031 2209 2406 2513 7204 8201 9405-(Lima-Callao) CR71 IM18 IM21 IO45"},{"stopId":955755,"stopName":"Paradero 73","stopTypeGroup":"bus","stopLat":-11.9894912,"stopLon":-77.1016008,"routeNames":"1031 2209 2406 2513 7204 8201 9405-(Lima-Callao) CR71 IM18 IM21 IO45"},{"stopId":817747,"stopName":"Industrial","stopTypeGroup":"bus","stopLat":-11.9894906,"stopLon":-77.0598972,"routeNames":"1501-(Lima-Callao) 1602 1612 1702 1706 2205 2209 2408 2409 2411 2510 2611 CR15 CR28 CR34 CR51 CR65 CR69 CR84 IO09 IO40 OM39"},{"stopId":737525,"stopName":"Izaguirre","stopTypeGroup":"bus","stopLat":-11.9894382,"stopLon":-77.0646125,"routeNames":"1213 1217 1308 1411 1412 1505 1607 1608 1701 1801-(Lima-Callao) 1802 1804 2511-(Lima-Callao) 2805 4212 7101 8102 8105 8107 8108 8109 8110 8111 8112 8209 8211 9307-(Callao-Lima) 9401-(Lima-Callao) 9601-(Lima-Callao) 9602-(Lima-Callao) 9801"},{"stopId":817685,"stopName":"Industrial","stopTypeGroup":"bus","stopLat":-11.9892807,"stopLon":-77.0595431,"routeNames":"1404 1501-(Lima-Callao) 1612 1702 1706 2205 2209 2409 2411 2611 CR15 CR28 CR34 CR42 CR51 CR65 CR69 CR84 IO09 IO40 OM39"},{"stopId":737438,"stopName":"Acacias","stopTypeGroup":"bus","stopLat":-11.9892755,"stopLon":-77.0718867,"routeNames":"1502-(Lima-Callao) 1618 1901-(Lima-Callao) 2204 2409 2411 2603 2604 2611 2613 4204 7103 8104 8212 AN17 CR17 CR62 IM47 IO38b IPC06 OM25 OM47-(Callao-Lima)"},{"stopId":1077410,"stopName":"Terminal Pesquero","stopTypeGroup":"bus","stopLat":-11.9892144,"stopLon":-77.1253709,"routeNames":"9305-(Lima-Callao) CR16 CR19 CR24 CR28 CR32 CR35 CR41 CR56 CR57 CR58 CR61 CR66 ICR10 ICR15 IM06 IM12-(Lima-Callao) IM19 IM20 IM30 IM31 IO03 IO06 IO14-(Lima-Callao) IO28b IO32b IO37b-(Callao-Lima) IO55 IO71 IO75b OM10 OM23 OM34 OM42-(Callao-"},{"stopId":829875,"stopName":"Izaguirre","stopTypeGroup":"bus","stopLat":-11.9892125,"stopLon":-77.1054304,"routeNames":"2208 2404-(Lima-Callao) 2511-(Lima-Callao) 2701-(Lima-Callao) 4210-(Lima-Callao) 4905-(Lima-Callao) AN14 CR07 CR13 CR49 ICR05 ICR15 IM22 IM26 IM57 IO35b IO45 IO89 OM21 OM22 OM23"},{"stopId":736361,"stopName":"Telefónica","stopTypeGroup":"bus","stopLat":-11.9891181,"stopLon":-77.0720851,"routeNames":"1502-(Lima-Callao) 1618 1901-(Lima-Callao) 2204 2409 2411 2603 2604 2611 2613 4204 7103 8104 8212 AN17 CR17 CR62 IM47 IO38b IPC06 OM25 OM47-(Callao-Lima)"},{"stopId":1197116,"stopName":"San Lázaro","stopTypeGroup":"bus","stopLat":-11.9891135,"stopLon":-77.061163,"routeNames":"1602 2510"},{"stopId":955756,"stopName":"Canta Callao","stopTypeGroup":"bus","stopLat":-11.9890806,"stopLon":-77.1047121,"routeNames":"1031 2209 2406 2513 7204 8201 9405-(Lima-Callao) CR71 IM18 IM21 IO45"},{"stopId":951006,"stopName":"Canta Callao","stopTypeGroup":"bus","stopLat":-11.9889592,"stopLon":-77.1057622,"routeNames":"1031 2404-(Lima-Callao) 2406 2513 7204 9405-(Lima-Callao) CR07 CR71 IM21"},{"stopId":739154,"stopName":"Los Olivos","stopTypeGroup":"bus","stopLat":-11.9887822,"stopLon":-77.0808989,"routeNames":"018p 1103 1503 1504 1506 1513 1514 1518 1604 1611 1615 1703-(Lima-Callao) 1704 2205 2414 2804-(Lima-Callao) 8214 CR28 IO44b OM32 SH24a"},{"stopId":951005,"stopName":"Saco Oliveros","stopTypeGroup":"bus","stopLat":-11.98875,"stopLon":-77.1094481,"routeNames":"1031 2404-(Lima-Callao) 2406 2513 9405-(Lima-Callao) CR07 CR71 IM21"},{"stopId":2014286,"stopName":"Calle Alegría","stopTypeGroup":"bus","stopLat":-11.98874812790966,"stopLon":-77.11641132831575,"routeNames":"1174-(Lima-Callao)"},{"stopId":1077356,"stopName":"Terminal Pesquero","stopTypeGroup":"bus","stopLat":-11.988646,"stopLon":-77.1255841,"routeNames":"9305-(Lima-Callao) CR16 CR19 CR24 CR28 CR32 CR35 CR41 CR56 CR57 CR58 CR61 CR66 ICR10 ICR15 IM06 IM12-(Lima-Callao) IM19 IM20 IM30 IM31 IO03 IO06 IO14-(Lima-Callao) IO28b IO32b IO37b-(Callao-Lima) IO55 IO71 IO75b OM10 OM23 OM34 OM42-(Callao-"},{"stopId":829867,"stopName":"Izaguirre","stopTypeGroup":"bus","stopLat":-11.9885855,"stopLon":-77.1051997,"routeNames":"2208 2209 2511-(Lima-Callao) 2701-(Lima-Callao) 4210-(Lima-Callao) 4905-(Lima-Callao) 8201 AN14 CR13 CR49 ICR05 ICR15 IM18 IM22 IM26 IM57 IO35b IO89 OM21 OM22 OM23"},{"stopId":814960,"stopName":"Jade","stopTypeGroup":"bus","stopLat":-11.9885211,"stopLon":-77.0813307,"routeNames":"2804-(Lima-Callao) AN16 CR28"},{"stopId":739102,"stopName":"Los Olivos","stopTypeGroup":"bus","stopLat":-11.9884516,"stopLon":-77.0810062,"routeNames":"018p 1103 1503 1504 1506 1513 1514 1518 1604 1611 1615 1703-(Lima-Callao) 1704 2205 2414 8214 IO44b OM32 SH24a"},{"stopId":2000617,"stopName":"Saco Oliveros","stopTypeGroup":"bus","stopLat":-11.988425411906103,"stopLon":-77.1093785762787,"routeNames":"1031"},{"stopId":931394,"stopName":"Izaguirre","stopTypeGroup":"bus","stopLat":-11.9882351,"stopLon":-77.1143117,"routeNames":"1031 1174-(Lima-Callao) IM24 IM40 OM33"},{"stopId":1471583,"stopName":"Bertello","stopTypeGroup":"bus","stopLat":-11.9881079,"stopLon":-77.1142092,"routeNames":"2404-(Lima-Callao) 2406 2513 9405-(Lima-Callao) IM21"},{"stopId":1468584,"stopName":"Bertello","stopTypeGroup":"bus","stopLat":-11.9879558,"stopLon":-77.1146008,"routeNames":"1174-(Lima-Callao) 2404-(Lima-Callao) 2406 2513 OM33"},{"stopId":1337469,"stopName":"Mercado Sarita Colonia","stopTypeGroup":"bus","stopLat":-11.9879059,"stopLon":-77.1116209,"routeNames":"CR71"},{"stopId":2000618,"stopName":"Bertello","stopTypeGroup":"bus","stopLat":-11.987853442756405,"stopLon":-77.11408317089082,"routeNames":"1031"},{"stopId":814959,"stopName":"Calle 9","stopTypeGroup":"bus","stopLat":-11.9878494,"stopLon":-77.0838037,"routeNames":"2804-(Lima-Callao) AN16 CR28"},{"stopId":951004,"stopName":"Izaguirre","stopTypeGroup":"bus","stopLat":-11.9878387,"stopLon":-77.1126399,"routeNames":"CR71"},{"stopId":931403,"stopName":"Izaguirre","stopTypeGroup":"bus","stopLat":-11.9877605,"stopLon":-77.1146807,"routeNames":"9405-(Lima-Callao) CR07 IM21 IM24 IM40"},{"stopId":1450536,"stopName":"Toronjas","stopTypeGroup":"bus","stopLat":-11.9875675,"stopLon":-77.0614019,"routeNames":"1602 2510"},{"stopId":814958,"stopName":"Kodak","stopTypeGroup":"bus","stopLat":-11.9871358,"stopLon":-77.0864484,"routeNames":"2804-(Lima-Callao) AN16 CR28"},{"stopId":737439,"stopName":"Los Amarantos","stopTypeGroup":"bus","stopLat":-11.9869299,"stopLon":-77.0722246,"routeNames":"1502-(Lima-Callao) 1618 1901-(Lima-Callao) 2204 2409 2411 2603 2604 2611 2613 4204 7103 8104 8212 AN17 CR17 CR62 IM47 IO38b IPC06 OM25 OM47-(Callao-Lima)"},{"stopId":736360,"stopName":"Los Amarantos","stopTypeGroup":"bus","stopLat":-11.9867515,"stopLon":-77.0724392,"routeNames":"1502-(Lima-Callao) 1618 1901-(Lima-Callao) 2204 2409 2411 2603 2604 2611 2613 4204 7103 8104 8212 AN17 CR17 CR62 IM47 IO38b IPC06 OM25 OM47-(Callao-Lima)"},{"stopId":1057150,"stopName":"Isaac Newton","stopTypeGroup":"bus","stopLat":-11.986646,"stopLon":-77.0615461,"routeNames":"1602 2510"},{"stopId":1019295,"stopName":"Calle 2","stopTypeGroup":"bus","stopLat":-11.986533,"stopLon":-77.1019974,"routeNames":"2208 2209 2511-(Lima-Callao) 2701-(Lima-Callao) 4210-(Lima-Callao) 8201 CR13 CR49 ICR05 ICR15 IM18 IM26 IM57 IO35b IO89 OM21 OM22 OM23"},{"stopId":814957,"stopName":"Avenida B","stopTypeGroup":"bus","stopLat":-11.9861965,"stopLon":-77.0900694,"routeNames":"2804-(Lima-Callao) AN16 CR28"},{"stopId":931395,"stopName":"Viñas del Mar","stopTypeGroup":"bus","stopLat":-11.9858655,"stopLon":-77.1158329,"routeNames":"9405-(Lima-Callao) CR07 IM21 IM24 IM40"},{"stopId":1019307,"stopName":"Calle 2","stopTypeGroup":"bus","stopLat":-11.9858007,"stopLon":-77.102053,"routeNames":"2208 2209 2511-(Lima-Callao) 2701-(Lima-Callao) 4210-(Lima-Callao) 8201 CR13 CR49 ICR05 ICR15 IM18 IM26 IM57 IO35b IO89 OM21 OM22 OM23"},{"stopId":931402,"stopName":"Viñas del Mar","stopTypeGroup":"bus","stopLat":-11.9857252,"stopLon":-77.1160138,"routeNames":"9405-(Lima-Callao) CR07 IM21 IM24 IM40"},{"stopId":814956,"stopName":"Santa Rosa","stopTypeGroup":"bus","stopLat":-11.9852152,"stopLon":-77.0938942,"routeNames":"2804-(Lima-Callao) AN16 CR28"},{"stopId":1057122,"stopName":"Tunas","stopTypeGroup":"bus","stopLat":-11.9851852,"stopLon":-77.0609113,"routeNames":"1602 2510"},{"stopId":955758,"stopName":"San Antonio","stopTypeGroup":"bus","stopLat":-11.9843048,"stopLon":-77.110922,"routeNames":"CR71"},{"stopId":869922,"stopName":"Galeano","stopTypeGroup":"bus","stopLat":-11.9842773,"stopLon":-77.0678553,"routeNames":"AN15 AN17 CR17"},{"stopId":1997231,"stopName":"San Antonio","stopTypeGroup":"bus","stopLat":-11.984190712490985,"stopLon":-77.11097985506058},{"stopId":1334117,"stopName":"Calle 2","stopTypeGroup":"bus","stopLat":-11.9841645,"stopLon":-77.0983601,"routeNames":"AN16"},{"stopId":869908,"stopName":"Galeano","stopTypeGroup":"bus","stopLat":-11.9841566,"stopLon":-77.0675603,"routeNames":"AN15 AN17 CR17"},{"stopId":951003,"stopName":"San Antonio","stopTypeGroup":"bus","stopLat":-11.9841287,"stopLon":-77.1114796,"routeNames":"CR71"},{"stopId":737442,"stopName":"Las Palmeras","stopTypeGroup":"bus","stopLat":-11.9840333,"stopLon":-77.0721066,"routeNames":"1502-(Lima-Callao) 1618 1901-(Lima-Callao) 2204 2409 2411 2603 2604 2611 2613 4204 7103 8104 8212 AN17 CR17 CR62 IM47 IO38b IPC06 OM25 OM47-(Callao-Lima)"},{"stopId":829876,"stopName":"Los Olivos","stopTypeGroup":"bus","stopLat":-11.9839572,"stopLon":-77.0991245,"routeNames":"2208 2209 2511-(Lima-Callao) 2701-(Lima-Callao) 4210-(Lima-Callao) 8201 AN14 CR13 CR49 ICR05 ICR15 IM18 IM26 IM57 IO35b IO89 OM21 OM22 OM23"},{"stopId":814994,"stopName":"Canta Callao","stopTypeGroup":"bus","stopLat":-11.9838666,"stopLon":-77.0988992,"routeNames":"2804-(Lima-Callao) CR28"},{"stopId":869921,"stopName":"Las Palmeras","stopTypeGroup":"bus","stopLat":-11.9838496,"stopLon":-77.0724821,"routeNames":"AN15"},{"stopId":1057151,"stopName":"Albaricoques","stopTypeGroup":"bus","stopLat":-11.9836964,"stopLon":-77.0611534,"routeNames":"1602 2510"},{"stopId":739155,"stopName":"Los Alisos","stopTypeGroup":"bus","stopLat":-11.983666,"stopLon":-77.0783481,"routeNames":"018p 1103 1503 1504 1506 1513 1514 1518 1604 1611 1615 1703-(Lima-Callao) 1704 2205 2414 8214 IO44b OM32 SH24a"},{"stopId":1301593,"stopName":"Canta Callao","stopTypeGroup":"bus","stopLat":-11.9836581,"stopLon":-77.0998701,"routeNames":"CR28"},{"stopId":869923,"stopName":"Maracuyá","stopTypeGroup":"bus","stopLat":-11.9835925,"stopLon":-77.0612758,"routeNames":"AN15 CR17"},{"stopId":869920,"stopName":"El Naranjal","stopTypeGroup":"bus","stopLat":-11.983582,"stopLon":-77.0754164,"routeNames":"AN15"},{"stopId":829866,"stopName":"Los Olivos","stopTypeGroup":"bus","stopLat":-11.9835663,"stopLon":-77.0995805,"routeNames":"2208 2209 2511-(Lima-Callao) 2701-(Lima-Callao) 2804-(Lima-Callao) 4210-(Lima-Callao) 8201 AN14 CR13 CR49 ICR05 ICR15 IM18 IM26 IM57 IO35b IO89 OM21 OM22 OM23"},{"stopId":869907,"stopName":"Maracuyá","stopTypeGroup":"bus","stopLat":-11.9834797,"stopLon":-77.0611149,"routeNames":"1602 2510 AN15 CR17"},{"stopId":736359,"stopName":"Los Alisos","stopTypeGroup":"bus","stopLat":-11.9834561,"stopLon":-77.0723587,"routeNames":"1502-(Lima-Callao) 1618 1901-(Lima-Callao) 2204 2409 2411 2603 2604 2611 2613 4204 7103 8104 8212 CR62 IM47 IO38b IPC06 OM25 OM47-(Callao-Lima)"},{"stopId":869909,"stopName":"El Naranjal","stopTypeGroup":"bus","stopLat":-11.9834429,"stopLon":-77.0752662,"routeNames":"AN15"},{"stopId":869919,"stopName":"Universitaria","stopTypeGroup":"bus","stopLat":-11.9832829,"stopLon":-77.0787531,"routeNames":"2205 2414 AN15"},{"stopId":1057152,"stopName":"Túpac Amaru","stopTypeGroup":"bus","stopLat":-11.9832652,"stopLon":-77.0589453,"routeNames":"1602 2510 CR17"},{"stopId":1032114,"stopName":"Alisos","stopTypeGroup":"bus","stopLat":-11.98325,"stopLon":-77.0581368,"routeNames":"1103 1201 1206 1208 1403 1404 1501-(Lima-Callao) 1508 1610 1612 1702 1706 2203 2407 CR12 CR15 CR34 CR42 CR43 CR51 CR53 CR62 CR65 CR69 CR84 IM08 IM47 IO09 IO19 IO35b IO38b IO40 IO45 IPC06 NH26b NM09 OM39 SH112a"},{"stopId":869910,"stopName":"Universitaria","stopTypeGroup":"bus","stopLat":-11.9831779,"stopLon":-77.0781147,"routeNames":"AN15"},{"stopId":1309687,"stopName":"Alisos","stopTypeGroup":"bus","stopLat":-11.9830048,"stopLon":-77.0578802},{"stopId":815565,"stopName":"Estación Naranjal","stopTypeGroup":"bus","stopLat":-11.9829654,"stopLon":-77.058548,"routeNames":"AN15 AN16 AN17 AN18"},{"stopId":1057121,"stopName":"Alisos","stopTypeGroup":"bus","stopLat":-11.9829567,"stopLon":-77.058905,"routeNames":"1103 1201 1206 1208 1403 1404 1501-(Lima-Callao) 1508 1602 1610 1612 1702 1706 2203 2407 2510 CR12 CR15 CR17 CR34 CR42 CR43 CR51 CR62 CR65 CR69 CR84 IM47 IO09 IO19 IO35b IO38b IO40 IO45 IPC06 NH26b NM09 OM39 SH112a"},{"stopId":739100,"stopName":"Los Alisos","stopTypeGroup":"bus","stopLat":-11.9828972,"stopLon":-77.0784688,"routeNames":"018p 1103 1503 1504 1506 1513 1514 1518 1604 1611 1615 1703-(Lima-Callao) 1704 8214 IO44b OM32 SH24a"},{"stopId":869918,"stopName":"Avenida A","stopTypeGroup":"bus","stopLat":-11.9828683,"stopLon":-77.0828408,"routeNames":"2205 2414 AN15"},{"stopId":1077411,"stopName":"Zeta Gas","stopTypeGroup":"bus","stopLat":-11.982844,"stopLon":-77.1251349,"routeNames":"9305-(Lima-Callao) CR16 CR19 CR24 CR28 CR32 CR35 CR41 CR56 CR57 CR58 CR61 CR66 ICR10 ICR15 IM06 IM12-(Lima-Callao) IM19 IM20 IM31 IO03 IO06 IO14-(Lima-Callao) IO28b IO32b IO37b-(Callao-Lima) IO55 IO71 IO75b OM10 OM23 OM34 OM42-(Callao-Lima)"},{"stopId":869911,"stopName":"Los Girasoles","stopTypeGroup":"bus","stopLat":-11.9827818,"stopLon":-77.0825028,"routeNames":"2205 2414 AN15"},{"stopId":869917,"stopName":"Huandoy","stopTypeGroup":"bus","stopLat":-11.9826112,"stopLon":-77.0861238,"routeNames":"AN15"},{"stopId":869912,"stopName":"Huandoy","stopTypeGroup":"bus","stopLat":-11.9824748,"stopLon":-77.0855981,"routeNames":"2205 2414 AN15"},{"stopId":1301594,"stopName":"Las Poncianas","stopTypeGroup":"bus","stopLat":-11.9824538,"stopLon":-77.101391,"routeNames":"CR28"},{"stopId":1040525,"stopName":"Los Alisos","stopTypeGroup":"bus","stopLat":-11.9823477,"stopLon":-77.0858704,"routeNames":"2205 2414"},{"stopId":955759,"stopName":"Santa Rosa","stopTypeGroup":"bus","stopLat":-11.9823414,"stopLon":-77.1101493,"routeNames":"CR71"},{"stopId":931397,"stopName":"Alameda Central","stopTypeGroup":"bus","stopLat":-11.9822898,"stopLon":-77.1146943,"routeNames":"9405-(Lima-Callao) CR07 IM21 IM24 IM40"},{"stopId":869916,"stopName":"El Rosario","stopTypeGroup":"bus","stopLat":-11.9822491,"stopLon":-77.0906889,"routeNames":"AN15"},{"stopId":815576,"stopName":"Naranjal","stopTypeGroup":"bus","stopLat":-11.9821573,"stopLon":-77.0589182,"routeNames":"A B D EX10 EX2 EX3 EX5 L SX SXN"},{"stopId":869913,"stopName":"Las Malvas","stopTypeGroup":"bus","stopLat":-11.9821547,"stopLon":-77.0897985,"routeNames":"AN15"},{"stopId":793292,"stopName":"Estación Naranjal","stopTypeGroup":"bus","stopLat":-11.9821389,"stopLon":-77.0587438,"routeNames":"AN01 AN02 AN03 AN05 AN06 AN07 AN08 AN12 AN13 AN14"},{"stopId":1077354,"stopName":"Zeta Gas","stopTypeGroup":"bus","stopLat":-11.9821049,"stopLon":-77.1253374,"routeNames":"9305-(Lima-Callao) CR16 CR19 CR24 CR28 CR32 CR35 CR41 CR56 CR57 CR58 CR61 CR66 ICR10 ICR15 IM06 IM12-(Lima-Callao) IM19 IM20 IM31 IO03 IO06 IO14-(Lima-Callao) IO28b IO32b IO37b-(Callao-Lima) IO55 IO71 IO75b OM10 OM23 OM34 OM42-(Callao-Lima)"},{"stopId":815594,"stopName":"Naranjal","stopTypeGroup":"bus","stopLat":-11.982097,"stopLon":-77.0585829,"routeNames":"A B D EX11 EX2 EX3 EX5 L SX SXN"},{"stopId":1997230,"stopName":"Santa Rosa","stopTypeGroup":"bus","stopLat":-11.982091704261945,"stopLon":-77.11014837026597},{"stopId":931401,"stopName":"Alameda Central","stopTypeGroup":"bus","stopLat":-11.9820859,"stopLon":-77.1147672,"routeNames":"9405-(Lima-Callao) CR07 IM21 IM24 IM40"},{"stopId":737443,"stopName":"Posta Cueto","stopTypeGroup":"bus","stopLat":-11.9819605,"stopLon":-77.0722246,"routeNames":"1502-(Lima-Callao) 1618 1901-(Lima-Callao) 2204 2409 2411 2603 2604 2611 2613 4204 7103 8104 8212 CR62 IM47 IO38b IPC06 OM25 OM47-(Callao-Lima)"},{"stopId":951001,"stopName":"Santa Rosa","stopTypeGroup":"bus","stopLat":-11.9819477,"stopLon":-77.1106323,"routeNames":"CR71"},{"stopId":869915,"stopName":"Avenida C","stopTypeGroup":"bus","stopLat":-11.9819238,"stopLon":-77.0940793,"routeNames":"AN15"},{"stopId":829877,"stopName":"Los Alisos","stopTypeGroup":"bus","stopLat":-11.9817978,"stopLon":-77.096732,"routeNames":"2208 2209 2511-(Lima-Callao) 2701-(Lima-Callao) 2804-(Lima-Callao) 4210-(Lima-Callao) 8201 AN14 CR13 CR49 ICR05 ICR15 IM18 IM26 IM57 IO35b IO89 OM21 OM22 OM23"},{"stopId":736358,"stopName":"Posta Cueto","stopTypeGroup":"bus","stopLat":-11.9817821,"stopLon":-77.0723748,"routeNames":"1502-(Lima-Callao) 1618 1901-(Lima-Callao) 2204 2409 2411 2603 2604 2611 2613 4204 7103 8104 8212 CR62 IM47 IO38b IPC06 OM25 OM47-(Callao-Lima)"},{"stopId":869914,"stopName":"Avenida C","stopTypeGroup":"bus","stopLat":-11.9817506,"stopLon":-77.0943099,"routeNames":"AN15"},{"stopId":1301595,"stopName":"Libertad","stopTypeGroup":"bus","stopLat":-11.9815774,"stopLon":-77.1015546,"routeNames":"CR28"},{"stopId":1484318,"stopName":"Canta Callao","stopTypeGroup":"bus","stopLat":-11.981441,"stopLon":-77.0981294,"routeNames":"2804-(Lima-Callao)"},{"stopId":1484319,"stopName":"Huascarán","stopTypeGroup":"bus","stopLat":-11.9812626,"stopLon":-77.1000767,"routeNames":"2804-(Lima-Callao)"},{"stopId":829865,"stopName":"Los Alisos","stopTypeGroup":"bus","stopLat":-11.9812626,"stopLon":-77.0970109,"routeNames":"2208 2209 2511-(Lima-Callao) 2701-(Lima-Callao) 4210-(Lima-Callao) 8201 AN14 CR13 CR49 ICR05 ICR15 IM18 IM26 IM57 IO35b IO89 OM21 OM22 OM23"},{"stopId":1484320,"stopName":"Huascarán","stopTypeGroup":"bus","stopLat":-11.981113,"stopLon":-77.0997575,"routeNames":"2804-(Lima-Callao)"},{"stopId":814951,"stopName":"San José","stopTypeGroup":"bus","stopLat":-11.9809332,"stopLon":-77.1033195,"routeNames":"2804-(Lima-Callao) CR28"},{"stopId":1325408,"stopName":"San José","stopTypeGroup":"bus","stopLat":-11.9807956,"stopLon":-77.1029681,"routeNames":"2804-(Lima-Callao) CR28"},{"stopId":814950,"stopName":"Horizonte Azul","stopTypeGroup":"bus","stopLat":-11.9807285,"stopLon":-77.1052989,"routeNames":"2804-(Lima-Callao) CR28"},{"stopId":1040540,"stopName":"Los Olivos","stopTypeGroup":"bus","stopLat":-11.9807017,"stopLon":-77.0849307,"routeNames":"2205 2414"},{"stopId":1325409,"stopName":"Horizonte Azul","stopTypeGroup":"bus","stopLat":-11.9806066,"stopLon":-77.1050951,"routeNames":"2804-(Lima-Callao) CR28"},{"stopId":1040524,"stopName":"Los Olivos","stopTypeGroup":"bus","stopLat":-11.9804658,"stopLon":-77.0850373,"routeNames":"2205 2414"},{"stopId":817749,"stopName":"Chinchaysuyo","stopTypeGroup":"bus","stopLat":-11.980276,"stopLon":-77.058886,"routeNames":"1103 1201 1206 1208 1403 1404 1501-(Lima-Callao) 1508 1602 1610 1612 1702 1706 2203 2407 2510 CR12 CR15 CR17 CR34 CR42 CR43 CR51 CR53 CR62 CR65 CR69 CR84 IM08 IM47 IO09 IO19 IO35b IO38b IO40 IO45 IPC06 NH26b NM09 OM39 SH112a"},{"stopId":1309688,"stopName":"Chinchaysuyo","stopTypeGroup":"bus","stopLat":-11.9802288,"stopLon":-77.0586902},{"stopId":737445,"stopName":"Pariahuanca","stopTypeGroup":"bus","stopLat":-11.9801658,"stopLon":-77.0722246,"routeNames":"1502-(Lima-Callao) 1618 1901-(Lima-Callao) 2204 2409 2411 2603 2604 2611 2613 4204 7103 8104 8212 CR62 IM47 IO38b IPC06 OM25 OM47-(Callao-Lima)"},{"stopId":829251,"stopName":"Túpac Amaru","stopTypeGroup":"bus","stopLat":-11.9800084,"stopLon":-77.0588082,"routeNames":"2510 AN01 AN05 CR42 IO19 NM09"},{"stopId":829878,"stopName":"Jardines de Naranjal","stopTypeGroup":"bus","stopLat":-11.9800032,"stopLon":-77.0947337,"routeNames":"2208 2209 2511-(Lima-Callao) 2701-(Lima-Callao) 4210-(Lima-Callao) 8201 AN14 CR13 CR49 ICR05 ICR15 IM18 IM26 IM57 IO35b IO89 OM21 OM22 OM23"},{"stopId":736357,"stopName":"Pariahuanca","stopTypeGroup":"bus","stopLat":-11.979935,"stopLon":-77.0724231,"routeNames":"1502-(Lima-Callao) 1618 1901-(Lima-Callao) 2204 2409 2411 2603 2604 2611 2613 4204 7103 8104 8212 CR62 IM47 IO38b IPC06 OM25 OM47-(Callao-Lima)"},{"stopId":1057120,"stopName":"Chinchaysuyo","stopTypeGroup":"bus","stopLat":-11.9799173,"stopLon":-77.0595487,"routeNames":"1103 1201 1206 1208 1403 1404 1501-(Lima-Callao) 1508 1602 1612 1702 1706 2203 2407 2510 CR12 CR15 CR17 CR34 CR42 CR43 CR51 CR62 CR65 CR69 CR84 IM47 IO09 IO19 IO35b IO38b IO40 IO45 IPC06 NH26b NM09 OM39 SH112a"},{"stopId":2015389,"stopName":"Manuel Mujica Gallo","stopTypeGroup":"bus","stopLat":-11.979819509459151,"stopLon":-77.12122321128847},{"stopId":1337470,"stopName":"Los Alisos","stopTypeGroup":"bus","stopLat":-11.9796149,"stopLon":-77.1086222,"routeNames":"CR71"},{"stopId":2016312,"stopName":"DELCOM Perú","stopTypeGroup":"bus","stopLat":-11.979612229766767,"stopLon":-77.12149411439897},{"stopId":931400,"stopName":"Sicilia","stopTypeGroup":"bus","stopLat":-11.9795279,"stopLon":-77.114932,"routeNames":"9405-(Lima-Callao) CR07 IM21 IM24 IM40"},{"stopId":931399,"stopName":"Sicilia","stopTypeGroup":"bus","stopLat":-11.9795212,"stopLon":-77.1148147,"routeNames":"9405-(Lima-Callao) CR07 IM21 IM24 IM40"},{"stopId":1160774,"stopName":"Pacasmayo","stopTypeGroup":"bus","stopLat":-11.9794484,"stopLon":-77.1087597,"routeNames":"2604 2804-(Lima-Callao) CR28"},{"stopId":829863,"stopName":"Jardines de Naranjal","stopTypeGroup":"bus","stopLat":-11.9793472,"stopLon":-77.0948946,"routeNames":"2208 2209 2511-(Lima-Callao) 2701-(Lima-Callao) 4210-(Lima-Callao) 8201 AN14 CR13 CR49 ICR05 ICR15 IM18 IM26 IM57 IO35b IO89 OM21 OM22 OM23"},{"stopId":951000,"stopName":"Los Alisos","stopTypeGroup":"bus","stopLat":-11.979215219733408,"stopLon":-77.10856312883605,"routeNames":"2604 2804-(Lima-Callao) CR28 CR71"},{"stopId":1040541,"stopName":"Pampas","stopTypeGroup":"bus","stopLat":-11.9788912,"stopLon":-77.0841207,"routeNames":"2205 2414"},{"stopId":737446,"stopName":"Naranjal","stopTypeGroup":"bus","stopLat":-11.9787595,"stopLon":-77.0722353,"routeNames":"1502-(Lima-Callao) 1618 1901-(Lima-Callao) 2204 2409 2411 2603 2604 2611 2613 4204 7103 8104 8212 CR62 IM47 IO38b IPC06 OM25 OM47-(Callao-Lima)"},{"stopId":1040523,"stopName":"Cipreses","stopTypeGroup":"bus","stopLat":-11.9786833,"stopLon":-77.0842166,"routeNames":"2205 2414"},{"stopId":829885,"stopName":"Las Palmeras","stopTypeGroup":"bus","stopLat":-11.9785758,"stopLon":-77.0725143,"routeNames":"2204 2208 2409 2411 2603 2604 2611 2805 4212 8212 AN02 AN14 ICR05"},{"stopId":739158,"stopName":"Naranjal","stopTypeGroup":"bus","stopLat":-11.9784236,"stopLon":-77.0768863,"routeNames":"018p 1103 1503 1504 1506 1513 1514 1518 1604 1611 1615 1703-(Lima-Callao) 1704 8214 IO44b OM32 SH24a"},{"stopId":829856,"stopName":"Las Palmeras","stopTypeGroup":"bus","stopLat":-11.9784053,"stopLon":-77.0721361,"routeNames":"1618 2208 2805 4212 AN02 AN14 CR62 ICR05 IM47 IO38b IPC06"},{"stopId":736356,"stopName":"Naranjal","stopTypeGroup":"bus","stopLat":-11.9783187,"stopLon":-77.0724177,"routeNames":"1502-(Lima-Callao) 1901-(Lima-Callao) 2613 4204 7103 8104 OM25 OM47-(Callao-Lima)"},{"stopId":1019296,"stopName":"Rivero y Ustariz","stopTypeGroup":"bus","stopLat":-11.9781865,"stopLon":-77.0927035,"routeNames":"2208 2209 2511-(Lima-Callao) 2701-(Lima-Callao) 4210-(Lima-Callao) 8201 CR13 CR49 ICR05 ICR15 IM18 IM26 IM57 IO35b IO89 OM21 OM22 OM23"},{"stopId":1926510,"stopName":"Terminal El 10","stopTypeGroup":"bus","stopLat":-11.978109578477119,"stopLon":-77.1074068844155,"routeNames":"OM32"},{"stopId":829886,"stopName":"Marcará","stopTypeGroup":"bus","stopLat":-11.9780721,"stopLon":-77.0691159,"routeNames":"1618 2208 2805 4212 AN02 AN14 CR62 ICR05 IM47 IO38b IPC06"},{"stopId":829857,"stopName":"Universitaria","stopTypeGroup":"bus","stopLat":-11.9780563,"stopLon":-77.0766234,"routeNames":"2204 2208 2409 2411 2603 2604 2611 2805 4212 8212 AN02 AN14 ICR05"},{"stopId":2015388,"stopName":"Calle 8","stopTypeGroup":"bus","stopLat":-11.978045819858435,"stopLon":-77.12136268615724},{"stopId":1077412,"stopName":"Carrillo","stopTypeGroup":"bus","stopLat":-11.9780148,"stopLon":-77.1249815,"routeNames":"9305-(Lima-Callao) CR16 CR19 CR24 CR28 CR32 CR35 CR41 CR56 CR57 CR58 CR61 CR66 ICR15 IM06 IM12-(Lima-Callao) IM19 IM20 IM31 IO03 IO06 IO14-(Lima-Callao) IO28b IO32b IO37b-(Callao-Lima) IO55 IO71 IO75b OM10 OM23 OM34 OM42-(Callao-Lima) OM75-"},{"stopId":1160789,"stopName":"200 Millas","stopTypeGroup":"bus","stopLat":-11.9779817,"stopLon":-77.1112379,"routeNames":"2604 2804-(Lima-Callao) CR28"},{"stopId":1160773,"stopName":"200 Millas","stopTypeGroup":"bus","stopLat":-11.9779712,"stopLon":-77.1115009,"routeNames":"2604 2804-(Lima-Callao) CR28"},{"stopId":829855,"stopName":"Marcará","stopTypeGroup":"bus","stopLat":-11.9779409,"stopLon":-77.0689791,"routeNames":"1618 2208 2805 4212 AN02 AN14 CR62 ICR05 IM47 IO38b IPC06"},{"stopId":1309647,"stopName":"Calle 9","stopTypeGroup":"bus","stopLat":-11.9778936,"stopLon":-77.1156871,"routeNames":"CR07 IM21 IM24 IM40"},{"stopId":1309646,"stopName":"Calle 9","stopTypeGroup":"bus","stopLat":-11.9778254,"stopLon":-77.1156228,"routeNames":"CR07 IM21 IM24 IM40"},{"stopId":829884,"stopName":"Universitaria","stopTypeGroup":"bus","stopLat":-11.9778228,"stopLon":-77.0782033,"routeNames":"2204 2208 2409 2411 2603 2604 2611 2805 4212 8212 8214 AN02 AN14 ICR05"},{"stopId":1160788,"stopName":"Terminal El 10","stopTypeGroup":"bus","stopLat":-11.9777939,"stopLon":-77.1072765,"routeNames":"2604 CR71 OM32"},{"stopId":1077353,"stopName":"Carrillo","stopTypeGroup":"bus","stopLat":-11.9777099,"stopLon":-77.1251389,"routeNames":"9305-(Lima-Callao) CR16 CR19 CR24 CR28 CR32 CR35 CR41 CR56 CR57 CR58 CR61 CR66 ICR15 IM06 IM12-(Lima-Callao) IM19 IM20 IM31 IO03 IO06 IO14-(Lima-Callao) IO28b IO32b IO37b-(Callao-Lima) IO55 IO71 IO75b OM10 OM23 OM34 OM42-(Callao-Lima) OM75-"},{"stopId":1019306,"stopName":"Rivero y Ustariz","stopTypeGroup":"bus","stopLat":-11.9775529,"stopLon":-77.0928579,"routeNames":"2208 2209 2511-(Lima-Callao) 2701-(Lima-Callao) 4210-(Lima-Callao) 8201 CR13 CR49 ICR05 ICR15 IM18 IM26 IM57 IO35b IO89 OM21 OM22 OM23"},{"stopId":739099,"stopName":"Naranjal","stopTypeGroup":"bus","stopLat":-11.9775211,"stopLon":-77.0775944,"routeNames":"018p 1103 1503 1504 1506 1513 1514 1518 1604 1611 1615 1703-(Lima-Callao) 1704 IO44b OM32 SH24a"},{"stopId":793456,"stopName":"Hospital de Los Olivos","stopTypeGroup":"bus","stopLat":-11.9773112,"stopLon":-77.0641565,"routeNames":"1618 2208 7101 8112 AN03 AN13 AN14 CR62 ICR05 IM47 IO38b IPC06"},{"stopId":793423,"stopName":"Hospital de Los Olivos","stopTypeGroup":"bus","stopLat":-11.9771852,"stopLon":-77.0641404,"routeNames":"1618 2208 7101 8112 AN03 AN13 AN14 CR62 ICR05 IM47 IO38b IPC06"},{"stopId":1040542,"stopName":"Naranjal","stopTypeGroup":"bus","stopLat":-11.9768905,"stopLon":-77.0832287,"routeNames":"2205 2414"},{"stopId":793462,"stopName":"Unger","stopTypeGroup":"bus","stopLat":-11.9767759,"stopLon":-77.0606965,"routeNames":"1618 2208 7101 8112 AN03 AN14 CR62 ICR05 IM47 IO38b IPC06"},{"stopId":1926511,"stopName":"Residencial Pacasmayo","stopTypeGroup":"bus","stopLat":-11.97672577798559,"stopLon":-77.1061204969965,"routeNames":"OM32"},{"stopId":793458,"stopName":"Unger","stopTypeGroup":"bus","stopLat":-11.9766762,"stopLon":-77.0607045,"routeNames":"1618 2208 7101 8112 AN03 AN14 CR62 ICR05 IM47 IO38b IPC06"},{"stopId":829883,"stopName":"Huandoy","stopTypeGroup":"bus","stopLat":-11.9766106,"stopLon":-77.083443,"routeNames":"2204 2208 2603 2604 2611 2701-(Lima-Callao) 2805 4210-(Lima-Callao) 4212 8214 AN02 AN14 CR13 CR49 ICR05 ICR15 IM26 IM57 OM21"},{"stopId":829858,"stopName":"Huandoy","stopTypeGroup":"bus","stopLat":-11.9766053,"stopLon":-77.0829722,"routeNames":"2204 2208 2409 2411 2603 2604 2611 2805 4212 8212 8214 AN02 AN14 ICR05"},{"stopId":1595523,"stopName":"Residencial Pacasmayo","stopTypeGroup":"bus","stopLat":-11.9765712,"stopLon":-77.1061331,"routeNames":"2604 OM32"}]