[{"stopId":1330465,"stopName":"Jazmines","stopTypeGroup":"bus","stopLat":-12.1794552,"stopLon":-76.9795248,"routeNames":"7607"},{"stopId":1302374,"stopName":"Terminal Matelini","stopTypeGroup":"bus","stopLat":-12.1793215,"stopLon":-77.0100242,"routeNames":"1376 2702 2703 7403 7708 8706 8707 8724 8726 8727"},{"stopId":793476,"stopName":"Estación Matellini","stopTypeGroup":"bus","stopLat":-12.1792953,"stopLon":-77.009646,"routeNames":"AS02 AS04 AS07 AS08 AS10"},{"stopId":1312582,"stopName":"Los Sauces","stopTypeGroup":"bus","stopLat":-12.1791301,"stopLon":-76.9269669,"routeNames":"7803 8892"},{"stopId":1330469,"stopName":"Estación Matelini","stopTypeGroup":"bus","stopLat":-12.1790751,"stopLon":-77.0095414,"routeNames":"7607 8613"},{"stopId":1304420,"stopName":"Los Claveles","stopTypeGroup":"bus","stopLat":-12.1790489,"stopLon":-76.9514501,"routeNames":"7709"},{"stopId":1325347,"stopName":"Estación Matelini","stopTypeGroup":"bus","stopLat":-12.1790279,"stopLon":-77.01011,"routeNames":"7607 7707 8613"},{"stopId":1330490,"stopName":"Héroes del Pacífico","stopTypeGroup":"bus","stopLat":-12.1789788,"stopLon":-76.958551,"routeNames":"7612 7804"},{"stopId":1330491,"stopName":"Héroes del Pacífico","stopTypeGroup":"bus","stopLat":-12.1789571,"stopLon":-76.9584319,"routeNames":"7612 7804"},{"stopId":1300848,"stopName":"Andrés Avelino Cáceres","stopTypeGroup":"bus","stopLat":-12.1788601,"stopLon":-76.9658911,"routeNames":"3701 8605 8617 IO06 IO50"},{"stopId":826060,"stopName":"Matellini","stopTypeGroup":"bus","stopLat":-12.1788588,"stopLon":-77.0100416,"routeNames":"C EX1 L"},{"stopId":1339574,"stopName":"Perseo","stopTypeGroup":"bus","stopLat":-12.1788496,"stopLon":-77.0005104,"routeNames":"IO07 IO89"},{"stopId":1330466,"stopName":"Primavera","stopTypeGroup":"bus","stopLat":-12.1788286,"stopLon":-76.98192,"routeNames":"7607"},{"stopId":1302375,"stopName":"Terminal Matelini","stopTypeGroup":"bus","stopLat":-12.1788076,"stopLon":-77.0096219,"routeNames":"1376 2702 2703 7403 7707 7708 7799 8706 8707 8724 8726 8727"},{"stopId":1304331,"stopName":"República de Alemania","stopTypeGroup":"bus","stopLat":-12.1787867,"stopLon":-76.9581664,"routeNames":"7504 7709"},{"stopId":1330537,"stopName":"Los Gorriones","stopTypeGroup":"bus","stopLat":-12.1784721,"stopLon":-77.0047081,"routeNames":"7799"},{"stopId":1330664,"stopName":"Santa María de los Andes","stopTypeGroup":"bus","stopLat":-12.1784721,"stopLon":-76.951139,"routeNames":"7804"},{"stopId":1304439,"stopName":"Balboa","stopTypeGroup":"bus","stopLat":-12.1784616,"stopLon":-76.9495189,"routeNames":"7709"},{"stopId":823652,"stopName":"El Sol","stopTypeGroup":"bus","stopLat":-12.1783711,"stopLon":-76.9963945,"routeNames":"1054 3705 4703 7101 7505 7607 7614 7702 7703 7709 7805 8525 8613 8708 8712 8716 8717 8728 AS07 AS08 IO89"},{"stopId":1304247,"stopName":"Guardia Civil","stopTypeGroup":"bus","stopLat":-12.1782885,"stopLon":-76.9961786,"routeNames":"1703-(Lima-Callao) 7601 7607 7708 8724 IO03"},{"stopId":814985,"stopName":"Arco de Alemana","stopTypeGroup":"bus","stopLat":-12.1782216,"stopLon":-76.962533,"routeNames":"2804-(Lima-Callao) 7801 7802 7803 7807 7811 8201 8306 8520 8621 9801-(Lima-Callao) IM22 OM19 OM21 OM36 OM37"},{"stopId":1304248,"stopName":"Guardia Civil","stopTypeGroup":"bus","stopLat":-12.1781469,"stopLon":-76.996479,"routeNames":"7601 7708 8724 IO03"},{"stopId":1300847,"stopName":"Andrés Avelino Cáceres","stopTypeGroup":"bus","stopLat":-12.1781155,"stopLon":-76.9662023,"routeNames":"3701 8605 8617 IO06 IO50 OM33"},{"stopId":823592,"stopName":"El Sol","stopTypeGroup":"bus","stopLat":-12.1780788,"stopLon":-76.9962698,"routeNames":"1054 1703-(Lima-Callao) 3705 4703 7101 7505 7614 7702 7703 7709 7805 8525 8613 8708 8712 8716 8717 8728"},{"stopId":736458,"stopName":"Hospital","stopTypeGroup":"bus","stopLat":-12.1780421,"stopLon":-76.9404745,"routeNames":"1060 1376 1417 3810 7403 7804 8104 8105 8110 8302 8404 8506 8626 8701 8702 8711 8714 8715 8803 NH25 NH27p"},{"stopId":1330492,"stopName":"Arco de Alemana","stopTypeGroup":"bus","stopLat":-12.1780001,"stopLon":-76.9624901,"routeNames":"7612 7804"},{"stopId":814968,"stopName":"Arco de Alemana","stopTypeGroup":"bus","stopLat":-12.1779105,"stopLon":-76.9626193,"routeNames":"2804-(Lima-Callao) 7612 7801 7802 7803 7804 7807 7811 8201 8306 8520 8621 9801-(Lima-Callao) IM22 OM19 OM21 OM36 OM37"},{"stopId":737325,"stopName":"Hospital","stopTypeGroup":"bus","stopLat":-12.1778271,"stopLon":-76.9397879,"routeNames":"1060 1376 1417 3810 7403 7804 8104 8105 8110 8302 8404 8506 8626 8701 8702 8711 8714 8715 8803 NH25 NH27p"},{"stopId":1304419,"stopName":"Los Jazmines","stopTypeGroup":"bus","stopLat":-12.1776435,"stopLon":-76.951611,"routeNames":"7709"},{"stopId":1330665,"stopName":"Mercedes Cabello","stopTypeGroup":"bus","stopLat":-12.1773499,"stopLon":-76.9511229,"routeNames":"7804"},{"stopId":1312583,"stopName":"Elías Aguirre","stopTypeGroup":"bus","stopLat":-12.1772188,"stopLon":-76.9265941,"routeNames":"8892"},{"stopId":1304438,"stopName":"Leoncio Prado","stopTypeGroup":"bus","stopLat":-12.1771401,"stopLon":-76.9498622,"routeNames":"7709"},{"stopId":1330671,"stopName":"María Parado de Bellido","stopTypeGroup":"bus","stopLat":-12.1767521,"stopLon":-76.9464129,"routeNames":"7804"},{"stopId":1304415,"stopName":"José Pardo","stopTypeGroup":"bus","stopLat":-12.1766839,"stopLon":-76.9465739,"routeNames":"7709"},{"stopId":737659,"stopName":"José Pardo","stopTypeGroup":"bus","stopLat":-12.1766472,"stopLon":-76.9456136,"routeNames":"1060 1061 1110 1376 1417 1802 1804 2805 3805 3810 3813 3814 7403 7804 8110 8211 8404 8506 8507 8515 8614 8626 8701 8702 8703 8704 8711 8714 8715 8716 8717 8718 8720 8722 8724 8728 8729 8803 IM06 IO28b"},{"stopId":1302376,"stopName":"Guardia Peruana","stopTypeGroup":"bus","stopLat":-12.1766368,"stopLon":-77.0069504,"routeNames":"1376 2702 2703 7403 7707 7708 8706 8707 8724 8726 8727"},{"stopId":2023499,"stopName":"El Sol","stopTypeGroup":"bus","stopLat":-12.176581693156715,"stopLon":-76.99858188629152},{"stopId":1330538,"stopName":"Ariosto Matelini","stopTypeGroup":"bus","stopLat":-12.1765791,"stopLon":-77.0066929,"routeNames":"7799"},{"stopId":1304249,"stopName":"Los Faisanes","stopTypeGroup":"bus","stopLat":-12.1764899,"stopLon":-76.9983995,"routeNames":"7601 7708 8724 IO03"},{"stopId":1304418,"stopName":"Mercado Modelo Inca Pachacútec","stopTypeGroup":"bus","stopLat":-12.176469,"stopLon":-76.9508386,"routeNames":"7709"},{"stopId":1331494,"stopName":"Calango","stopTypeGroup":"bus","stopLat":-12.1764585,"stopLon":-76.9755578,"routeNames":"8613 8723"},{"stopId":1304250,"stopName":"Los Faisanes","stopTypeGroup":"bus","stopLat":-12.176427,"stopLon":-76.9986033,"routeNames":"7601 7708 8724 IO03"},{"stopId":737586,"stopName":"José Pardo","stopTypeGroup":"bus","stopLat":-12.1764165,"stopLon":-76.9460374,"routeNames":"1060 1061 1110 1376 1417 1802 1804 2805 3805 3810 3813 3814 7403 7804 8110 8211 8404 8506 8507 8515 8614 8626 8701 8702 8703 8704 8711 8714 8715 8716 8717 8718 8720 8722 8724 8728 8729 8803 IM06 IO28b"},{"stopId":1302377,"stopName":"Guardia Peruana","stopTypeGroup":"bus","stopLat":-12.1763116,"stopLon":-77.0068002,"routeNames":"1376 2702 2703 7403 7707 7708 8706 8707 8724 8726 8727"},{"stopId":1303813,"stopName":"El Sol","stopTypeGroup":"bus","stopLat":-12.1763116,"stopLon":-76.9984049,"routeNames":"2703 IO07 IO89"},{"stopId":1311126,"stopName":"Calango","stopTypeGroup":"bus","stopLat":-12.1760835,"stopLon":-76.9759159,"routeNames":"8613 8723"},{"stopId":1304417,"stopName":"La Unión","stopTypeGroup":"bus","stopLat":-12.1760652,"stopLon":-76.9490495,"routeNames":"7709 7804"},{"stopId":1300846,"stopName":"José Olaya","stopTypeGroup":"bus","stopLat":-12.1759886,"stopLon":-76.9666698,"routeNames":"3701 8605 8617 IO06 IO50 OM33"},{"stopId":1330667,"stopName":"Huaca Inca Pachacutec","stopTypeGroup":"bus","stopLat":-12.175942,"stopLon":-76.9493124,"routeNames":"7804"},{"stopId":1300845,"stopName":"José Olaya","stopTypeGroup":"bus","stopLat":-12.1758042,"stopLon":-76.9668055,"routeNames":"3701 8605 8617 IO06 IO50 OM33"},{"stopId":1304330,"stopName":"Héroes del Pacífico","stopTypeGroup":"bus","stopLat":-12.1757768,"stopLon":-76.9577587,"routeNames":"7504"},{"stopId":1304275,"stopName":"Unamarca","stopTypeGroup":"bus","stopLat":-12.1754307,"stopLon":-76.9783473,"routeNames":"7705 7706 7708 8722 8724"},{"stopId":1304235,"stopName":"Unamarca","stopTypeGroup":"bus","stopLat":-12.1753783,"stopLon":-76.9781005,"routeNames":"7705 7706 7708 8722 8724"},{"stopId":1304329,"stopName":"Mateo Pumacahua","stopTypeGroup":"bus","stopLat":-12.1753468,"stopLon":-76.9587886,"routeNames":"7504"},{"stopId":739288,"stopName":"Unamarca","stopTypeGroup":"bus","stopLat":-12.1753363,"stopLon":-76.9778484,"routeNames":"1058 1801-(Lima-Callao) 8107 8108 8109 8111 8112 8212 8214 8406 8503 8504 8505 8508 8510 8511 8513 8611 8612 8618 8619 Lima-Ica-(Perú-Bus) SH24"},{"stopId":739360,"stopName":"Unamarca","stopTypeGroup":"bus","stopLat":-12.1753101,"stopLon":-76.9776821,"routeNames":"1058 1801-(Lima-Callao) 8107 8108 8109 8111 8112 8212 8214 8406 8503 8504 8505 8508 8510 8511 8513 8611 8612 8618 8619 Lima-Ica-(Perú-Bus) SH24"},{"stopId":1304416,"stopName":"Huayna Cápac","stopTypeGroup":"bus","stopLat":-12.1752314,"stopLon":-76.9473892,"routeNames":"7709 7804"},{"stopId":1330666,"stopName":"Wiracocha","stopTypeGroup":"bus","stopLat":-12.1744344,"stopLon":-76.9509351,"routeNames":"7804"},{"stopId":823654,"stopName":"Grifo San Ignacio","stopTypeGroup":"bus","stopLat":-12.1744134,"stopLon":-76.9890815,"routeNames":"1054 3705 7101 7702 7703 7709 7805 8525 8613 8708 8712 8716 8717 8728"},{"stopId":1302379,"stopName":"Jirón Andrómeda","stopTypeGroup":"bus","stopLat":-12.1744082,"stopLon":-77.0018381,"routeNames":"1376 2702 2703 7403 7708 8706 8707 8724 8726 8727 IO03"},{"stopId":1302380,"stopName":"Jirón Andrómeda","stopTypeGroup":"bus","stopLat":-12.1743977,"stopLon":-77.0016396,"routeNames":"2703 7601 7708 8724 IO03"},{"stopId":964987,"stopName":"Piérola","stopTypeGroup":"bus","stopLat":-12.1743866,"stopLon":-76.9435121,"routeNames":"1061 3813 3814"},{"stopId":823653,"stopName":"Alipio Ponce","stopTypeGroup":"bus","stopLat":-12.1743452,"stopLon":-76.9929224,"routeNames":"1054 1703-(Lima-Callao) 3705 4703 7101 7505 7614 7702 7703 7709 7805 8525 8613 8708 8712 8716 8717 8728 AS08"},{"stopId":1532583,"stopName":"El Sol","stopTypeGroup":"bus","stopLat":-12.1742771,"stopLon":-77.0017093,"routeNames":"1376 2702 7403 7601 8706 8707 8726 8727"},{"stopId":736457,"stopName":"28 de Julio","stopTypeGroup":"bus","stopLat":-12.1742535,"stopLon":-76.9435188,"routeNames":"8104 8105 8302 NH25 NH27p"},{"stopId":823590,"stopName":"Guardia Civil","stopTypeGroup":"bus","stopLat":-12.1742456,"stopLon":-76.9927508,"routeNames":"1054 3705 7101 7702 7703 7709 7805 8525 8613 8708 8712 8716 8717 8728"},{"stopId":737326,"stopName":"Progreso","stopTypeGroup":"bus","stopLat":-12.1742456,"stopLon":-76.9431674,"routeNames":"8104 8105 8302 NH25 NH27p"},{"stopId":1325339,"stopName":"Plaza Lima Sur","stopTypeGroup":"bus","stopLat":-12.1741932,"stopLon":-77.0139349,"routeNames":"7607 7707 8613"},{"stopId":823589,"stopName":"Grifo San Ignacio","stopTypeGroup":"bus","stopLat":-12.1741879,"stopLon":-76.9889528,"routeNames":"1054 3705 7101 7702 7703 7709 7805 8525 8613 8708 8712 8716 8717 8728"},{"stopId":823591,"stopName":"Centro de Instrucción PNP","stopTypeGroup":"bus","stopLat":-12.1738943,"stopLon":-76.9927615,"routeNames":"1703-(Lima-Callao) 4703 7505 7614 AS08"},{"stopId":1304422,"stopName":"Andrés Avelino Cáceres","stopTypeGroup":"bus","stopLat":-12.1738471,"stopLon":-76.9571471,"routeNames":"7709"},{"stopId":1302378,"stopName":"Parque las Gaviotas","stopTypeGroup":"bus","stopLat":-12.1736111,"stopLon":-77.00459,"routeNames":"1376 2702 2703 7403 7707 7708 8706 8707 8724 8726 8727"},{"stopId":1302381,"stopName":"Parque Las Gaviotas","stopTypeGroup":"bus","stopLat":-12.173501,"stopLon":-77.0046598,"routeNames":"1376 2702 2703 7403 7707 7708 8706 8707 8724 8726 8727"},{"stopId":1325345,"stopName":"Plaza Lima Sur","stopTypeGroup":"bus","stopLat":-12.17348,"stopLon":-77.0148575,"routeNames":"7607 7707 8613"},{"stopId":814986,"stopName":"Paradero 14","stopTypeGroup":"bus","stopLat":-12.1730295,"stopLon":-76.9622615,"routeNames":"2804-(Lima-Callao) 7504 7612 7801 7802 7803 7804 7807 7811 8201 8306 8520 8621 9801-(Lima-Callao) IM22 OM19 OM21 OM36 OM37"},{"stopId":826059,"stopName":"Rosario de Villa","stopTypeGroup":"bus","stopLat":-12.1729687,"stopLon":-77.0151445,"routeNames":"C"},{"stopId":1304328,"stopName":"Miguel Iglesias","stopTypeGroup":"bus","stopLat":-12.172877,"stopLon":-76.9625062,"routeNames":"7504"},{"stopId":814967,"stopName":"Paradero 14","stopTypeGroup":"bus","stopLat":-12.1727141,"stopLon":-76.962313,"routeNames":"2804-(Lima-Callao) 7612 7801 7802 7803 7804 7807 7811 8201 8306 8520 8621 9801-(Lima-Callao) IM22 OM19 OM21 OM36 OM37"},{"stopId":817102,"stopName":"Ramiro Merino","stopTypeGroup":"bus","stopLat":-12.1726882,"stopLon":-76.9327337,"routeNames":"1060 1376 1417 3810 7403 7804 8110 8404 8506 8626 8701 8702 8711 8714 8715 8803"},{"stopId":1303810,"stopName":"Distribuidora EDUSA S.R.L.","stopTypeGroup":"bus","stopLat":-12.172683,"stopLon":-76.9959533,"routeNames":"2703 IO07 IO89"},{"stopId":1300844,"stopName":"Juan Velasco Alvarado","stopTypeGroup":"bus","stopLat":-12.1726725,"stopLon":-76.9675326,"routeNames":"3701 8605 8617 IO06 IO50 OM33"},{"stopId":737660,"stopName":"Bellido","stopTypeGroup":"bus","stopLat":-12.1725676,"stopLon":-76.9482636,"routeNames":"1060 1110 1376 1417 1802 1804 2805 3805 3810 7403 8110 8211 8404 8506 8507 8515 8614 8626 8701 8702 8703 8704 8711 8714 8715 8716 8717 8718 8720 8722 8724 8728 8729 8803 IM06 IO28b"},{"stopId":737584,"stopName":"Bellido","stopTypeGroup":"bus","stopLat":-12.1725309,"stopLon":-76.9485641,"routeNames":"1060 1110 1376 1417 1802 1804 2805 3805 3810 7403 8110 8211 8404 8506 8507 8515 8614 8626 8701 8702 8703 8704 8711 8714 8715 8716 8717 8718 8720 8722 8724 8728 8729 8803 IM06 IO28b"},{"stopId":1302382,"stopName":"Electra","stopTypeGroup":"bus","stopLat":-12.1724889,"stopLon":-76.9995421,"routeNames":"1376 2702 7403 7601 8706 8707 8726 8727"},{"stopId":1304327,"stopName":"Canevaro","stopTypeGroup":"bus","stopLat":-12.1724425,"stopLon":-76.9674722,"routeNames":"7504"},{"stopId":817170,"stopName":"Ramiro Merino","stopTypeGroup":"bus","stopLat":-12.1724417,"stopLon":-76.9325995,"routeNames":"1060 1376 1417 3810 7403 7804 8110 8404 8506 8626 8701 8702 8711 8714 8715 8803"},{"stopId":1304428,"stopName":"Cementerio Santa Rosa","stopTypeGroup":"bus","stopLat":-12.1723893,"stopLon":-76.983524,"routeNames":"1054 3705 7101 7702 7703 7709 7805 8525 8613 8708 8712 8716 8717 8728"},{"stopId":1300843,"stopName":"Juan Velasco Alvarado","stopTypeGroup":"bus","stopLat":-12.1723745,"stopLon":-76.9677174,"routeNames":"3701 7504 8605 8617 IO06 IO50 OM33"},{"stopId":965384,"stopName":"Pachacútec","stopTypeGroup":"bus","stopLat":-12.1722615,"stopLon":-76.9481856,"routeNames":"1061 3813 3814"},{"stopId":823588,"stopName":"Cementerio Santa Rosa","stopTypeGroup":"bus","stopLat":-12.1722477,"stopLon":-76.9834864,"routeNames":"1054 3705 7101 7702 7703 7709 7805 8525 8613 8708 8712 8716 8717 8728"},{"stopId":739287,"stopName":"Puente Alipio","stopTypeGroup":"bus","stopLat":-12.1721743,"stopLon":-76.9788623,"routeNames":"1058 1801-(Lima-Callao) 8107 8108 8109 8111 8112 8212 8214 8406 8503 8504 8505 8508 8510 8511 8513 8611 8612 8618 8619 SH24"},{"stopId":1331495,"stopName":"Víctor Castro Iglesias","stopTypeGroup":"bus","stopLat":-12.1720799,"stopLon":-76.9766951,"routeNames":"8613 8723"},{"stopId":1311124,"stopName":"Víctor Castro Iglesias","stopTypeGroup":"bus","stopLat":-12.171802,"stopLon":-76.9770062,"routeNames":"8613 8723"},{"stopId":1304423,"stopName":"Principal","stopTypeGroup":"bus","stopLat":-12.1715817,"stopLon":-76.9575387,"routeNames":"7709"},{"stopId":1304041,"stopName":"Las Gaviotas","stopTypeGroup":"bus","stopLat":-12.1714874,"stopLon":-77.0008403,"routeNames":"7707 IO03"},{"stopId":1302383,"stopName":"El Universo","stopTypeGroup":"bus","stopLat":-12.1714874,"stopLon":-76.9983405,"routeNames":"1376 2702 7403 7601 8706 8707 8726 8727"},{"stopId":739361,"stopName":"Alipio Ponce","stopTypeGroup":"bus","stopLat":-12.1710364,"stopLon":-76.9789376,"routeNames":"1058 1801-(Lima-Callao) 8107 8108 8109 8111 8112 8212 8214 8406 8503 8504 8505 8508 8510 8511 8513 8611 8612 8618 8619 SH24"},{"stopId":736456,"stopName":"Bellido","stopTypeGroup":"bus","stopLat":-12.1709735,"stopLon":-76.9465363,"routeNames":"1061 3813 3814 8104 8105 8302 NH25 NH27p"},{"stopId":737327,"stopName":"Bellido","stopTypeGroup":"bus","stopLat":-12.1708319,"stopLon":-76.9459569,"routeNames":"1061 3813 3814 8104 8105 8302 NH25 NH27p"},{"stopId":1302384,"stopName":"Los Asteroides","stopTypeGroup":"bus","stopLat":-12.170554,"stopLon":-76.9971442,"routeNames":"1376 7403 7601"},{"stopId":814987,"stopName":"Paradero 28","stopTypeGroup":"bus","stopLat":-12.1703358,"stopLon":-76.9616444,"routeNames":"2804-(Lima-Callao) 7612 7801 7802 7803 7804 7807 7811 8201 8306 8520 8621 9801-(Lima-Callao) IM22 OM19 OM21 OM36 OM37"},{"stopId":1466555,"stopName":"Los Incas","stopTypeGroup":"bus","stopLat":-12.1702839,"stopLon":-76.9921231,"routeNames":"1703-(Lima-Callao) 4703 7505 7614 AS08"},{"stopId":2051539,"stopName":"Los Incas","stopTypeGroup":"bus","stopLat":-12.17018426507166,"stopLon":-76.99227064847948},{"stopId":1019621,"stopName":"Paradero 28","stopTypeGroup":"bus","stopLat":-12.1701627,"stopLon":-76.9618531,"routeNames":"8201"},{"stopId":814966,"stopName":"Paradero 28","stopTypeGroup":"bus","stopLat":-12.1699739,"stopLon":-76.9616726,"routeNames":"2804-(Lima-Callao) 7612 7801 7802 7803 7804 7807 7811 8306 8520 8621 9801-(Lima-Callao) IM22 OM19 OM21 OM36 OM37"},{"stopId":823587,"stopName":"Alipio Ponce","stopTypeGroup":"bus","stopLat":-12.1699352,"stopLon":-76.9802302,"routeNames":"1054 3705 7101 7702 7703 7705 7706 7708 7709 7805 8525 8613 8708 8712 8716 8717 8722 8724 8728"},{"stopId":1300861,"stopName":"Víctor Castro Iglesias","stopTypeGroup":"bus","stopLat":-12.1699352,"stopLon":-76.9682676,"routeNames":"3701 7504 8605 8617 IO06 IO50 OM33"},{"stopId":1304424,"stopName":"Pasaje 14","stopTypeGroup":"bus","stopLat":-12.1699247,"stopLon":-76.9586599,"routeNames":"7709"},{"stopId":991691,"stopName":"Canevaro","stopTypeGroup":"bus","stopLat":-12.1696944,"stopLon":-76.9682007,"routeNames":"8201"},{"stopId":1019619,"stopName":"Castro Iglesias","stopTypeGroup":"bus","stopLat":-12.1696202,"stopLon":-76.9684314,"routeNames":"3701 7504 8201 8605 8617 IO06 IO50 OM33"},{"stopId":1019620,"stopName":"Leoncio Prado","stopTypeGroup":"bus","stopLat":-12.1695327,"stopLon":-76.9649135,"routeNames":"8201"},{"stopId":991690,"stopName":"Felipe Arancibia","stopTypeGroup":"bus","stopLat":-12.1694553,"stopLon":-76.9646587,"routeNames":"8201"},{"stopId":1304436,"stopName":"Avenida Villa María","stopTypeGroup":"bus","stopLat":-12.1691381,"stopLon":-76.9562781,"routeNames":"7709"},{"stopId":738108,"stopName":"Villa María","stopTypeGroup":"metro","stopLat":-12.1691014,"stopLon":-76.9504523,"routeNames":"Línea-1"},{"stopId":1302385,"stopName":"Mercado San Sebastián","stopTypeGroup":"bus","stopLat":-12.1690359,"stopLon":-76.9967017,"routeNames":"1376 2703 7403 7601 IO07 IO89"},{"stopId":817113,"stopName":"Piérola","stopTypeGroup":"bus","stopLat":-12.1688445,"stopLon":-76.9274712,"routeNames":"1060 1376 1417 3810 7403 8110 8404 8506 8626 8701 8702 8711 8714 8715 8803"},{"stopId":817169,"stopName":"Piérola","stopTypeGroup":"bus","stopLat":-12.1686452,"stopLon":-76.9274175,"routeNames":"1060 1376 1417 3810 7403 8110 8404 8506 8626 8701 8702 8711 8714 8715 8803"},{"stopId":823658,"stopName":"Alipio Ponce","stopTypeGroup":"bus","stopLat":-12.168619,"stopLon":-76.97927,"routeNames":"1054 3705 7101 7702 7703 7705 7706 7708 7709 7805 8525 8613 8708 8712 8716 8717 8722 8724 8728"},{"stopId":737583,"stopName":"Villa María","stopTypeGroup":"bus","stopLat":-12.1686137,"stopLon":-76.9508654,"routeNames":"1060 1110 1376 1417 1802 1804 2805 3805 3810 7403 8110 8211 8404 8506 8507 8515 8614 8626 8701 8702 8703 8704 8711 8714 8715 8716 8717 8718 8720 8722 8724 8728 8729 8803 IM06 IO28b"},{"stopId":737664,"stopName":"Villa María","stopTypeGroup":"bus","stopLat":-12.1686085,"stopLon":-76.9505274,"routeNames":"1060 1110 1376 1417 1802 1804 2805 3805 3810 7403 8110 8211 8404 8506 8507 8515 8614 8626 8701 8702 8703 8704 8711 8714 8715 8716 8717 8718 8720 8722 8724 8728 8729 8803 IM06 IO28b"},{"stopId":736455,"stopName":"Santa Rosa","stopTypeGroup":"bus","stopLat":-12.168598,"stopLon":-76.9485587,"routeNames":"1061 3813 3814 8104 8105 8302 NH25 NH27p"},{"stopId":737328,"stopName":"Santa Rosa","stopTypeGroup":"bus","stopLat":-12.1684564,"stopLon":-76.9480652,"routeNames":"1061 3813 3814 8104 8105 8302 NH25 NH27p"},{"stopId":1304042,"stopName":"Calle Tambo Grande","stopTypeGroup":"bus","stopLat":-12.1683804,"stopLon":-76.9989091,"routeNames":"7707 IO03"},{"stopId":1331496,"stopName":"Metro (Pedro Miotta)","stopTypeGroup":"bus","stopLat":-12.1683148,"stopLon":-76.9777036,"routeNames":"8613 8723"},{"stopId":823659,"stopName":"Metro (Pedro Miotta)","stopTypeGroup":"bus","stopLat":-12.1680788,"stopLon":-76.9779772,"routeNames":"1054 3705 7101 8613 8723"},{"stopId":1304437,"stopName":"Sol de Milagros","stopTypeGroup":"bus","stopLat":-12.1680579,"stopLon":-76.9580162,"routeNames":"7709"},{"stopId":1304425,"stopName":"Sol de Milagros","stopTypeGroup":"bus","stopLat":-12.167974,"stopLon":-76.9582307,"routeNames":"7709"},{"stopId":1548017,"stopName":"Residencial Inclán","stopTypeGroup":"bus","stopLat":-12.1677799,"stopLon":-76.9808337,"routeNames":"1054 3705 7101 8702"},{"stopId":817115,"stopName":"Arica","stopTypeGroup":"bus","stopLat":-12.1672346,"stopLon":-76.9248962,"routeNames":"1060 1376 1417 3810 7403 8110 8404 8506 8626 8701 8702 8711 8714 8715 8803"},{"stopId":991692,"stopName":"Pedro Silva","stopTypeGroup":"bus","stopLat":-12.1671635,"stopLon":-76.9689878,"routeNames":"3701 7504 8201 8605 8617 IO06 IO50 OM33"},{"stopId":817168,"stopName":"Arica","stopTypeGroup":"bus","stopLat":-12.1671245,"stopLon":-76.9247568,"routeNames":"1060 1376 1417 3810 7403 8110 8404 8506 8626 8701 8702 8711 8714 8715 8803"},{"stopId":1304233,"stopName":"Pedro Miotta","stopTypeGroup":"bus","stopLat":-12.167072,"stopLon":-76.9783956,"routeNames":"7702 7703 7705 7706 7708 7709 7805 8525 8613 8708 8712 8716 8717 8722 8724 8728"},{"stopId":1502264,"stopName":"Artemisa","stopTypeGroup":"bus","stopLat":-12.1670065,"stopLon":-76.9981887,"routeNames":"1376 2702 2703 7403 7601 7707 8706 8707 8726 8727 IO03 IO07 IO89"},{"stopId":1019618,"stopName":"Pedro Silva","stopTypeGroup":"bus","stopLat":-12.1669801,"stopLon":-76.9691142,"routeNames":"3701 7504 8201 8605 8617 IO06 IO50 OM33"},{"stopId":1331497,"stopName":"Alipio Ponce Vázquez","stopTypeGroup":"bus","stopLat":-12.1668465,"stopLon":-76.9780898,"routeNames":"1054 3705 8613 8723"},{"stopId":814988,"stopName":"Buenaventura","stopTypeGroup":"bus","stopLat":-12.1666656,"stopLon":-76.9608363,"routeNames":"2804-(Lima-Callao) 7612 7801 7802 7803 7804 7807 7811 8306 8520 8621 9801-(Lima-Callao) IM22 OM19 OM21 OM36 OM37"},{"stopId":984421,"stopName":"Vista Alegre","stopTypeGroup":"bus","stopLat":-12.1666487,"stopLon":-76.9903781,"routeNames":"1703-(Lima-Callao) 4703 7505 7614 AS08"},{"stopId":1304232,"stopName":"Pedro Miotta","stopTypeGroup":"bus","stopLat":-12.1665581,"stopLon":-76.9780469,"routeNames":"7702 7703 7705 7706 7708 7709 7805 8525 8708 8712 8716 8717 8722 8723 8724 8728"},{"stopId":1309715,"stopName":"Calle Los Ficus","stopTypeGroup":"bus","stopLat":-12.1665266,"stopLon":-76.9842267,"routeNames":"8709"},{"stopId":814965,"stopName":"Buenaventura","stopTypeGroup":"bus","stopLat":-12.1664953,"stopLon":-76.9609041,"routeNames":"2804-(Lima-Callao) 7612 7801 7802 7803 7804 7807 7811 8306 8520 8621 9801-(Lima-Callao) IM22 OM19 OM21 OM36 OM37"},{"stopId":984429,"stopName":"Guardia Civil Sur","stopTypeGroup":"bus","stopLat":-12.1663083,"stopLon":-76.9907968,"routeNames":"1376 1703-(Lima-Callao) 2702 2703 4703 7403 7505 7601 7614 7707 8706 8707 8726 8727 AS08 IO03 IO07 IO89"},{"stopId":739286,"stopName":"Los Álamos","stopTypeGroup":"bus","stopLat":-12.1661176,"stopLon":-76.9807023,"routeNames":"1058 1801-(Lima-Callao) 8107 8108 8109 8111 8112 8212 8214 8406 8503 8504 8505 8508 8510 8511 8513 8611 8612 8618 8619 SH24"},{"stopId":739362,"stopName":"Los Álamos","stopTypeGroup":"bus","stopLat":-12.1659184,"stopLon":-76.9805682,"routeNames":"1058 1801-(Lima-Callao) 8107 8108 8109 8111 8112 8212 8214 8406 8503 8504 8505 8508 8510 8511 8513 8611 8612 8618 8619 SH24"},{"stopId":1022558,"stopName":"Unión","stopTypeGroup":"bus","stopLat":-12.1656302,"stopLon":-76.9477787,"routeNames":"8604 8616 IO30b"},{"stopId":1304426,"stopName":"Las Rosas","stopTypeGroup":"bus","stopLat":-12.1655513,"stopLon":-76.9571579,"routeNames":"7709"},{"stopId":1548018,"stopName":"Transvesa","stopTypeGroup":"bus","stopLat":-12.1654752,"stopLon":-76.9813943,"routeNames":"1054 3705 7101 8702"},{"stopId":1205195,"stopName":"Vista Alegre","stopTypeGroup":"bus","stopLat":-12.1654558,"stopLon":-76.9920895,"routeNames":"1376 1703-(Lima-Callao) 2702 2703 4703 7403 7505 7601 7614 7707 8706 8707 8726 8727 IO03 IO07 IO89"},{"stopId":736454,"stopName":"San José","stopTypeGroup":"bus","stopLat":-12.1653625,"stopLon":-76.9512784,"routeNames":"1061 3813 3814 8104 8105 8302 8604 8616 IO30b NH25 NH27p"},{"stopId":1304287,"stopName":"Paradero CT","stopTypeGroup":"bus","stopLat":-12.165331,"stopLon":-76.9728005,"routeNames":"7702 7703 7705 7706 7708 7709 7805 8525 8708 8712 8716 8717 8722 8723 8724 8728"},{"stopId":737329,"stopName":"San José","stopTypeGroup":"bus","stopLat":-12.165331,"stopLon":-76.9509405,"routeNames":"1061 3813 3814 8104 8105 8302 8604 8616 IO30b NH25 NH27p"},{"stopId":991694,"stopName":"Paradero CT","stopTypeGroup":"bus","stopLat":-12.1651468,"stopLon":-76.9725227,"routeNames":"3701 7504 7804 7811 8201 8605 8617 IO06 IO50 OM19 OM21 OM33 OM36 OM37"},{"stopId":1019616,"stopName":"Paradero CT","stopTypeGroup":"bus","stopLat":-12.1651059,"stopLon":-76.9727412,"routeNames":"3701 7504 7702 7703 7705 7706 7708 7709 7804 7805 7811 8201 8525 8605 8617 8708 8712 8716 8717 8722 8723 8724 8728 IO06 IO50 OM19 OM21 OM33 OM36 OM37"},{"stopId":1309714,"stopName":"Mercado 18 de Enero","stopTypeGroup":"bus","stopLat":-12.1649666,"stopLon":-76.9840229,"routeNames":"8709"},{"stopId":991693,"stopName":"Vargas Machuca","stopTypeGroup":"bus","stopLat":-12.1648313,"stopLon":-76.9691742,"routeNames":"3701 7504 8201 8605 8617 IO06 IO50 OM33"},{"stopId":1019617,"stopName":"Canevaro","stopTypeGroup":"bus","stopLat":-12.1646989,"stopLon":-76.9694237,"routeNames":"3701 7504 7804 7811 8201 8605 8617 IO06 IO50 OM19 OM21 OM33 OM36 OM37"},{"stopId":1502261,"stopName":"Apolo","stopTypeGroup":"bus","stopLat":-12.1646687,"stopLon":-76.9933189,"routeNames":"1376 2702 2703 7403 7601 7707 8706 8707 8726 8727 IO03 IO07 IO89"},{"stopId":1022546,"stopName":"Unión ","stopTypeGroup":"bus","stopLat":-12.1646206,"stopLon":-76.9481585,"routeNames":"8604 8616 IO30b"},{"stopId":1022559,"stopName":"Los Marianistas","stopTypeGroup":"bus","stopLat":-12.1645185,"stopLon":-76.9460728,"routeNames":"8604 8616 IO30b"},{"stopId":1193679,"stopName":"Machuca","stopTypeGroup":"bus","stopLat":-12.164473,"stopLon":-76.9692657,"routeNames":"7804 7811 OM19 OM21 OM36 OM37"},{"stopId":737581,"stopName":"Lirios","stopTypeGroup":"bus","stopLat":-12.1643189,"stopLon":-76.9539928,"routeNames":"1060 1110 1376 1417 1802 1804 2805 3805 3810 7403 8110 8211 8404 8506 8507 8515 8614 8626 8701 8702 8703 8704 8711 8714 8715 8716 8717 8718 8720 8722 8724 8728 8729 8803 IM06 IO28b"},{"stopId":737667,"stopName":"Lirios","stopTypeGroup":"bus","stopLat":-12.164298,"stopLon":-76.9536763,"routeNames":"1060 1110 1376 1417 1802 1804 2805 3805 3810 7403 8110 8211 8404 8506 8507 8515 8614 8626 8701 8702 8703 8704 8711 8714 8715 8716 8717 8718 8720 8722 8724 8728 8729 8803 IM06 IO28b"},{"stopId":823586,"stopName":"José Olaya","stopTypeGroup":"bus","stopLat":-12.1642298,"stopLon":-76.9816142,"routeNames":"1054 3705 7101 8701 8702"},{"stopId":984422,"stopName":"Parque Villa Alegre","stopTypeGroup":"bus","stopLat":-12.1637164,"stopLon":-76.9907485,"routeNames":"1376 1703-(Lima-Callao) 2702 2703 4703 7403 7505 7601 7614 7707 8706 8707 8726 8727 AS08 IO03 IO07 IO89"},{"stopId":814989,"stopName":"Billinghurst","stopTypeGroup":"bus","stopLat":-12.1636866,"stopLon":-76.9601748,"routeNames":"2804-(Lima-Callao) 7612 7801 7802 7803 7807 8306 8520 8621 9801-(Lima-Callao) IM22"},{"stopId":1652783,"stopName":"Miguel Iglesias","stopTypeGroup":"bus","stopLat":-12.1635586,"stopLon":-76.960339,"routeNames":"8525"},{"stopId":1304427,"stopName":"Miguel Iglesias","stopTypeGroup":"bus","stopLat":-12.1634432,"stopLon":-76.9599903,"routeNames":"7709"},{"stopId":1022545,"stopName":"Cooperativa San Francisco","stopTypeGroup":"bus","stopLat":-12.1634145,"stopLon":-76.9464633,"routeNames":"8604 8616 IO30b"},{"stopId":814964,"stopName":"Billinghurst","stopTypeGroup":"bus","stopLat":-12.163409,"stopLon":-76.960199,"routeNames":"2804-(Lima-Callao) 7612 7709 7801 7802 7803 7807 8306 8520 8525 8621 9801-(Lima-Callao) IM22"},{"stopId":1022560,"stopName":"Plaza de Armas de Villa María del Triunfo","stopTypeGroup":"bus","stopLat":-12.1634068,"stopLon":-76.944442,"routeNames":"8604 8616 IO30b"},{"stopId":1502263,"stopName":"Parque Sagitario","stopTypeGroup":"bus","stopLat":-12.1631406,"stopLon":-76.9960128,"routeNames":"1376 2702 2703 7403 7601 7707 8706 8707 8726 8727 IO03 IO07 IO89"},{"stopId":1193675,"stopName":"Tomas Guzman","stopTypeGroup":"bus","stopLat":-12.1630094,"stopLon":-76.9652211,"routeNames":"7804 7811 OM19 OM21 OM36 OM37"},{"stopId":1193677,"stopName":"Tomas Guzman","stopTypeGroup":"bus","stopLat":-12.1630076,"stopLon":-76.9649953,"routeNames":"7804 7811 OM19 OM21 OM36 OM37"},{"stopId":1309713,"stopName":"Calle 9","stopTypeGroup":"bus","stopLat":-12.1629503,"stopLon":-76.9837868,"routeNames":"8702 8709"},{"stopId":984428,"stopName":"Parque Villa Alegre","stopTypeGroup":"bus","stopLat":-12.1629404,"stopLon":-76.9908364,"routeNames":"1376 1703-(Lima-Callao) 2702 2703 4703 7403 7505 7601 7614 7707 8706 8707 8726 8727 AS08 IO03 IO07 IO89"},{"stopId":1318891,"stopName":"Geranios","stopTypeGroup":"bus","stopLat":-12.1626042,"stopLon":-76.982258,"routeNames":"8701 8702"},{"stopId":1022544,"stopName":"Plaza de Armas de Villa María del Triunfo","stopTypeGroup":"bus","stopLat":-12.1623342,"stopLon":-76.944854,"routeNames":"8604 8616 IO30b"},{"stopId":1022561,"stopName":"Salaverry","stopTypeGroup":"bus","stopLat":-12.1622585,"stopLon":-76.9427909,"routeNames":"8604 8616 IO30b"},{"stopId":991696,"stopName":"Daniel Timorán","stopTypeGroup":"bus","stopLat":-12.1620849,"stopLon":-76.9730148,"routeNames":"3701 7504 7702 7703 7705 7706 7708 7709 7804 7805 7811 8525 8605 8617 8708 8712 8716 8717 8722 8723 8724 8728 IO06 IO50 OM19 OM21 OM33 OM36 OM37"},{"stopId":1019615,"stopName":"Daniel Timorán","stopTypeGroup":"bus","stopLat":-12.161905,"stopLon":-76.9731307,"routeNames":"3701 7504 7702 7703 7705 7706 7708 7709 7804 7805 7811 8525 8605 8617 8708 8712 8716 8717 8722 8723 8724 8728 IO06 IO50 OM19 OM21 OM33 OM36 OM37"},{"stopId":823585,"stopName":"Amauta","stopTypeGroup":"bus","stopLat":-12.1618764,"stopLon":-76.9821636,"routeNames":"1054 3705 7101 8701"},{"stopId":1193674,"stopName":"Suarez","stopTypeGroup":"bus","stopLat":-12.1618295,"stopLon":-76.9685095,"routeNames":"7804 7811 OM19 OM21 OM36 OM37"},{"stopId":739285,"stopName":"Amauta","stopTypeGroup":"bus","stopLat":-12.161828,"stopLon":-76.9819254,"routeNames":"1058 1801-(Lima-Callao) 8107 8108 8109 8111 8112 8212 8214 8406 8503 8504 8505 8508 8510 8511 8513 8611 8612 8618 8619 SH24"},{"stopId":739363,"stopName":"Amauta","stopTypeGroup":"bus","stopLat":-12.1618171,"stopLon":-76.9817661,"routeNames":"1058 1801-(Lima-Callao) 8107 8108 8109 8111 8112 8212 8214 8406 8503 8504 8505 8508 8510 8511 8513 8611 8612 8618 8619 SH24"},{"stopId":1652782,"stopName":"Tomás Guzmán","stopTypeGroup":"bus","stopLat":-12.161794,"stopLon":-76.9647378,"routeNames":"8525"},{"stopId":1652780,"stopName":"Tomás Guzmán","stopTypeGroup":"bus","stopLat":-12.1617861,"stopLon":-76.9644991,"routeNames":"8525"},{"stopId":1193678,"stopName":"Canevaro","stopTypeGroup":"bus","stopLat":-12.1616522,"stopLon":-76.9682442,"routeNames":"7804 7811 OM19 OM21 OM36 OM37"},{"stopId":823660,"stopName":"Óvalo Horacio Zeballos","stopTypeGroup":"bus","stopLat":-12.1615658,"stopLon":-76.9794577,"routeNames":"1054 3705 7101 8201"},{"stopId":814963,"stopName":"María Auxiliadora","stopTypeGroup":"bus","stopLat":-12.1612047,"stopLon":-76.9594438,"routeNames":"2804-(Lima-Callao) 7612 7709 7801 7802 7803 7807 8306 8520 8525 8621 9801-(Lima-Callao) IM22"},{"stopId":1022543,"stopName":"Salaverry","stopTypeGroup":"bus","stopLat":-12.1611969,"stopLon":-76.943107,"routeNames":"8604 8616 IO30b"},{"stopId":738101,"stopName":"María Auxiliadora","stopTypeGroup":"metro","stopLat":-12.1611096,"stopLon":-76.956321,"routeNames":"Línea-1"},{"stopId":1486027,"stopName":"Óvalo Horacio Zeballos","stopTypeGroup":"bus","stopLat":-12.1610939,"stopLon":-76.9798386,"routeNames":"8201"},{"stopId":1022562,"stopName":"Chocano","stopTypeGroup":"bus","stopLat":-12.1610779,"stopLon":-76.9410926,"routeNames":"8604 8616 IO30b"},{"stopId":2038821,"stopName":"Ovalo Horacio Zevallos","stopTypeGroup":"bus","stopLat":-12.161041443707862,"stopLon":-76.97925120592119},{"stopId":814990,"stopName":"María Auxiliadora","stopTypeGroup":"bus","stopLat":-12.1607341,"stopLon":-76.9591324,"routeNames":"2804-(Lima-Callao) 7612 7709 7801 7802 7803 7807 8306 8520 8525 8621 9801-(Lima-Callao) IM22"},{"stopId":2038820,"stopName":"Joaquín Torrico","stopTypeGroup":"bus","stopLat":-12.16069795905894,"stopLon":-76.97669506072998},{"stopId":1196279,"stopName":"Hurtado","stopTypeGroup":"bus","stopLat":-12.1606954,"stopLon":-76.9849681,"routeNames":"8701 8702 8709"},{"stopId":737671,"stopName":"María Auxiliadora","stopTypeGroup":"bus","stopLat":-12.1606586,"stopLon":-76.9565248,"routeNames":"1060 1110 1376 1417 1802 1804 2805 3805 3810 7403 8110 8211 8404 8506 8507 8515 8614 8626 8701 8702 8703 8704 8711 8714 8715 8716 8717 8718 8720 8722 8724 8728 8729 8803 IM06 IO28b"},{"stopId":1304483,"stopName":"Estación María Auxiliadora","stopTypeGroup":"bus","stopLat":-12.1606429,"stopLon":-76.9563317,"routeNames":"8726"},{"stopId":737579,"stopName":"María Auxiliadora","stopTypeGroup":"bus","stopLat":-12.1605537,"stopLon":-76.9569218,"routeNames":"1060 1110 1376 1417 1802 1804 2805 3805 3810 7403 8110 8211 8404 8506 8507 8515 8614 8626 8701 8702 8703 8704 8711 8714 8715 8716 8717 8718 8720 8722 8724 8728 8729 8803 IM06 IO28b"},{"stopId":1652781,"stopName":"Canevaro","stopTypeGroup":"bus","stopLat":-12.1604358,"stopLon":-76.9678384,"routeNames":"8525"},{"stopId":1387644,"stopName":"Canevaro","stopTypeGroup":"bus","stopLat":-12.1604017,"stopLon":-76.9681656,"routeNames":"8525"},{"stopId":2039853,"stopName":"San Juan","stopTypeGroup":"bus","stopLat":-12.160244348880799,"stopLon":-76.97363197803499},{"stopId":1893494,"stopName":"Elías Aguirre","stopTypeGroup":"bus","stopLat":-12.160173847103849,"stopLon":-76.93616160580468,"routeNames":"8604"},{"stopId":984423,"stopName":"Alcides Vigo","stopTypeGroup":"bus","stopLat":-12.1601076,"stopLon":-76.9889971,"routeNames":"1376 1703-(Lima-Callao) 2702 2703 4703 7403 7505 7601 7614 7707 8706 8707 8726 8727 AS08 IO03 IO07 IO89"},{"stopId":1022542,"stopName":"Chocano","stopTypeGroup":"bus","stopLat":-12.1601027,"stopLon":-76.9414852,"routeNames":"8604 8616 IO30b"},{"stopId":1022563,"stopName":"Ricardo Palma","stopTypeGroup":"bus","stopLat":-12.1599766,"stopLon":-76.9394404,"routeNames":"8604 8616 IO30b"},{"stopId":984427,"stopName":"Alcides Vigo","stopTypeGroup":"bus","stopLat":-12.1598354,"stopLon":-76.9890469,"routeNames":"1376 1703-(Lima-Callao) 2702 2703 4703 7403 7505 7601 7614 7707 8706 8707 8726 8727 AS08 IO03 IO07 IO89"},{"stopId":1304482,"stopName":"Nicolás de Piérola","stopTypeGroup":"bus","stopLat":-12.1598353,"stopLon":-76.9554412,"routeNames":"8726"},{"stopId":1325407,"stopName":"Los Héroes","stopTypeGroup":"bus","stopLat":-12.1596911,"stopLon":-76.9586787,"routeNames":"2804-(Lima-Callao) 7612 7709 7801 7802 7803 7807 8306 8520 8525 8621 9801-(Lima-Callao) IM22"},{"stopId":736453,"stopName":"Entrada de San Gabriel","stopTypeGroup":"bus","stopLat":-12.1595626,"stopLon":-76.9563049,"routeNames":"1057 1059 1061 1099 1491 2803 3809 3813 3814 3816 7805 8104 8105 8209 8302 8502 8523 8525 8604 8616 8706 8707 8708 8709 8712 8726 8727 9802-(Lima-Callao) IO30b NH25"},{"stopId":737330,"stopName":"Entrada de San Gabriel","stopTypeGroup":"bus","stopLat":-12.1595574,"stopLon":-76.9560206,"routeNames":"1061 3813 3814 8104 8105 8302 8604 8616 IO30b NH25 NH27p"},{"stopId":737672,"stopName":"Miguel Iglesias","stopTypeGroup":"bus","stopLat":-12.1594525,"stopLon":-76.9581234,"routeNames":"1060 1110 1376 1417 1802 1804 2805 3805 3810 7403 8110 8211 8404 8506 8507 8515 8614 8626 8701 8702 8703 8704 8711 8714 8715 8716 8717 8718 8720 8722 8724 8726 8728 8729 8803 IM06 IO28b"},{"stopId":737578,"stopName":"Miguel Iglesias","stopTypeGroup":"bus","stopLat":-12.1593686,"stopLon":-76.9589227,"routeNames":"1057 1060 1099 1110 1376 1417 1802 1804 2803 2804-(Lima-Callao) 2805 3805 3810 7403 7612 7709 7801 7802 7803 7805 7807 8110 8209 8211 8306 8404 8506 8507 8515 8520 8523 8614 8621 8626 8701 8702 8703 8704 8706 8707 8708 8709 8711 8712 8714 8715 8716"},{"stopId":1325403,"stopName":"Los Héroes","stopTypeGroup":"bus","stopLat":-12.1591011,"stopLon":-76.9586706,"routeNames":"1057 1099 2803 7805 8209 8523 8525 8706 8707 8708 8709 8712 8727"},{"stopId":1387623,"stopName":"José María Seguín","stopTypeGroup":"bus","stopLat":-12.1590382,"stopLon":-76.9712743,"routeNames":"8525"},{"stopId":1387643,"stopName":"José María Seguin","stopTypeGroup":"bus","stopLat":-12.1589963,"stopLon":-76.9716042,"routeNames":"8525"},{"stopId":1022541,"stopName":"Ricardo Palma","stopTypeGroup":"bus","stopLat":-12.158928,"stopLon":-76.93979,"routeNames":"8604 8616 IO30b"},{"stopId":739284,"stopName":"Sedapal","stopTypeGroup":"bus","stopLat":-12.1588861,"stopLon":-76.9827944,"routeNames":"1054 1058 1801-(Lima-Callao) 3705 7101 8107 8108 8109 8111 8112 8212 8214 8406 8503 8504 8505 8508 8510 8511 8513 8611 8612 8618 8619 SH24"},{"stopId":739364,"stopName":"Sedapal","stopTypeGroup":"bus","stopLat":-12.1588704,"stopLon":-76.9825959,"routeNames":"1058 1801-(Lima-Callao) 8107 8108 8109 8111 8112 8212 8214 8406 8503 8504 8505 8508 8510 8511 8513 8611 8612 8618 8619 SH24"},{"stopId":1022564,"stopName":"Jirón San Antonio","stopTypeGroup":"bus","stopLat":-12.1588649,"stopLon":-76.9378633,"routeNames":"8604 8616 IO30b"},{"stopId":1558483,"stopName":"Pizarro","stopTypeGroup":"bus","stopLat":-12.1588389,"stopLon":-76.9848973,"routeNames":"8701 8702 8709"},{"stopId":1893501,"stopName":"Independencia","stopTypeGroup":"bus","stopLat":-12.158758926934121,"stopLon":-76.93403675684341,"routeNames":"8604"},{"stopId":991697,"stopName":"Billinghurst","stopTypeGroup":"bus","stopLat":-12.1586366,"stopLon":-76.9732388,"routeNames":"3701 7504 7702 7703 7705 7706 7708 7709 7804 7805 7811 8525 8605 8617 8708 8712 8716 8717 8722 8723 8724 8728 IO06 IO50 OM19 OM21 OM33 OM36 OM37"},{"stopId":1304469,"stopName":"Santo Toribio","stopTypeGroup":"bus","stopLat":-12.1585662,"stopLon":-76.9578016,"routeNames":"1057 1099 2803 7805 8209 8523 8525 8706 8707 8708 8709 8712 8726 8727"},{"stopId":1387624,"stopName":"San Juan","stopTypeGroup":"bus","stopLat":-12.158464,"stopLon":-76.9731411,"routeNames":"8525"},{"stopId":1019614,"stopName":"Billinghurst","stopTypeGroup":"bus","stopLat":-12.1583516,"stopLon":-76.9733074,"routeNames":"3701 7504 7702 7703 7705 7706 7708 7709 7804 7805 7811 8605 8617 8708 8712 8716 8717 8722 8723 8724 8728 IO06 IO50 OM19 OM21 OM33 OM36 OM37"},{"stopId":737331,"stopName":"San Eugenio","stopTypeGroup":"bus","stopLat":-12.1583198,"stopLon":-76.9574958,"routeNames":"1061 3813 3814 8104 8105 8302 8604 8616 IO30b NH25 NH27p"},{"stopId":1486026,"stopName":"Sullana","stopTypeGroup":"bus","stopLat":-12.1582831,"stopLon":-76.9806111,"routeNames":"8201"},{"stopId":823662,"stopName":"Sullana","stopTypeGroup":"bus","stopLat":-12.1582044,"stopLon":-76.9802248,"routeNames":"1054 3705 7101 8201"},{"stopId":736452,"stopName":"Santo Toribio","stopTypeGroup":"bus","stopLat":-12.1580733,"stopLon":-76.9580805,"routeNames":"1059 1061 1491 2803 3809 3813 3814 3816 8104 8105 8209 8302 8502 8604 8616 8706 8707 8708 8709 9802-(Lima-Callao) IO30b NH25 NH27p"},{"stopId":1330680,"stopName":"Nicolás de Piérola","stopTypeGroup":"bus","stopLat":-12.1580313,"stopLon":-76.957638,"routeNames":"1057 1099 1491 7805 8523 8525 8712 8727"},{"stopId":737577,"stopName":"Tomás Guzmán","stopTypeGroup":"bus","stopLat":-12.1579999,"stopLon":-76.9623506,"routeNames":"1057 1060 1099 1110 1376 1417 1802 1804 2803 2804-(Lima-Callao) 2805 3805 3810 7403 7612 7709 7801 7802 7803 7805 7807 8110 8209 8211 8306 8404 8506 8507 8515 8520 8523 8614 8621 8626 8701 8702 8703 8704 8706 8707 8708 8709 8711 8712 8714 8715 8716"},{"stopId":1304481,"stopName":"Santa Catalina","stopTypeGroup":"bus","stopLat":-12.1579474,"stopLon":-76.9532418,"routeNames":"8726"},{"stopId":737673,"stopName":"Tomás Guzmán","stopTypeGroup":"bus","stopLat":-12.1578845,"stopLon":-76.9619751,"routeNames":"1057 1060 1099 1110 1376 1417 1802 1804 2803 2804-(Lima-Callao) 2805 3805 3810 7403 7612 7709 7801 7802 7803 7805 7807 8110 8209 8211 8306 8404 8506 8507 8515 8520 8523 8614 8621 8626 8701 8702 8703 8704 8706 8707 8708 8709 8711 8712 8714 8715 8716"},{"stopId":1022540,"stopName":"Jirón San Antonio","stopTypeGroup":"bus","stopLat":-12.157757,"stopLon":-76.9381781,"routeNames":"8604 8616 IO30b"},{"stopId":1022539,"stopName":"Pedro Valle Medina","stopTypeGroup":"bus","stopLat":-12.1576543,"stopLon":-76.93612,"routeNames":"8604 8616 IO30b"},{"stopId":1301206,"stopName":"Santa Catalina","stopTypeGroup":"bus","stopLat":-12.15725,"stopLon":-76.9545293,"routeNames":"1057 1059 1099 1491 2803 3809 3816 7805 8209 8502 8523 8525 8706 8707 8708 8709 8712 8726 8727 9802-(Lima-Callao)"},{"stopId":1196277,"stopName":"Segura","stopTypeGroup":"bus","stopLat":-12.1570849,"stopLon":-76.9849326,"routeNames":"8701 8702 8709"},{"stopId":991698,"stopName":"Joaquín Bernal","stopTypeGroup":"bus","stopLat":-12.1568583,"stopLon":-76.972899,"routeNames":"3701 7504 7702 7703 7705 7706 7708 7709 7804 7805 7811 8605 8617 8708 8712 8716 8717 8722 8723 8724 8728 IO06 IO50 OM19 OM21 OM33 OM36 OM37"},{"stopId":1309410,"stopName":"Pedro Valle Medina","stopTypeGroup":"bus","stopLat":-12.15681,"stopLon":-76.9367143,"routeNames":"8604 8616 IO30b"},{"stopId":1193673,"stopName":"San Juan","stopTypeGroup":"bus","stopLat":-12.1567565,"stopLon":-76.973039,"routeNames":"OM19 OM21 OM36 OM37"},{"stopId":1019613,"stopName":"Joaquín Bernal","stopTypeGroup":"bus","stopLat":-12.1566732,"stopLon":-76.9729289,"routeNames":"3701 7504 7702 7703 7705 7706 7708 7709 7804 7805 7811 8605 8617 8708 8712 8716 8717 8722 8723 8724 8728 IO06 IO50 OM33"},{"stopId":738100,"stopName":"San Juan","stopTypeGroup":"metro","stopLat":-12.1565735,"stopLon":-76.9655639,"routeNames":"Línea-1"},{"stopId":1196286,"stopName":"Terminal Atocongo","stopTypeGroup":"bus","stopLat":-12.1565643,"stopLon":-76.9847848,"routeNames":"8701 8702 8709"},{"stopId":737576,"stopName":"San Juan","stopTypeGroup":"bus","stopLat":-12.1565578,"stopLon":-76.9659019,"routeNames":"1057 1060 1099 1110 1376 1417 1802 1804 2803 2804-(Lima-Callao) 2805 3805 3810 7403 7612 7709 7801 7802 7803 7805 7807 8110 8209 8211 8306 8404 8506 8507 8515 8520 8523 8614 8621 8626 8701 8702 8703 8704 8706 8707 8708 8709 8711 8712 8714 8715 8716"},{"stopId":1513688,"stopName":"Terminal Terrestre Atocongo","stopTypeGroup":"bus","stopLat":-12.1565186,"stopLon":-76.9841592,"routeNames":"Arequipa-Lima-(CIVA) Arequipa-Lima-(Cruz-del-Sur) Cotahuasi-Lima-(Don-Abraham) Lima-Cusco-(Perú-Hop) Lima-Cusco-(Wari-Palomino) Lima-Marcona Lima-Nazca-(Palomino) Rio-de-Janeiro-Lima"},{"stopId":737674,"stopName":"San Juan","stopTypeGroup":"bus","stopLat":-12.1564424,"stopLon":-76.9654566,"routeNames":"1057 1060 1099 1110 1376 1417 1802 1804 2803 2804-(Lima-Callao) 2805 3805 3810 7403 7612 7709 7801 7802 7803 7805 7807 8110 8209 8211 8306 8404 8506 8507 8515 8520 8523 8614 8621 8626 8701 8702 8703 8704 8706 8707 8708 8709 8711 8712 8714 8715 8716"},{"stopId":1309411,"stopName":"Villa María","stopTypeGroup":"bus","stopLat":-12.1562693,"stopLon":-76.9356841,"routeNames":"8604 8616"},{"stopId":984424,"stopName":"La Cruceta","stopTypeGroup":"bus","stopLat":-12.1562165,"stopLon":-76.9900929,"routeNames":"1376 1703-(Lima-Callao) 2702 2703 4703 7403 7505 7601 7614 7707 8706 8707 8726 8727 AS08 IO03 IO07 IO89"},{"stopId":984426,"stopName":"La Cruceta","stopTypeGroup":"bus","stopLat":-12.1561533,"stopLon":-76.9903084,"routeNames":"1376 1703-(Lima-Callao) 2702 2703 4703 7403 7505 7601 7614 7707 8706 8707 8726 8727 AS08 IO03 IO07 IO89"},{"stopId":1193672,"stopName":"Jaramillo","stopTypeGroup":"bus","stopLat":-12.1560565,"stopLon":-76.9748093,"routeNames":"OM19 OM21 OM36 OM37"},{"stopId":1318868,"stopName":"Independencia","stopTypeGroup":"bus","stopLat":-12.1560491,"stopLon":-76.9346166,"routeNames":"IO30b"},{"stopId":2068412,"stopName":"Terminal Palomino - San Juan","stopTypeGroup":"bus","stopLat":-12.155857662553824,"stopLon":-76.96626394987108},{"stopId":737332,"stopName":"Julio César Tello","stopTypeGroup":"bus","stopLat":-12.1558393,"stopLon":-76.960457,"routeNames":"1061 1491 3813 3814 8104 8105 8302 8604 8616 IO30b NH25 NH27p"},{"stopId":736451,"stopName":"Julio César Tello","stopTypeGroup":"bus","stopLat":-12.1557187,"stopLon":-76.9608486,"routeNames":"1059 1061 1491 3809 3813 3814 3816 8104 8105 8302 8502 8604 8616 9802-(Lima-Callao) IO30b NH25 NH27p"},{"stopId":1309705,"stopName":"Avelino Cáceres","stopTypeGroup":"bus","stopLat":-12.1556505,"stopLon":-76.95557,"routeNames":"1057 1099 1491 7805 8523 8525 8712 8727"},{"stopId":1301229,"stopName":"Nicolás de Piérola","stopTypeGroup":"bus","stopLat":-12.1556191,"stopLon":-76.9603765,"routeNames":"1059 2803 3809 3816 8209 8502 8706 8707 8708 8709 9802-(Lima-Callao)"},{"stopId":1304480,"stopName":"Manco Cápac","stopTypeGroup":"bus","stopLat":-12.1554408,"stopLon":-76.9503129,"routeNames":"8726"},{"stopId":1196276,"stopName":"Javier Herauld","stopTypeGroup":"bus","stopLat":-12.1552631,"stopLon":-76.9875554,"routeNames":"8701 8702 8709"},{"stopId":823664,"stopName":"Mall del Sur","stopTypeGroup":"bus","stopLat":-12.1552048,"stopLon":-76.9827729,"routeNames":"1054 3705 7101 8201"},{"stopId":1486023,"stopName":"Mall del Sur","stopTypeGroup":"bus","stopLat":-12.1547695,"stopLon":-76.9833094,"routeNames":"8201"},{"stopId":1196287,"stopName":"Heraud","stopTypeGroup":"bus","stopLat":-12.1547405,"stopLon":-76.9871253,"routeNames":"8701 8702 8709"},{"stopId":991699,"stopName":"Ciudad","stopTypeGroup":"bus","stopLat":-12.1543867,"stopLon":-76.9718931,"routeNames":"3701 7504 7702 7703 7705 7706 7708 7709 7804 7805 7811 8605 8617 8708 8712 8716 8717 8722 8723 8724 8728 IO06 IO50 OM19 OM21 OM33 OM36 OM37"}]