{
  "updated": "2025-09-28",
  "colors": {
    "301": "#1565C0",
    "303": "#1565C0",
    "302": "#1565C0",
    "409": "#6A1B9A",
    "412": "#6A1B9A",
    "306": "#1565C0",
    "405": "#6A1B9A",
    "404": "#6A1B9A",
    "SE-02": "#6A1B9A",
    "201": "#C62828",
    "204": "#C62828",
    "101": "#F9A825",
    "206": "#C62828",
    "305": "#1565C0"
  },
  "services": [
    {
      "id": "301",
      "kind": "expreso",
      "name": "Corredor Azul 301 → Amancaes",
      "north_south": [
        "amancaes",
        "la-colonia",
        "madrid",
        "guardia-republicana",
        "chira",
        "viru",
        "ica",
        "moquegua",
        "ilo",
        "bolivia",
        "espana",
        "tarma",
        "saco-oliveros",
        "ramon-dagnio",
        "enrique-villar",
        "manuel-segura",
        "manuel-candamo",
        "tomas-guido",
        "soledad",
        "manuel-banon",
        "paz-soldan",
        "choquehuanca",
        "raymundo-morales",
        "los-angeles",
        "andalucia",
        "ayacucho",
        "angamos",
        "piura",
        "pardo",
        "berlin",
        "28-de-julio",
        "larco",
        "armendariz",
        "loyola",
        "la-paz",
        "chipoco",
        "balta",
        "cuba",
        "plaza-butters",
        "leoncio-prado"
      ],
      "south_north": [
        "el-sol",
        "chipoco",
        "las-acacias",
        "nunez-de-balboa",
        "fanning",
        "28-de-julio",
        "benavides",
        "schell",
        "ricardo-palma",
        "piura",
        "angamos",
        "ayacucho",
        "carlos-tenaud",
        "rio-de-janeiro",
        "aramburu",
        "la-habana",
        "juan-de-arona",
        "olavide",
        "domingo-casanova",
        "tomas-guido",
        "manuel-candamo",
        "manuel-segura",
        "enrique-villar",
        "emilio-fernandez",
        "ramon-dagnio",
        "saco-oliveros",
        "espana",
        "bolivia",
        "quilca",
        "emancipacion",
        "callao",
        "pizarro",
        "chira",
        "guardia-republicana",
        "alcazar",
        "las-calezas",
        "f-arancibia",
        "manuel-segura",
        "amancaes"
      ]
    },
    {
      "id": "302",
      "kind": "expreso",
      "name": "Corredor Azul 302 → Amancaes",
      "north_south": [
        "amancaes",
        "la-colonia",
        "madrid",
        "leoncio-prado",
        "guardia-republicana",
        "chira",
        "viru",
        "ica",
        "moquegua",
        "ilo",
        "bolivia",
        "espana",
        "tarma",
        "saco-oliveros",
        "ramon-dagnio",
        "cuba",
        "enrique-villar",
        "manuel-segura",
        "manuel-candamo",
        "tomas-guido",
        "soledad",
        "manuel-banon",
        "paz-soldan",
        "choquehuanca",
        "raymundo-morales",
        "los-angeles",
        "andalucia",
        "ayacucho",
        "angamos",
        "piura",
        "dos-de-mayo",
        "espana",
        "soledad",
        "ayacucho"
      ],
      "south_north": [
        "piura",
        "angamos",
        "ayacucho",
        "carlos-tenaud",
        "rio-de-janeiro",
        "aramburu",
        "la-habana",
        "juan-de-arona",
        "olavide",
        "domingo-casanova",
        "tomas-guido",
        "manuel-candamo",
        "manuel-segura",
        "enrique-villar",
        "emilio-fernandez",
        "ramon-dagnio",
        "saco-oliveros",
        "espana",
        "bolivia",
        "quilca",
        "emancipacion",
        "callao",
        "pizarro",
        "chira",
        "guardia-republicana",
        "alcazar",
        "las-calezas",
        "f-arancibia",
        "amancaes",
        "alcazar"
      ]
    },
    {
      "id": "303",
      "kind": "expreso",
      "name": "Corredor Azul 303 → Dos de Mayo",
      "north_south": [
        "lima",
        "paradero-comisaria",
        "la-losa",
        "paradero-tunel",
        "pizarro",
        "huancavelica",
        "nicolas-de-pierola",
        "villaran",
        "espana",
        "tarma",
        "natalio-sanchez",
        "cuba",
        "manuel-segura",
        "risso",
        "soledad",
        "manuel-banon",
        "raymundo-morales",
        "angamos",
        "dos-de-mayo"
      ],
      "south_north": [
        "angamos",
        "aramburu",
        "olavide",
        "domingo-casanova",
        "bernardo-alcedo",
        "manuel-segura",
        "emilio-fernandez",
        "saco-oliveros",
        "espana",
        "bolivia",
        "uruguay",
        "moquegua",
        "ica",
        "pizarro",
        "alcazar",
        "talara",
        "proceres"
      ]
    },
    {
      "id": "305",
      "kind": "expreso",
      "name": "Corredor Azul 305",
      "north_south": [
        "pardo"
      ]
    },
    {
      "id": "306",
      "kind": "expreso",
      "name": "Corredor Azul 306 -> Javier Prado",
      "north_south": [
        "flor-de-amancaes",
        "pasaje-17",
        "cerezos",
        "claveles",
        "24-de-junio",
        "eduardo-dibos",
        "carlos-valderrama",
        "calle-2",
        "la-colonia",
        "madrid",
        "leoncio-prado",
        "viru",
        "huancavelica",
        "nicolas-de-pierola",
        "villaran",
        "espana",
        "huancayo",
        "natalio-sanchez",
        "cuba",
        "manuel-segura",
        "manuel-candamo",
        "tomas-guido",
        "2-de-mayo",
        "javier-prado"
      ],
      "south_north": [
        "olavide",
        "domingo-casanova",
        "tomas-guido",
        "bernardo-alcedo",
        "manuel-candamo",
        "manuel-segura",
        "emilio-fernandez",
        "saco-oliveros",
        "espana",
        "bolivia",
        "uruguay",
        "moquegua",
        "ica",
        "pizarro",
        "alcazar",
        "las-calezas",
        "f-arancibia",
        "calle-3",
        "el-sol",
        "24-de-junio",
        "claveles",
        "cerezos",
        "pasaje-17",
        "monaco"
      ]
    },
    {
      "id": "404",
      "kind": "expreso",
      "name": "Corredor Morado 404 → La Capilla",
      "north_south": [
        "la-capilla",
        "montenegro",
        "motupe",
        "8-de-mariscal",
        "mariategui",
        "la-cinco",
        "la-cuatro",
        "bayovar",
        "la-quince",
        "santa-rosa",
        "san-martin",
        "la-ocho",
        "sedapal",
        "san-carlos",
        "basadre",
        "los-postes",
        "la-hacienda",
        "celima",
        "piramide-del-sol",
        "tupac-amaru",
        "lima",
        "consejo",
        "mercado-de-flores",
        "acho",
        "ancash",
        "ucayali",
        "cusco",
        "nicolas-de-pierola",
        "grau",
        "cotabambas",
        "garcilazo",
        "plaza-bolognesi",
        "don-bosco",
        "hospital-del-nino",
        "la-nueve",
        "la-doce-mercado",
        "bolivar",
        "la-dieciocho",
        "ovalo",
        "colegio",
        "hospital-pnp",
        "javier-prado",
        "venus",
        "la-virgen",
        "la-capilla",
        "montenegro",
        "motupe",
        "8-de-mariscal",
        "mariategui",
        "la-cinco",
        "la-cuatro",
        "la-quince",
        "santa-rosa",
        "san-martin",
        "la-ocho",
        "sedapal",
        "san-carlos",
        "basadre",
        "los-postes",
        "la-hacienda",
        "celima",
        "piramide-del-sol",
        "tupac-amaru",
        "lima",
        "consejo",
        "mercado-de-flores",
        "acho",
        "ancash",
        "ucayali",
        "cusco",
        "nicolas-de-pierola",
        "grau",
        "cotabambas",
        "garcilazo",
        "plaza-bolognesi",
        "don-bosco",
        "hospital-del-nino",
        "la-nueve",
        "la-doce-mercado",
        "bolivar",
        "la-dieciocho",
        "ovalo",
        "colegio",
        "hostipal-pnp",
        "javier-prado",
        "venus",
        "la-virgen",
        "bayovar"
      ],
      "south_north": [
        "venus",
        "javier-prado",
        "hospital-pnp",
        "colegio",
        "ovalo",
        "la-dieciocho",
        "bolivar",
        "la-doce-mercado",
        "la-nueve",
        "hospital-del-nino",
        "plaza-bolognesi",
        "chota",
        "garcilazo",
        "jose-galvez",
        "montevideo",
        "nicolas-de-pierola",
        "cusco",
        "ucayali",
        "junin",
        "acho",
        "mercado-de-flores",
        "consejo",
        "tupac-amaru",
        "piramide-del-sol",
        "ascarruz",
        "celima",
        "la-hacienda",
        "los-postes",
        "basadre",
        "san-carlos",
        "sedapal",
        "la-ocho",
        "san-martin",
        "santa-rosa",
        "la-quince",
        "bayovar",
        "la-cuatro",
        "la-cinco",
        "mariategui",
        "8-de-mariscal",
        "motupe",
        "montenegro",
        "la-capilla",
        "venus",
        "javier-prado",
        "hospital-pnp",
        "colegio",
        "ovalo",
        "la-dieciocho",
        "bolivar",
        "la-doce-mercado",
        "hospital-del-nino",
        "plaza-bolognesi",
        "la-nueve",
        "chota",
        "garcilazo",
        "jose-galvez",
        "montevideo",
        "nicolas-de-pierola",
        "cusco",
        "ucayali",
        "junin",
        "acho",
        "mercado-de-flores",
        "consejo",
        "tupac-amaru",
        "piramide-del-sol",
        "ascarruz",
        "celima",
        "la-hacienda",
        "los-postes",
        "basadre",
        "san-carlos",
        "sedapal",
        "la-ocho",
        "san-martin",
        "santa-rosa",
        "la-quince",
        "bayovar",
        "la-cuatro",
        "la-cinco",
        "mariategui",
        "8-de-mariscal",
        "motupe",
        "montenegro",
        "la-capilla"
      ]
    },
    {
      "id": "405",
      "kind": "expreso",
      "name": "Corredor Morado 405 → Javier Prado",
      "north_south": [
        "la-capilla",
        "montenegro",
        "motupe",
        "8-de-mariscal",
        "mariategui",
        "la-cinco",
        "la-cuatro",
        "bayovar",
        "la-quince",
        "santa-rosa",
        "san-martin",
        "la-ocho",
        "sedapal",
        "san-carlos",
        "basadre",
        "los-postes",
        "la-hacienda",
        "celima",
        "piramide-del-sol",
        "tupac-amaru",
        "lima",
        "consejo",
        "mercado-de-flores",
        "acho",
        "ancash",
        "ucayali",
        "cusco",
        "nicolas-de-pierola",
        "grau",
        "28-de-julio",
        "unanue",
        "isabel-la-catolica",
        "mexico",
        "pardo-de-zela",
        "tomas-guido",
        "javier-prado",
        "bayovar"
      ],
      "south_north": [
        "torre-ugarte",
        "risso",
        "manuel-candamo",
        "manuel-segura",
        "estacion-mexico",
        "mexico",
        "isabel-la-catolica",
        "unanue",
        "bausate-y-meza",
        "grau",
        "nicolas-de-pierola",
        "cusco",
        "ucayali",
        "junin",
        "acho",
        "mercado-de-flores",
        "consejo",
        "tupac-amaru",
        "piramide-del-sol",
        "celima",
        "la-hacienda",
        "los-postes",
        "basadre",
        "san-carlos",
        "sedapal",
        "la-ocho",
        "san-martin",
        "santa-rosa",
        "la-quince",
        "bayovar",
        "la-cuatro",
        "la-cinco",
        "mariategui",
        "8-de-mariscal",
        "motupe",
        "montenegro",
        "la-capilla"
      ]
    },
    {
      "id": "409",
      "kind": "expreso",
      "name": "Corredor Morado 409",
      "north_south": [
        "la-capilla",
        "montenegro",
        "motupe",
        "8-de-mariscal",
        "mariategui",
        "la-cinco",
        "la-cuatro",
        "lubricantes",
        "farmacia-leo",
        "catorce-jose-carlos-mariategui",
        "16-canto-grande",
        "13-canto-grande",
        "12-canto-grande",
        "10-canto-grande",
        "8-canto-grande",
        "5-canto-grande",
        "2-canto-grande",
        "comisaria",
        "21-las-flores",
        "19-las-flores",
        "18-las-flores",
        "15-las-flores",
        "12-las-flores",
        "10-las-flores",
        "7-las-flores",
        "4-las-flores",
        "2-las-flores",
        "1-las-flores",
        "curva",
        "consejo",
        "mercado-de-flores",
        "acho",
        "ancash",
        "ucayali",
        "cusco",
        "nicolas-de-pierola",
        "grau",
        "28-de-julio",
        "unanue",
        "isabel-la-catolica",
        "mexico",
        "pardo-de-zela",
        "tomas-guido",
        "javier-prado",
        "canaval-y-moreyra",
        "javier-prado",
        "pardo-de-zela",
        "estacion-mexico",
        "mexico",
        "isabel-la-catolica",
        "unanue",
        "bausate-y-meza",
        "grau",
        "nicolas-de-pierola",
        "cusco",
        "ucayali",
        "junin",
        "acho",
        "mercado-de-flores",
        "consejo",
        "lima",
        "1-las-flores",
        "2-las-flores",
        "4-las-flores",
        "7-las-flores",
        "9-las-flores",
        "12-las-flores",
        "15-las-flores",
        "17-las-flores",
        "18-las-flores",
        "19-las-flores",
        "21-las-flores",
        "22-las-flores",
        "2-canto-grande",
        "5-canto-grande",
        "8-canto-grande",
        "10-canto-grande",
        "12-canto-grande",
        "16-canto-grande",
        "catorce-jose-carlos-mariategui",
        "farmacia-leo",
        "lubricantes",
        "la-cuatro",
        "la-cinco",
        "mariategui",
        "8-de-mariscal",
        "motupe",
        "montenegro",
        "la-capilla",
        "lima",
        "la-capilla"
      ]
    },
    {
      "id": "412",
      "kind": "expreso",
      "name": "Corredor Morado 412",
      "north_south": [
        "la-capilla",
        "montenegro",
        "motupe",
        "8-de-mariscal",
        "mariategui",
        "la-cinco",
        "la-cuatro",
        "bayovar",
        "la-quince",
        "santa-rosa",
        "san-martin",
        "la-ocho",
        "canto-rey",
        "san-carlos",
        "basadre",
        "los-postes",
        "la-doce",
        "la-hacienda",
        "celima",
        "piramide-del-sol",
        "tupac-amaru",
        "lima",
        "paradero-comisaria",
        "la-losa",
        "paradero-tunel",
        "leoncio-prado",
        "pizarro",
        "ica",
        "pizarro",
        "alcazar",
        "moquegua",
        "proceres",
        "tupac-amaru",
        "piramide-del-sol",
        "la-hacienda",
        "la-doce",
        "los-postes",
        "basadre",
        "san-carlos",
        "canto-rey",
        "la-ocho",
        "san-martin",
        "santa-rosa",
        "la-quince",
        "bayovar",
        "la-cuatro",
        "la-cinco",
        "mariategui",
        "8-de-mariscal",
        "motupe",
        "montenegro",
        "la-capilla",
        "tupac-amaru",
        "bayovar"
      ]
    },
    {
      "id": "SE-02",
      "kind": "expreso",
      "name": "Corredor Morado SE-02 → Acho",
      "north_south": [
        "la-capilla",
        "montenegro",
        "motupe",
        "8-de-mariscal",
        "mariategui",
        "la-cinco",
        "la-cuatro",
        "seoane",
        "bayovar",
        "la-quince",
        "santa-rosa",
        "san-martin",
        "la-ocho",
        "canto-rey",
        "sedapal",
        "san-carlos",
        "basadre",
        "los-postes",
        "la-doce",
        "la-hacienda",
        "celima",
        "piramide-del-sol",
        "tupac-amaru",
        "lima",
        "consejo",
        "mercado-de-flores",
        "acho"
      ],
      "south_north": [
        "acho",
        "mercado-de-flores",
        "consejo",
        "tupac-amaru",
        "piramide-del-sol",
        "ascarruz",
        "celima",
        "la-hacienda",
        "la-doce",
        "los-postes",
        "basadre",
        "san-carlos",
        "sedapal",
        "canto-rey",
        "la-ocho",
        "san-martin",
        "santa-rosa",
        "la-quince",
        "bayovar",
        "seoane",
        "la-cuatro",
        "la-cinco",
        "mariategui",
        "8-de-mariscal",
        "motupe",
        "montenegro",
        "la-capilla"
      ]
    },
    {
      "id": "201",
      "kind": "expreso",
      "name": "Corredor Rojo 201 -> Ceres",
      "north_south": [
        "la-marina",
        "honda",
        "escardo",
        "parque-de-las-leyendas",
        "universitaria",
        "bartolome-herrera",
        "sucre",
        "hospital-militar",
        "gregorio-escobedo",
        "salaverry",
        "javier-prado",
        "las-flores",
        "los-cedros",
        "los-sauces",
        "arenales",
        "petit-thouars",
        "parodi",
        "masias",
        "nicolas-arriola",
        "guardia-civil",
        "aviacion",
        "san-luis",
        "rosa-toro",
        "circunvalacion",
        "jockey",
        "u-de-lima",
        "camacho",
        "los-frutales",
        "la-molina",
        "ingenieros",
        "flora-tristan",
        "huarochiri",
        "paris",
        "vista-alegre",
        "holanda",
        "berlin",
        "ceres"
      ]
    },
    {
      "id": "204",
      "kind": "expreso",
      "name": "Corredor Rojo 204 -> Contisuyo",
      "north_south": [
        "honda",
        "escardo",
        "universitaria",
        "sucre",
        "salaverry",
        "las-flores",
        "arenales",
        "masias",
        "aviacion",
        "san-luis",
        "circunvalacion",
        "jockey",
        "u-de-lima",
        "ingenieros",
        "flora-tristan",
        "asuncion",
        "aruba",
        "molicentro",
        "parque",
        "laguna-grande",
        "rinconada-del-lago",
        "el-sol",
        "miami",
        "la-punta",
        "naplo",
        "madreselva",
        "sauces",
        "las-dunas",
        "victor-malasquez"
      ],
      "south_north": [
        "victor-malasquez",
        "las-dunas",
        "sauces",
        "madreselva",
        "naplo",
        "la-punta",
        "monaco",
        "el-sol",
        "rinconada-del-lago",
        "laguna-grande",
        "a-quesada",
        "molicentro",
        "centenario",
        "huarochiri",
        "flora-tristan",
        "ingenieros",
        "la-molina",
        "la-floresta",
        "evitamiento",
        "circunvalacion",
        "san-luis",
        "aviacion",
        "quinones",
        "masias",
        "arenales",
        "los-nogales",
        "salaverry",
        "sucre",
        "universitaria",
        "escardo",
        "contisuyo"
      ]
    },
    {
      "id": "206",
      "kind": "expreso",
      "name": "Corredor Rojo 206 -> Río Amarillo",
      "north_south": [
        "san-marcos",
        "la-catolica",
        "catolica",
        "la-mar",
        "universitaria",
        "bartolome-herrera",
        "sucre",
        "hospital-militar",
        "gregorio-escobedo",
        "salaverry",
        "javier-prado",
        "las-flores",
        "los-cedros",
        "las-palmeras",
        "arenales",
        "parodi",
        "masias",
        "nicolas-arriola",
        "aviacion",
        "san-luis",
        "circunvalacion",
        "jockey",
        "u-de-lima",
        "la-molina",
        "ministerio-de-agricultura",
        "escuela-pnp",
        "los-sauces",
        "secoyas",
        "cordilllera-blanca",
        "cordillera-blanca",
        "derecho",
        "paseo-de-agua",
        "castilla",
        "chan-chan",
        "rio-amarillo"
      ]
    },
    {
      "id": "101",
      "kind": "expreso",
      "name": "Corredor Amarillo 101 -> Huandoy",
      "north_south": [
        "canta-callao",
        "huandoy",
        "naranjal",
        "los-alisos",
        "izaguirre",
        "antunez-de-mayolo",
        "santos-chocano",
        "panamericana",
        "mega-plaza",
        "senati",
        "parada-plaza-norte",
        "palao",
        "habich",
        "control",
        "puente-nuevo",
        "atarjea",
        "perales",
        "puente-azul",
        "puente-santa-anita",
        "puente-santa-rosa",
        "javier-prado",
        "hipodromo",
        "pentagonito",
        "primavera",
        "benavides",
        "tinoco",
        "atocongo",
        "amauta",
        "alipio-ponce",
        "paradero-america",
        "america",
        "modelo",
        "primero-de-mayo",
        "el-sol",
        "arriba-peru",
        "velasco-alvarado",
        "jorge-chavez",
        "cesar-vallejo",
        "3-de-octubre",
        "carlos-mariategui",
        "talara",
        "200-millas",
        "parque-zonal"
      ],
      "south_north": [
        "200-millas",
        "jose-olaya",
        "carlos-mariategui",
        "3-de-octubre",
        "cesar-vallejo",
        "jorge-chavez",
        "velasco-alvarado",
        "arriba-peru",
        "el-sol",
        "primero-de-mayo",
        "modelo",
        "paradero-america",
        "america",
        "alipio-ponce",
        "amauta",
        "proceres",
        "atocongo",
        "tinoco",
        "benavides",
        "primavera",
        "pentagonito",
        "hipodromo",
        "javier-prado",
        "puente-santa-rosa",
        "puente-santa-anita",
        "puente-azul",
        "perales",
        "atarjea",
        "puente-nuevo",
        "control",
        "habich",
        "cayetano"
      ]
    }
  ]
}